Copyright 1986-2021 Xilinx, Inc. All Rights Reserved.
--------------------------------------------------------------------------------------------------------------------------------------------------------------------------------------------------------
| Tool Version : Vivado v.2021.1 (win64) Build 3247384 Thu Jun 10 19:36:33 MDT 2021
| Date         : Fri Mar 21 14:32:37 2025
| Host         : MinsungKim running 64-bit major release  (build 9200)
| Command      : report_timing_summary -max_paths 10 -file top_counter_timing_summary_routed.rpt -pb top_counter_timing_summary_routed.pb -rpx top_counter_timing_summary_routed.rpx -warn_on_violation
| Design       : top_counter
| Device       : 7s50-csga324
| Speed File   : -1  PRODUCTION 1.23 2018-06-13
--------------------------------------------------------------------------------------------------------------------------------------------------------------------------------------------------------

Timing Summary Report

------------------------------------------------------------------------------------------------
| Timer Settings
| --------------
------------------------------------------------------------------------------------------------

  Enable Multi Corner Analysis               :  Yes
  Enable Pessimism Removal                   :  Yes
  Pessimism Removal Resolution               :  Nearest Common Node
  Enable Input Delay Default Clock           :  No
  Enable Preset / Clear Arcs                 :  No
  Disable Flight Delays                      :  No
  Ignore I/O Paths                           :  No
  Timing Early Launch at Borrowing Latches   :  No
  Borrow Time for Max Delay Exceptions       :  Yes
  Merge Timing Exceptions                    :  Yes

  Corner  Analyze    Analyze    
  Name    Max Paths  Min Paths  
  ------  ---------  ---------  
  Slow    Yes        Yes        
  Fast    Yes        Yes        


------------------------------------------------------------------------------------------------
| Report Methodology
| ------------------
------------------------------------------------------------------------------------------------

Rule       Severity  Description                    Violations  
---------  --------  -----------------------------  ----------  
TIMING-18  Warning   Missing input or output delay  11          

Note: This report is based on the most recent report_methodology run and may not be up-to-date. Run report_methodology on the current design for the latest report.



check_timing report

Table of Contents
-----------------
1. checking no_clock (0)
2. checking constant_clock (0)
3. checking pulse_width_clock (0)
4. checking unconstrained_internal_endpoints (0)
5. checking no_input_delay (3)
6. checking no_output_delay (8)
7. checking multiple_clock (0)
8. checking generated_clocks (0)
9. checking loops (0)
10. checking partial_input_delay (0)
11. checking partial_output_delay (0)
12. checking latch_loops (0)

1. checking no_clock (0)
------------------------
 There are 0 register/latch pins with no clock.


2. checking constant_clock (0)
------------------------------
 There are 0 register/latch pins with constant_clock.


3. checking pulse_width_clock (0)
---------------------------------
 There are 0 register/latch pins which need pulse_width check


4. checking unconstrained_internal_endpoints (0)
------------------------------------------------
 There are 0 pins that are not constrained for maximum delay.

 There are 0 pins that are not constrained for maximum delay due to constant clock.


5. checking no_input_delay (3)
------------------------------
 There are 3 input ports with no input delay specified. (HIGH)

 There are 0 input ports with no input delay but user has a false path constraint.


6. checking no_output_delay (8)
-------------------------------
 There are 8 ports with no output delay specified. (HIGH)

 There are 0 ports with no output delay but user has a false path constraint

 There are 0 ports with no output delay but with a timing clock defined on it or propagating through it


7. checking multiple_clock (0)
------------------------------
 There are 0 register/latch pins with multiple clocks.


8. checking generated_clocks (0)
--------------------------------
 There are 0 generated clocks that are not connected to a clock source.


9. checking loops (0)
---------------------
 There are 0 combinational loops in the design.


10. checking partial_input_delay (0)
------------------------------------
 There are 0 input ports with partial input delay specified.


11. checking partial_output_delay (0)
-------------------------------------
 There are 0 ports with partial output delay specified.


12. checking latch_loops (0)
----------------------------
 There are 0 combinational latch loops in the design through latch input



------------------------------------------------------------------------------------------------
| Design Timing Summary
| ---------------------
------------------------------------------------------------------------------------------------

    WNS(ns)      TNS(ns)  TNS Failing Endpoints  TNS Total Endpoints      WHS(ns)      THS(ns)  THS Failing Endpoints  THS Total Endpoints     WPWS(ns)     TPWS(ns)  TPWS Failing Endpoints  TPWS Total Endpoints  
    -------      -------  ---------------------  -------------------      -------      -------  ---------------------  -------------------     --------     --------  ----------------------  --------------------  
      5.688        0.000                      0                   31        0.144        0.000                      0                   31        4.500        0.000                       0                    30  


All user specified timing constraints are met.


------------------------------------------------------------------------------------------------
| Clock Summary
| -------------
------------------------------------------------------------------------------------------------

Clock        Waveform(ns)       Period(ns)      Frequency(MHz)
-----        ------------       ----------      --------------
sys_clk_pin  {0.000 5.000}      10.000          100.000         


------------------------------------------------------------------------------------------------
| Intra Clock Table
| -----------------
------------------------------------------------------------------------------------------------

Clock             WNS(ns)      TNS(ns)  TNS Failing Endpoints  TNS Total Endpoints      WHS(ns)      THS(ns)  THS Failing Endpoints  THS Total Endpoints     WPWS(ns)     TPWS(ns)  TPWS Failing Endpoints  TPWS Total Endpoints  
-----             -------      -------  ---------------------  -------------------      -------      -------  ---------------------  -------------------     --------     --------  ----------------------  --------------------  
sys_clk_pin         5.688        0.000                      0                   31        0.144        0.000                      0                   31        4.500        0.000                       0                    30  


------------------------------------------------------------------------------------------------
| Inter Clock Table
| -----------------
------------------------------------------------------------------------------------------------

From Clock    To Clock          WNS(ns)      TNS(ns)  TNS Failing Endpoints  TNS Total Endpoints      WHS(ns)      THS(ns)  THS Failing Endpoints  THS Total Endpoints  
----------    --------          -------      -------  ---------------------  -------------------      -------      -------  ---------------------  -------------------  


------------------------------------------------------------------------------------------------
| Other Path Groups Table
| -----------------------
------------------------------------------------------------------------------------------------

Path Group    From Clock    To Clock          WNS(ns)      TNS(ns)  TNS Failing Endpoints  TNS Total Endpoints      WHS(ns)      THS(ns)  THS Failing Endpoints  THS Total Endpoints  
----------    ----------    --------          -------      -------  ---------------------  -------------------      -------      -------  ---------------------  -------------------  


------------------------------------------------------------------------------------------------
| Timing Details
| --------------
------------------------------------------------------------------------------------------------


---------------------------------------------------------------------------------------------------
From Clock:  sys_clk_pin
  To Clock:  sys_clk_pin

Setup :            0  Failing Endpoints,  Worst Slack        5.688ns,  Total Violation        0.000ns
Hold  :            0  Failing Endpoints,  Worst Slack        0.144ns,  Total Violation        0.000ns
PW    :            0  Failing Endpoints,  Worst Slack        4.500ns,  Total Violation        0.000ns
---------------------------------------------------------------------------------------------------


Max Delay Paths
--------------------------------------------------------------------------------------
Slack (MET) :             5.688ns  (required time - arrival time)
  Source:                 clk_gen/counter_50hz_reg[19]/C
                            (rising edge-triggered cell FDCE clocked by sys_clk_pin  {rise@0.000ns fall@5.000ns period=10.000ns})
  Destination:            clk_gen/counter_50hz_reg[17]/D
                            (rising edge-triggered cell FDCE clocked by sys_clk_pin  {rise@0.000ns fall@5.000ns period=10.000ns})
  Path Group:             sys_clk_pin
  Path Type:              Setup (Max at Slow Process Corner)
  Requirement:            10.000ns  (sys_clk_pin rise@10.000ns - sys_clk_pin rise@0.000ns)
  Data Path Delay:        4.338ns  (logic 1.912ns (44.074%)  route 2.426ns (55.926%))
  Logic Levels:           7  (CARRY4=5 LUT4=1 LUT5=1)
  Clock Path Skew:        0.000ns (DCD - SCD + CPR)
    Destination Clock Delay (DCD):    4.286ns = ( 14.286 - 10.000 ) 
    Source Clock Delay      (SCD):    4.554ns
    Clock Pessimism Removal (CPR):    0.269ns
  Clock Uncertainty:      0.035ns  ((TSJ^2 + TIJ^2)^1/2 + DJ) / 2 + PE
    Total System Jitter     (TSJ):    0.071ns
    Total Input Jitter      (TIJ):    0.000ns
    Discrete Jitter          (DJ):    0.000ns
    Phase Error              (PE):    0.000ns

    Location             Delay type                Incr(ns)  Path(ns)    Netlist Resource(s)
  -------------------------------------------------------------------    -------------------
                         (clock sys_clk_pin rise edge)
                                                      0.000     0.000 r  
    R2                                                0.000     0.000 r  clk (IN)
                         net (fo=0)                   0.000     0.000    clk
    R2                   IBUF (Prop_ibuf_I_O)         0.854     0.854 r  clk_IBUF_inst/O
                         net (fo=1, routed)           1.967     2.821    clk_IBUF
    BUFGCTRL_X0Y0        BUFG (Prop_bufg_I_O)         0.096     2.917 r  clk_IBUF_BUFG_inst/O
                         net (fo=29, routed)          1.637     4.554    clk_gen/clk_IBUF_BUFG
    SLICE_X3Y7           FDCE                                         r  clk_gen/counter_50hz_reg[19]/C
  -------------------------------------------------------------------    -------------------
    SLICE_X3Y7           FDCE (Prop_fdce_C_Q)         0.456     5.010 f  clk_gen/counter_50hz_reg[19]/Q
                         net (fo=3, routed)           0.703     5.714    clk_gen/counter_50hz_reg[19]
    SLICE_X2Y7           LUT4 (Prop_lut4_I0_O)        0.124     5.838 r  clk_gen/clk_50hz_i_3/O
                         net (fo=21, routed)          1.723     7.560    clk_gen/clk_50hz_i_3_n_0
    SLICE_X3Y3           LUT5 (Prop_lut5_I1_O)        0.124     7.684 r  clk_gen/counter_50hz[0]_i_6/O
                         net (fo=1, routed)           0.000     7.684    clk_gen/counter_50hz[0]_i_6_n_0
    SLICE_X3Y3           CARRY4 (Prop_carry4_S[0]_CO[3])
                                                      0.532     8.216 r  clk_gen/counter_50hz_reg[0]_i_1/CO[3]
                         net (fo=1, routed)           0.000     8.216    clk_gen/counter_50hz_reg[0]_i_1_n_0
    SLICE_X3Y4           CARRY4 (Prop_carry4_CI_CO[3])
                                                      0.114     8.330 r  clk_gen/counter_50hz_reg[4]_i_1/CO[3]
                         net (fo=1, routed)           0.000     8.330    clk_gen/counter_50hz_reg[4]_i_1_n_0
    SLICE_X3Y5           CARRY4 (Prop_carry4_CI_CO[3])
                                                      0.114     8.444 r  clk_gen/counter_50hz_reg[8]_i_1/CO[3]
                         net (fo=1, routed)           0.000     8.444    clk_gen/counter_50hz_reg[8]_i_1_n_0
    SLICE_X3Y6           CARRY4 (Prop_carry4_CI_CO[3])
                                                      0.114     8.558 r  clk_gen/counter_50hz_reg[12]_i_1/CO[3]
                         net (fo=1, routed)           0.000     8.558    clk_gen/counter_50hz_reg[12]_i_1_n_0
    SLICE_X3Y7           CARRY4 (Prop_carry4_CI_O[1])
                                                      0.334     8.892 r  clk_gen/counter_50hz_reg[16]_i_1/O[1]
                         net (fo=1, routed)           0.000     8.892    clk_gen/counter_50hz_reg[16]_i_1_n_6
    SLICE_X3Y7           FDCE                                         r  clk_gen/counter_50hz_reg[17]/D
  -------------------------------------------------------------------    -------------------

                         (clock sys_clk_pin rise edge)
                                                     10.000    10.000 r  
    R2                                                0.000    10.000 r  clk (IN)
                         net (fo=0)                   0.000    10.000    clk
    R2                   IBUF (Prop_ibuf_I_O)         0.814    10.814 r  clk_IBUF_inst/O
                         net (fo=1, routed)           1.862    12.676    clk_IBUF
    BUFGCTRL_X0Y0        BUFG (Prop_bufg_I_O)         0.091    12.767 r  clk_IBUF_BUFG_inst/O
                         net (fo=29, routed)          1.518    14.286    clk_gen/clk_IBUF_BUFG
    SLICE_X3Y7           FDCE                                         r  clk_gen/counter_50hz_reg[17]/C
                         clock pessimism              0.269    14.554    
                         clock uncertainty           -0.035    14.519    
    SLICE_X3Y7           FDCE (Setup_fdce_C_D)        0.062    14.581    clk_gen/counter_50hz_reg[17]
  -------------------------------------------------------------------
                         required time                         14.581    
                         arrival time                          -8.892    
  -------------------------------------------------------------------
                         slack                                  5.688    

Slack (MET) :             5.709ns  (required time - arrival time)
  Source:                 clk_gen/counter_50hz_reg[19]/C
                            (rising edge-triggered cell FDCE clocked by sys_clk_pin  {rise@0.000ns fall@5.000ns period=10.000ns})
  Destination:            clk_gen/counter_50hz_reg[19]/D
                            (rising edge-triggered cell FDCE clocked by sys_clk_pin  {rise@0.000ns fall@5.000ns period=10.000ns})
  Path Group:             sys_clk_pin
  Path Type:              Setup (Max at Slow Process Corner)
  Requirement:            10.000ns  (sys_clk_pin rise@10.000ns - sys_clk_pin rise@0.000ns)
  Data Path Delay:        4.317ns  (logic 1.891ns (43.802%)  route 2.426ns (56.198%))
  Logic Levels:           7  (CARRY4=5 LUT4=1 LUT5=1)
  Clock Path Skew:        0.000ns (DCD - SCD + CPR)
    Destination Clock Delay (DCD):    4.286ns = ( 14.286 - 10.000 ) 
    Source Clock Delay      (SCD):    4.554ns
    Clock Pessimism Removal (CPR):    0.269ns
  Clock Uncertainty:      0.035ns  ((TSJ^2 + TIJ^2)^1/2 + DJ) / 2 + PE
    Total System Jitter     (TSJ):    0.071ns
    Total Input Jitter      (TIJ):    0.000ns
    Discrete Jitter          (DJ):    0.000ns
    Phase Error              (PE):    0.000ns

    Location             Delay type                Incr(ns)  Path(ns)    Netlist Resource(s)
  -------------------------------------------------------------------    -------------------
                         (clock sys_clk_pin rise edge)
                                                      0.000     0.000 r  
    R2                                                0.000     0.000 r  clk (IN)
                         net (fo=0)                   0.000     0.000    clk
    R2                   IBUF (Prop_ibuf_I_O)         0.854     0.854 r  clk_IBUF_inst/O
                         net (fo=1, routed)           1.967     2.821    clk_IBUF
    BUFGCTRL_X0Y0        BUFG (Prop_bufg_I_O)         0.096     2.917 r  clk_IBUF_BUFG_inst/O
                         net (fo=29, routed)          1.637     4.554    clk_gen/clk_IBUF_BUFG
    SLICE_X3Y7           FDCE                                         r  clk_gen/counter_50hz_reg[19]/C
  -------------------------------------------------------------------    -------------------
    SLICE_X3Y7           FDCE (Prop_fdce_C_Q)         0.456     5.010 f  clk_gen/counter_50hz_reg[19]/Q
                         net (fo=3, routed)           0.703     5.714    clk_gen/counter_50hz_reg[19]
    SLICE_X2Y7           LUT4 (Prop_lut4_I0_O)        0.124     5.838 r  clk_gen/clk_50hz_i_3/O
                         net (fo=21, routed)          1.723     7.560    clk_gen/clk_50hz_i_3_n_0
    SLICE_X3Y3           LUT5 (Prop_lut5_I1_O)        0.124     7.684 r  clk_gen/counter_50hz[0]_i_6/O
                         net (fo=1, routed)           0.000     7.684    clk_gen/counter_50hz[0]_i_6_n_0
    SLICE_X3Y3           CARRY4 (Prop_carry4_S[0]_CO[3])
                                                      0.532     8.216 r  clk_gen/counter_50hz_reg[0]_i_1/CO[3]
                         net (fo=1, routed)           0.000     8.216    clk_gen/counter_50hz_reg[0]_i_1_n_0
    SLICE_X3Y4           CARRY4 (Prop_carry4_CI_CO[3])
                                                      0.114     8.330 r  clk_gen/counter_50hz_reg[4]_i_1/CO[3]
                         net (fo=1, routed)           0.000     8.330    clk_gen/counter_50hz_reg[4]_i_1_n_0
    SLICE_X3Y5           CARRY4 (Prop_carry4_CI_CO[3])
                                                      0.114     8.444 r  clk_gen/counter_50hz_reg[8]_i_1/CO[3]
                         net (fo=1, routed)           0.000     8.444    clk_gen/counter_50hz_reg[8]_i_1_n_0
    SLICE_X3Y6           CARRY4 (Prop_carry4_CI_CO[3])
                                                      0.114     8.558 r  clk_gen/counter_50hz_reg[12]_i_1/CO[3]
                         net (fo=1, routed)           0.000     8.558    clk_gen/counter_50hz_reg[12]_i_1_n_0
    SLICE_X3Y7           CARRY4 (Prop_carry4_CI_O[3])
                                                      0.313     8.871 r  clk_gen/counter_50hz_reg[16]_i_1/O[3]
                         net (fo=1, routed)           0.000     8.871    clk_gen/counter_50hz_reg[16]_i_1_n_4
    SLICE_X3Y7           FDCE                                         r  clk_gen/counter_50hz_reg[19]/D
  -------------------------------------------------------------------    -------------------

                         (clock sys_clk_pin rise edge)
                                                     10.000    10.000 r  
    R2                                                0.000    10.000 r  clk (IN)
                         net (fo=0)                   0.000    10.000    clk
    R2                   IBUF (Prop_ibuf_I_O)         0.814    10.814 r  clk_IBUF_inst/O
                         net (fo=1, routed)           1.862    12.676    clk_IBUF
    BUFGCTRL_X0Y0        BUFG (Prop_bufg_I_O)         0.091    12.767 r  clk_IBUF_BUFG_inst/O
                         net (fo=29, routed)          1.518    14.286    clk_gen/clk_IBUF_BUFG
    SLICE_X3Y7           FDCE                                         r  clk_gen/counter_50hz_reg[19]/C
                         clock pessimism              0.269    14.554    
                         clock uncertainty           -0.035    14.519    
    SLICE_X3Y7           FDCE (Setup_fdce_C_D)        0.062    14.581    clk_gen/counter_50hz_reg[19]
  -------------------------------------------------------------------
                         required time                         14.581    
                         arrival time                          -8.871    
  -------------------------------------------------------------------
                         slack                                  5.709    

Slack (MET) :             5.778ns  (required time - arrival time)
  Source:                 clk_gen/counter_50hz_reg[19]/C
                            (rising edge-triggered cell FDCE clocked by sys_clk_pin  {rise@0.000ns fall@5.000ns period=10.000ns})
  Destination:            clk_gen/counter_50hz_reg[13]/D
                            (rising edge-triggered cell FDCE clocked by sys_clk_pin  {rise@0.000ns fall@5.000ns period=10.000ns})
  Path Group:             sys_clk_pin
  Path Type:              Setup (Max at Slow Process Corner)
  Requirement:            10.000ns  (sys_clk_pin rise@10.000ns - sys_clk_pin rise@0.000ns)
  Data Path Delay:        4.224ns  (logic 1.798ns (42.564%)  route 2.426ns (57.436%))
  Logic Levels:           6  (CARRY4=4 LUT4=1 LUT5=1)
  Clock Path Skew:        -0.024ns (DCD - SCD + CPR)
    Destination Clock Delay (DCD):    4.287ns = ( 14.287 - 10.000 ) 
    Source Clock Delay      (SCD):    4.554ns
    Clock Pessimism Removal (CPR):    0.244ns
  Clock Uncertainty:      0.035ns  ((TSJ^2 + TIJ^2)^1/2 + DJ) / 2 + PE
    Total System Jitter     (TSJ):    0.071ns
    Total Input Jitter      (TIJ):    0.000ns
    Discrete Jitter          (DJ):    0.000ns
    Phase Error              (PE):    0.000ns

    Location             Delay type                Incr(ns)  Path(ns)    Netlist Resource(s)
  -------------------------------------------------------------------    -------------------
                         (clock sys_clk_pin rise edge)
                                                      0.000     0.000 r  
    R2                                                0.000     0.000 r  clk (IN)
                         net (fo=0)                   0.000     0.000    clk
    R2                   IBUF (Prop_ibuf_I_O)         0.854     0.854 r  clk_IBUF_inst/O
                         net (fo=1, routed)           1.967     2.821    clk_IBUF
    BUFGCTRL_X0Y0        BUFG (Prop_bufg_I_O)         0.096     2.917 r  clk_IBUF_BUFG_inst/O
                         net (fo=29, routed)          1.637     4.554    clk_gen/clk_IBUF_BUFG
    SLICE_X3Y7           FDCE                                         r  clk_gen/counter_50hz_reg[19]/C
  -------------------------------------------------------------------    -------------------
    SLICE_X3Y7           FDCE (Prop_fdce_C_Q)         0.456     5.010 f  clk_gen/counter_50hz_reg[19]/Q
                         net (fo=3, routed)           0.703     5.714    clk_gen/counter_50hz_reg[19]
    SLICE_X2Y7           LUT4 (Prop_lut4_I0_O)        0.124     5.838 r  clk_gen/clk_50hz_i_3/O
                         net (fo=21, routed)          1.723     7.560    clk_gen/clk_50hz_i_3_n_0
    SLICE_X3Y3           LUT5 (Prop_lut5_I1_O)        0.124     7.684 r  clk_gen/counter_50hz[0]_i_6/O
                         net (fo=1, routed)           0.000     7.684    clk_gen/counter_50hz[0]_i_6_n_0
    SLICE_X3Y3           CARRY4 (Prop_carry4_S[0]_CO[3])
                                                      0.532     8.216 r  clk_gen/counter_50hz_reg[0]_i_1/CO[3]
                         net (fo=1, routed)           0.000     8.216    clk_gen/counter_50hz_reg[0]_i_1_n_0
    SLICE_X3Y4           CARRY4 (Prop_carry4_CI_CO[3])
                                                      0.114     8.330 r  clk_gen/counter_50hz_reg[4]_i_1/CO[3]
                         net (fo=1, routed)           0.000     8.330    clk_gen/counter_50hz_reg[4]_i_1_n_0
    SLICE_X3Y5           CARRY4 (Prop_carry4_CI_CO[3])
                                                      0.114     8.444 r  clk_gen/counter_50hz_reg[8]_i_1/CO[3]
                         net (fo=1, routed)           0.000     8.444    clk_gen/counter_50hz_reg[8]_i_1_n_0
    SLICE_X3Y6           CARRY4 (Prop_carry4_CI_O[1])
                                                      0.334     8.778 r  clk_gen/counter_50hz_reg[12]_i_1/O[1]
                         net (fo=1, routed)           0.000     8.778    clk_gen/counter_50hz_reg[12]_i_1_n_6
    SLICE_X3Y6           FDCE                                         r  clk_gen/counter_50hz_reg[13]/D
  -------------------------------------------------------------------    -------------------

                         (clock sys_clk_pin rise edge)
                                                     10.000    10.000 r  
    R2                                                0.000    10.000 r  clk (IN)
                         net (fo=0)                   0.000    10.000    clk
    R2                   IBUF (Prop_ibuf_I_O)         0.814    10.814 r  clk_IBUF_inst/O
                         net (fo=1, routed)           1.862    12.676    clk_IBUF
    BUFGCTRL_X0Y0        BUFG (Prop_bufg_I_O)         0.091    12.767 r  clk_IBUF_BUFG_inst/O
                         net (fo=29, routed)          1.519    14.287    clk_gen/clk_IBUF_BUFG
    SLICE_X3Y6           FDCE                                         r  clk_gen/counter_50hz_reg[13]/C
                         clock pessimism              0.244    14.530    
                         clock uncertainty           -0.035    14.495    
    SLICE_X3Y6           FDCE (Setup_fdce_C_D)        0.062    14.557    clk_gen/counter_50hz_reg[13]
  -------------------------------------------------------------------
                         required time                         14.557    
                         arrival time                          -8.778    
  -------------------------------------------------------------------
                         slack                                  5.778    

Slack (MET) :             5.783ns  (required time - arrival time)
  Source:                 clk_gen/counter_50hz_reg[19]/C
                            (rising edge-triggered cell FDCE clocked by sys_clk_pin  {rise@0.000ns fall@5.000ns period=10.000ns})
  Destination:            clk_gen/counter_50hz_reg[18]/D
                            (rising edge-triggered cell FDCE clocked by sys_clk_pin  {rise@0.000ns fall@5.000ns period=10.000ns})
  Path Group:             sys_clk_pin
  Path Type:              Setup (Max at Slow Process Corner)
  Requirement:            10.000ns  (sys_clk_pin rise@10.000ns - sys_clk_pin rise@0.000ns)
  Data Path Delay:        4.243ns  (logic 1.817ns (42.822%)  route 2.426ns (57.178%))
  Logic Levels:           7  (CARRY4=5 LUT4=1 LUT5=1)
  Clock Path Skew:        0.000ns (DCD - SCD + CPR)
    Destination Clock Delay (DCD):    4.286ns = ( 14.286 - 10.000 ) 
    Source Clock Delay      (SCD):    4.554ns
    Clock Pessimism Removal (CPR):    0.269ns
  Clock Uncertainty:      0.035ns  ((TSJ^2 + TIJ^2)^1/2 + DJ) / 2 + PE
    Total System Jitter     (TSJ):    0.071ns
    Total Input Jitter      (TIJ):    0.000ns
    Discrete Jitter          (DJ):    0.000ns
    Phase Error              (PE):    0.000ns

    Location             Delay type                Incr(ns)  Path(ns)    Netlist Resource(s)
  -------------------------------------------------------------------    -------------------
                         (clock sys_clk_pin rise edge)
                                                      0.000     0.000 r  
    R2                                                0.000     0.000 r  clk (IN)
                         net (fo=0)                   0.000     0.000    clk
    R2                   IBUF (Prop_ibuf_I_O)         0.854     0.854 r  clk_IBUF_inst/O
                         net (fo=1, routed)           1.967     2.821    clk_IBUF
    BUFGCTRL_X0Y0        BUFG (Prop_bufg_I_O)         0.096     2.917 r  clk_IBUF_BUFG_inst/O
                         net (fo=29, routed)          1.637     4.554    clk_gen/clk_IBUF_BUFG
    SLICE_X3Y7           FDCE                                         r  clk_gen/counter_50hz_reg[19]/C
  -------------------------------------------------------------------    -------------------
    SLICE_X3Y7           FDCE (Prop_fdce_C_Q)         0.456     5.010 f  clk_gen/counter_50hz_reg[19]/Q
                         net (fo=3, routed)           0.703     5.714    clk_gen/counter_50hz_reg[19]
    SLICE_X2Y7           LUT4 (Prop_lut4_I0_O)        0.124     5.838 r  clk_gen/clk_50hz_i_3/O
                         net (fo=21, routed)          1.723     7.560    clk_gen/clk_50hz_i_3_n_0
    SLICE_X3Y3           LUT5 (Prop_lut5_I1_O)        0.124     7.684 r  clk_gen/counter_50hz[0]_i_6/O
                         net (fo=1, routed)           0.000     7.684    clk_gen/counter_50hz[0]_i_6_n_0
    SLICE_X3Y3           CARRY4 (Prop_carry4_S[0]_CO[3])
                                                      0.532     8.216 r  clk_gen/counter_50hz_reg[0]_i_1/CO[3]
                         net (fo=1, routed)           0.000     8.216    clk_gen/counter_50hz_reg[0]_i_1_n_0
    SLICE_X3Y4           CARRY4 (Prop_carry4_CI_CO[3])
                                                      0.114     8.330 r  clk_gen/counter_50hz_reg[4]_i_1/CO[3]
                         net (fo=1, routed)           0.000     8.330    clk_gen/counter_50hz_reg[4]_i_1_n_0
    SLICE_X3Y5           CARRY4 (Prop_carry4_CI_CO[3])
                                                      0.114     8.444 r  clk_gen/counter_50hz_reg[8]_i_1/CO[3]
                         net (fo=1, routed)           0.000     8.444    clk_gen/counter_50hz_reg[8]_i_1_n_0
    SLICE_X3Y6           CARRY4 (Prop_carry4_CI_CO[3])
                                                      0.114     8.558 r  clk_gen/counter_50hz_reg[12]_i_1/CO[3]
                         net (fo=1, routed)           0.000     8.558    clk_gen/counter_50hz_reg[12]_i_1_n_0
    SLICE_X3Y7           CARRY4 (Prop_carry4_CI_O[2])
                                                      0.239     8.797 r  clk_gen/counter_50hz_reg[16]_i_1/O[2]
                         net (fo=1, routed)           0.000     8.797    clk_gen/counter_50hz_reg[16]_i_1_n_5
    SLICE_X3Y7           FDCE                                         r  clk_gen/counter_50hz_reg[18]/D
  -------------------------------------------------------------------    -------------------

                         (clock sys_clk_pin rise edge)
                                                     10.000    10.000 r  
    R2                                                0.000    10.000 r  clk (IN)
                         net (fo=0)                   0.000    10.000    clk
    R2                   IBUF (Prop_ibuf_I_O)         0.814    10.814 r  clk_IBUF_inst/O
                         net (fo=1, routed)           1.862    12.676    clk_IBUF
    BUFGCTRL_X0Y0        BUFG (Prop_bufg_I_O)         0.091    12.767 r  clk_IBUF_BUFG_inst/O
                         net (fo=29, routed)          1.518    14.286    clk_gen/clk_IBUF_BUFG
    SLICE_X3Y7           FDCE                                         r  clk_gen/counter_50hz_reg[18]/C
                         clock pessimism              0.269    14.554    
                         clock uncertainty           -0.035    14.519    
    SLICE_X3Y7           FDCE (Setup_fdce_C_D)        0.062    14.581    clk_gen/counter_50hz_reg[18]
  -------------------------------------------------------------------
                         required time                         14.581    
                         arrival time                          -8.797    
  -------------------------------------------------------------------
                         slack                                  5.783    

Slack (MET) :             5.799ns  (required time - arrival time)
  Source:                 clk_gen/counter_50hz_reg[19]/C
                            (rising edge-triggered cell FDCE clocked by sys_clk_pin  {rise@0.000ns fall@5.000ns period=10.000ns})
  Destination:            clk_gen/counter_50hz_reg[15]/D
                            (rising edge-triggered cell FDCE clocked by sys_clk_pin  {rise@0.000ns fall@5.000ns period=10.000ns})
  Path Group:             sys_clk_pin
  Path Type:              Setup (Max at Slow Process Corner)
  Requirement:            10.000ns  (sys_clk_pin rise@10.000ns - sys_clk_pin rise@0.000ns)
  Data Path Delay:        4.203ns  (logic 1.777ns (42.277%)  route 2.426ns (57.722%))
  Logic Levels:           6  (CARRY4=4 LUT4=1 LUT5=1)
  Clock Path Skew:        -0.024ns (DCD - SCD + CPR)
    Destination Clock Delay (DCD):    4.287ns = ( 14.287 - 10.000 ) 
    Source Clock Delay      (SCD):    4.554ns
    Clock Pessimism Removal (CPR):    0.244ns
  Clock Uncertainty:      0.035ns  ((TSJ^2 + TIJ^2)^1/2 + DJ) / 2 + PE
    Total System Jitter     (TSJ):    0.071ns
    Total Input Jitter      (TIJ):    0.000ns
    Discrete Jitter          (DJ):    0.000ns
    Phase Error              (PE):    0.000ns

    Location             Delay type                Incr(ns)  Path(ns)    Netlist Resource(s)
  -------------------------------------------------------------------    -------------------
                         (clock sys_clk_pin rise edge)
                                                      0.000     0.000 r  
    R2                                                0.000     0.000 r  clk (IN)
                         net (fo=0)                   0.000     0.000    clk
    R2                   IBUF (Prop_ibuf_I_O)         0.854     0.854 r  clk_IBUF_inst/O
                         net (fo=1, routed)           1.967     2.821    clk_IBUF
    BUFGCTRL_X0Y0        BUFG (Prop_bufg_I_O)         0.096     2.917 r  clk_IBUF_BUFG_inst/O
                         net (fo=29, routed)          1.637     4.554    clk_gen/clk_IBUF_BUFG
    SLICE_X3Y7           FDCE                                         r  clk_gen/counter_50hz_reg[19]/C
  -------------------------------------------------------------------    -------------------
    SLICE_X3Y7           FDCE (Prop_fdce_C_Q)         0.456     5.010 f  clk_gen/counter_50hz_reg[19]/Q
                         net (fo=3, routed)           0.703     5.714    clk_gen/counter_50hz_reg[19]
    SLICE_X2Y7           LUT4 (Prop_lut4_I0_O)        0.124     5.838 r  clk_gen/clk_50hz_i_3/O
                         net (fo=21, routed)          1.723     7.560    clk_gen/clk_50hz_i_3_n_0
    SLICE_X3Y3           LUT5 (Prop_lut5_I1_O)        0.124     7.684 r  clk_gen/counter_50hz[0]_i_6/O
                         net (fo=1, routed)           0.000     7.684    clk_gen/counter_50hz[0]_i_6_n_0
    SLICE_X3Y3           CARRY4 (Prop_carry4_S[0]_CO[3])
                                                      0.532     8.216 r  clk_gen/counter_50hz_reg[0]_i_1/CO[3]
                         net (fo=1, routed)           0.000     8.216    clk_gen/counter_50hz_reg[0]_i_1_n_0
    SLICE_X3Y4           CARRY4 (Prop_carry4_CI_CO[3])
                                                      0.114     8.330 r  clk_gen/counter_50hz_reg[4]_i_1/CO[3]
                         net (fo=1, routed)           0.000     8.330    clk_gen/counter_50hz_reg[4]_i_1_n_0
    SLICE_X3Y5           CARRY4 (Prop_carry4_CI_CO[3])
                                                      0.114     8.444 r  clk_gen/counter_50hz_reg[8]_i_1/CO[3]
                         net (fo=1, routed)           0.000     8.444    clk_gen/counter_50hz_reg[8]_i_1_n_0
    SLICE_X3Y6           CARRY4 (Prop_carry4_CI_O[3])
                                                      0.313     8.757 r  clk_gen/counter_50hz_reg[12]_i_1/O[3]
                         net (fo=1, routed)           0.000     8.757    clk_gen/counter_50hz_reg[12]_i_1_n_4
    SLICE_X3Y6           FDCE                                         r  clk_gen/counter_50hz_reg[15]/D
  -------------------------------------------------------------------    -------------------

                         (clock sys_clk_pin rise edge)
                                                     10.000    10.000 r  
    R2                                                0.000    10.000 r  clk (IN)
                         net (fo=0)                   0.000    10.000    clk
    R2                   IBUF (Prop_ibuf_I_O)         0.814    10.814 r  clk_IBUF_inst/O
                         net (fo=1, routed)           1.862    12.676    clk_IBUF
    BUFGCTRL_X0Y0        BUFG (Prop_bufg_I_O)         0.091    12.767 r  clk_IBUF_BUFG_inst/O
                         net (fo=29, routed)          1.519    14.287    clk_gen/clk_IBUF_BUFG
    SLICE_X3Y6           FDCE                                         r  clk_gen/counter_50hz_reg[15]/C
                         clock pessimism              0.244    14.530    
                         clock uncertainty           -0.035    14.495    
    SLICE_X3Y6           FDCE (Setup_fdce_C_D)        0.062    14.557    clk_gen/counter_50hz_reg[15]
  -------------------------------------------------------------------
                         required time                         14.557    
                         arrival time                          -8.757    
  -------------------------------------------------------------------
                         slack                                  5.799    

Slack (MET) :             5.799ns  (required time - arrival time)
  Source:                 clk_gen/counter_50hz_reg[19]/C
                            (rising edge-triggered cell FDCE clocked by sys_clk_pin  {rise@0.000ns fall@5.000ns period=10.000ns})
  Destination:            clk_gen/counter_50hz_reg[16]/D
                            (rising edge-triggered cell FDCE clocked by sys_clk_pin  {rise@0.000ns fall@5.000ns period=10.000ns})
  Path Group:             sys_clk_pin
  Path Type:              Setup (Max at Slow Process Corner)
  Requirement:            10.000ns  (sys_clk_pin rise@10.000ns - sys_clk_pin rise@0.000ns)
  Data Path Delay:        4.227ns  (logic 1.801ns (42.605%)  route 2.426ns (57.395%))
  Logic Levels:           7  (CARRY4=5 LUT4=1 LUT5=1)
  Clock Path Skew:        0.000ns (DCD - SCD + CPR)
    Destination Clock Delay (DCD):    4.286ns = ( 14.286 - 10.000 ) 
    Source Clock Delay      (SCD):    4.554ns
    Clock Pessimism Removal (CPR):    0.269ns
  Clock Uncertainty:      0.035ns  ((TSJ^2 + TIJ^2)^1/2 + DJ) / 2 + PE
    Total System Jitter     (TSJ):    0.071ns
    Total Input Jitter      (TIJ):    0.000ns
    Discrete Jitter          (DJ):    0.000ns
    Phase Error              (PE):    0.000ns

    Location             Delay type                Incr(ns)  Path(ns)    Netlist Resource(s)
  -------------------------------------------------------------------    -------------------
                         (clock sys_clk_pin rise edge)
                                                      0.000     0.000 r  
    R2                                                0.000     0.000 r  clk (IN)
                         net (fo=0)                   0.000     0.000    clk
    R2                   IBUF (Prop_ibuf_I_O)         0.854     0.854 r  clk_IBUF_inst/O
                         net (fo=1, routed)           1.967     2.821    clk_IBUF
    BUFGCTRL_X0Y0        BUFG (Prop_bufg_I_O)         0.096     2.917 r  clk_IBUF_BUFG_inst/O
                         net (fo=29, routed)          1.637     4.554    clk_gen/clk_IBUF_BUFG
    SLICE_X3Y7           FDCE                                         r  clk_gen/counter_50hz_reg[19]/C
  -------------------------------------------------------------------    -------------------
    SLICE_X3Y7           FDCE (Prop_fdce_C_Q)         0.456     5.010 f  clk_gen/counter_50hz_reg[19]/Q
                         net (fo=3, routed)           0.703     5.714    clk_gen/counter_50hz_reg[19]
    SLICE_X2Y7           LUT4 (Prop_lut4_I0_O)        0.124     5.838 r  clk_gen/clk_50hz_i_3/O
                         net (fo=21, routed)          1.723     7.560    clk_gen/clk_50hz_i_3_n_0
    SLICE_X3Y3           LUT5 (Prop_lut5_I1_O)        0.124     7.684 r  clk_gen/counter_50hz[0]_i_6/O
                         net (fo=1, routed)           0.000     7.684    clk_gen/counter_50hz[0]_i_6_n_0
    SLICE_X3Y3           CARRY4 (Prop_carry4_S[0]_CO[3])
                                                      0.532     8.216 r  clk_gen/counter_50hz_reg[0]_i_1/CO[3]
                         net (fo=1, routed)           0.000     8.216    clk_gen/counter_50hz_reg[0]_i_1_n_0
    SLICE_X3Y4           CARRY4 (Prop_carry4_CI_CO[3])
                                                      0.114     8.330 r  clk_gen/counter_50hz_reg[4]_i_1/CO[3]
                         net (fo=1, routed)           0.000     8.330    clk_gen/counter_50hz_reg[4]_i_1_n_0
    SLICE_X3Y5           CARRY4 (Prop_carry4_CI_CO[3])
                                                      0.114     8.444 r  clk_gen/counter_50hz_reg[8]_i_1/CO[3]
                         net (fo=1, routed)           0.000     8.444    clk_gen/counter_50hz_reg[8]_i_1_n_0
    SLICE_X3Y6           CARRY4 (Prop_carry4_CI_CO[3])
                                                      0.114     8.558 r  clk_gen/counter_50hz_reg[12]_i_1/CO[3]
                         net (fo=1, routed)           0.000     8.558    clk_gen/counter_50hz_reg[12]_i_1_n_0
    SLICE_X3Y7           CARRY4 (Prop_carry4_CI_O[0])
                                                      0.223     8.781 r  clk_gen/counter_50hz_reg[16]_i_1/O[0]
                         net (fo=1, routed)           0.000     8.781    clk_gen/counter_50hz_reg[16]_i_1_n_7
    SLICE_X3Y7           FDCE                                         r  clk_gen/counter_50hz_reg[16]/D
  -------------------------------------------------------------------    -------------------

                         (clock sys_clk_pin rise edge)
                                                     10.000    10.000 r  
    R2                                                0.000    10.000 r  clk (IN)
                         net (fo=0)                   0.000    10.000    clk
    R2                   IBUF (Prop_ibuf_I_O)         0.814    10.814 r  clk_IBUF_inst/O
                         net (fo=1, routed)           1.862    12.676    clk_IBUF
    BUFGCTRL_X0Y0        BUFG (Prop_bufg_I_O)         0.091    12.767 r  clk_IBUF_BUFG_inst/O
                         net (fo=29, routed)          1.518    14.286    clk_gen/clk_IBUF_BUFG
    SLICE_X3Y7           FDCE                                         r  clk_gen/counter_50hz_reg[16]/C
                         clock pessimism              0.269    14.554    
                         clock uncertainty           -0.035    14.519    
    SLICE_X3Y7           FDCE (Setup_fdce_C_D)        0.062    14.581    clk_gen/counter_50hz_reg[16]
  -------------------------------------------------------------------
                         required time                         14.581    
                         arrival time                          -8.781    
  -------------------------------------------------------------------
                         slack                                  5.799    

Slack (MET) :             5.873ns  (required time - arrival time)
  Source:                 clk_gen/counter_50hz_reg[19]/C
                            (rising edge-triggered cell FDCE clocked by sys_clk_pin  {rise@0.000ns fall@5.000ns period=10.000ns})
  Destination:            clk_gen/counter_50hz_reg[14]/D
                            (rising edge-triggered cell FDCE clocked by sys_clk_pin  {rise@0.000ns fall@5.000ns period=10.000ns})
  Path Group:             sys_clk_pin
  Path Type:              Setup (Max at Slow Process Corner)
  Requirement:            10.000ns  (sys_clk_pin rise@10.000ns - sys_clk_pin rise@0.000ns)
  Data Path Delay:        4.129ns  (logic 1.703ns (41.243%)  route 2.426ns (58.757%))
  Logic Levels:           6  (CARRY4=4 LUT4=1 LUT5=1)
  Clock Path Skew:        -0.024ns (DCD - SCD + CPR)
    Destination Clock Delay (DCD):    4.287ns = ( 14.287 - 10.000 ) 
    Source Clock Delay      (SCD):    4.554ns
    Clock Pessimism Removal (CPR):    0.244ns
  Clock Uncertainty:      0.035ns  ((TSJ^2 + TIJ^2)^1/2 + DJ) / 2 + PE
    Total System Jitter     (TSJ):    0.071ns
    Total Input Jitter      (TIJ):    0.000ns
    Discrete Jitter          (DJ):    0.000ns
    Phase Error              (PE):    0.000ns

    Location             Delay type                Incr(ns)  Path(ns)    Netlist Resource(s)
  -------------------------------------------------------------------    -------------------
                         (clock sys_clk_pin rise edge)
                                                      0.000     0.000 r  
    R2                                                0.000     0.000 r  clk (IN)
                         net (fo=0)                   0.000     0.000    clk
    R2                   IBUF (Prop_ibuf_I_O)         0.854     0.854 r  clk_IBUF_inst/O
                         net (fo=1, routed)           1.967     2.821    clk_IBUF
    BUFGCTRL_X0Y0        BUFG (Prop_bufg_I_O)         0.096     2.917 r  clk_IBUF_BUFG_inst/O
                         net (fo=29, routed)          1.637     4.554    clk_gen/clk_IBUF_BUFG
    SLICE_X3Y7           FDCE                                         r  clk_gen/counter_50hz_reg[19]/C
  -------------------------------------------------------------------    -------------------
    SLICE_X3Y7           FDCE (Prop_fdce_C_Q)         0.456     5.010 f  clk_gen/counter_50hz_reg[19]/Q
                         net (fo=3, routed)           0.703     5.714    clk_gen/counter_50hz_reg[19]
    SLICE_X2Y7           LUT4 (Prop_lut4_I0_O)        0.124     5.838 r  clk_gen/clk_50hz_i_3/O
                         net (fo=21, routed)          1.723     7.560    clk_gen/clk_50hz_i_3_n_0
    SLICE_X3Y3           LUT5 (Prop_lut5_I1_O)        0.124     7.684 r  clk_gen/counter_50hz[0]_i_6/O
                         net (fo=1, routed)           0.000     7.684    clk_gen/counter_50hz[0]_i_6_n_0
    SLICE_X3Y3           CARRY4 (Prop_carry4_S[0]_CO[3])
                                                      0.532     8.216 r  clk_gen/counter_50hz_reg[0]_i_1/CO[3]
                         net (fo=1, routed)           0.000     8.216    clk_gen/counter_50hz_reg[0]_i_1_n_0
    SLICE_X3Y4           CARRY4 (Prop_carry4_CI_CO[3])
                                                      0.114     8.330 r  clk_gen/counter_50hz_reg[4]_i_1/CO[3]
                         net (fo=1, routed)           0.000     8.330    clk_gen/counter_50hz_reg[4]_i_1_n_0
    SLICE_X3Y5           CARRY4 (Prop_carry4_CI_CO[3])
                                                      0.114     8.444 r  clk_gen/counter_50hz_reg[8]_i_1/CO[3]
                         net (fo=1, routed)           0.000     8.444    clk_gen/counter_50hz_reg[8]_i_1_n_0
    SLICE_X3Y6           CARRY4 (Prop_carry4_CI_O[2])
                                                      0.239     8.683 r  clk_gen/counter_50hz_reg[12]_i_1/O[2]
                         net (fo=1, routed)           0.000     8.683    clk_gen/counter_50hz_reg[12]_i_1_n_5
    SLICE_X3Y6           FDCE                                         r  clk_gen/counter_50hz_reg[14]/D
  -------------------------------------------------------------------    -------------------

                         (clock sys_clk_pin rise edge)
                                                     10.000    10.000 r  
    R2                                                0.000    10.000 r  clk (IN)
                         net (fo=0)                   0.000    10.000    clk
    R2                   IBUF (Prop_ibuf_I_O)         0.814    10.814 r  clk_IBUF_inst/O
                         net (fo=1, routed)           1.862    12.676    clk_IBUF
    BUFGCTRL_X0Y0        BUFG (Prop_bufg_I_O)         0.091    12.767 r  clk_IBUF_BUFG_inst/O
                         net (fo=29, routed)          1.519    14.287    clk_gen/clk_IBUF_BUFG
    SLICE_X3Y6           FDCE                                         r  clk_gen/counter_50hz_reg[14]/C
                         clock pessimism              0.244    14.530    
                         clock uncertainty           -0.035    14.495    
    SLICE_X3Y6           FDCE (Setup_fdce_C_D)        0.062    14.557    clk_gen/counter_50hz_reg[14]
  -------------------------------------------------------------------
                         required time                         14.557    
                         arrival time                          -8.683    
  -------------------------------------------------------------------
                         slack                                  5.873    

Slack (MET) :             5.889ns  (required time - arrival time)
  Source:                 clk_gen/counter_50hz_reg[19]/C
                            (rising edge-triggered cell FDCE clocked by sys_clk_pin  {rise@0.000ns fall@5.000ns period=10.000ns})
  Destination:            clk_gen/counter_50hz_reg[12]/D
                            (rising edge-triggered cell FDCE clocked by sys_clk_pin  {rise@0.000ns fall@5.000ns period=10.000ns})
  Path Group:             sys_clk_pin
  Path Type:              Setup (Max at Slow Process Corner)
  Requirement:            10.000ns  (sys_clk_pin rise@10.000ns - sys_clk_pin rise@0.000ns)
  Data Path Delay:        4.113ns  (logic 1.687ns (41.014%)  route 2.426ns (58.986%))
  Logic Levels:           6  (CARRY4=4 LUT4=1 LUT5=1)
  Clock Path Skew:        -0.024ns (DCD - SCD + CPR)
    Destination Clock Delay (DCD):    4.287ns = ( 14.287 - 10.000 ) 
    Source Clock Delay      (SCD):    4.554ns
    Clock Pessimism Removal (CPR):    0.244ns
  Clock Uncertainty:      0.035ns  ((TSJ^2 + TIJ^2)^1/2 + DJ) / 2 + PE
    Total System Jitter     (TSJ):    0.071ns
    Total Input Jitter      (TIJ):    0.000ns
    Discrete Jitter          (DJ):    0.000ns
    Phase Error              (PE):    0.000ns

    Location             Delay type                Incr(ns)  Path(ns)    Netlist Resource(s)
  -------------------------------------------------------------------    -------------------
                         (clock sys_clk_pin rise edge)
                                                      0.000     0.000 r  
    R2                                                0.000     0.000 r  clk (IN)
                         net (fo=0)                   0.000     0.000    clk
    R2                   IBUF (Prop_ibuf_I_O)         0.854     0.854 r  clk_IBUF_inst/O
                         net (fo=1, routed)           1.967     2.821    clk_IBUF
    BUFGCTRL_X0Y0        BUFG (Prop_bufg_I_O)         0.096     2.917 r  clk_IBUF_BUFG_inst/O
                         net (fo=29, routed)          1.637     4.554    clk_gen/clk_IBUF_BUFG
    SLICE_X3Y7           FDCE                                         r  clk_gen/counter_50hz_reg[19]/C
  -------------------------------------------------------------------    -------------------
    SLICE_X3Y7           FDCE (Prop_fdce_C_Q)         0.456     5.010 f  clk_gen/counter_50hz_reg[19]/Q
                         net (fo=3, routed)           0.703     5.714    clk_gen/counter_50hz_reg[19]
    SLICE_X2Y7           LUT4 (Prop_lut4_I0_O)        0.124     5.838 r  clk_gen/clk_50hz_i_3/O
                         net (fo=21, routed)          1.723     7.560    clk_gen/clk_50hz_i_3_n_0
    SLICE_X3Y3           LUT5 (Prop_lut5_I1_O)        0.124     7.684 r  clk_gen/counter_50hz[0]_i_6/O
                         net (fo=1, routed)           0.000     7.684    clk_gen/counter_50hz[0]_i_6_n_0
    SLICE_X3Y3           CARRY4 (Prop_carry4_S[0]_CO[3])
                                                      0.532     8.216 r  clk_gen/counter_50hz_reg[0]_i_1/CO[3]
                         net (fo=1, routed)           0.000     8.216    clk_gen/counter_50hz_reg[0]_i_1_n_0
    SLICE_X3Y4           CARRY4 (Prop_carry4_CI_CO[3])
                                                      0.114     8.330 r  clk_gen/counter_50hz_reg[4]_i_1/CO[3]
                         net (fo=1, routed)           0.000     8.330    clk_gen/counter_50hz_reg[4]_i_1_n_0
    SLICE_X3Y5           CARRY4 (Prop_carry4_CI_CO[3])
                                                      0.114     8.444 r  clk_gen/counter_50hz_reg[8]_i_1/CO[3]
                         net (fo=1, routed)           0.000     8.444    clk_gen/counter_50hz_reg[8]_i_1_n_0
    SLICE_X3Y6           CARRY4 (Prop_carry4_CI_O[0])
                                                      0.223     8.667 r  clk_gen/counter_50hz_reg[12]_i_1/O[0]
                         net (fo=1, routed)           0.000     8.667    clk_gen/counter_50hz_reg[12]_i_1_n_7
    SLICE_X3Y6           FDCE                                         r  clk_gen/counter_50hz_reg[12]/D
  -------------------------------------------------------------------    -------------------

                         (clock sys_clk_pin rise edge)
                                                     10.000    10.000 r  
    R2                                                0.000    10.000 r  clk (IN)
                         net (fo=0)                   0.000    10.000    clk
    R2                   IBUF (Prop_ibuf_I_O)         0.814    10.814 r  clk_IBUF_inst/O
                         net (fo=1, routed)           1.862    12.676    clk_IBUF
    BUFGCTRL_X0Y0        BUFG (Prop_bufg_I_O)         0.091    12.767 r  clk_IBUF_BUFG_inst/O
                         net (fo=29, routed)          1.519    14.287    clk_gen/clk_IBUF_BUFG
    SLICE_X3Y6           FDCE                                         r  clk_gen/counter_50hz_reg[12]/C
                         clock pessimism              0.244    14.530    
                         clock uncertainty           -0.035    14.495    
    SLICE_X3Y6           FDCE (Setup_fdce_C_D)        0.062    14.557    clk_gen/counter_50hz_reg[12]
  -------------------------------------------------------------------
                         required time                         14.557    
                         arrival time                          -8.667    
  -------------------------------------------------------------------
                         slack                                  5.889    

Slack (MET) :             5.892ns  (required time - arrival time)
  Source:                 clk_gen/counter_50hz_reg[19]/C
                            (rising edge-triggered cell FDCE clocked by sys_clk_pin  {rise@0.000ns fall@5.000ns period=10.000ns})
  Destination:            clk_gen/counter_50hz_reg[9]/D
                            (rising edge-triggered cell FDCE clocked by sys_clk_pin  {rise@0.000ns fall@5.000ns period=10.000ns})
  Path Group:             sys_clk_pin
  Path Type:              Setup (Max at Slow Process Corner)
  Requirement:            10.000ns  (sys_clk_pin rise@10.000ns - sys_clk_pin rise@0.000ns)
  Data Path Delay:        4.110ns  (logic 1.684ns (40.971%)  route 2.426ns (59.029%))
  Logic Levels:           5  (CARRY4=3 LUT4=1 LUT5=1)
  Clock Path Skew:        -0.024ns (DCD - SCD + CPR)
    Destination Clock Delay (DCD):    4.287ns = ( 14.287 - 10.000 ) 
    Source Clock Delay      (SCD):    4.554ns
    Clock Pessimism Removal (CPR):    0.244ns
  Clock Uncertainty:      0.035ns  ((TSJ^2 + TIJ^2)^1/2 + DJ) / 2 + PE
    Total System Jitter     (TSJ):    0.071ns
    Total Input Jitter      (TIJ):    0.000ns
    Discrete Jitter          (DJ):    0.000ns
    Phase Error              (PE):    0.000ns

    Location             Delay type                Incr(ns)  Path(ns)    Netlist Resource(s)
  -------------------------------------------------------------------    -------------------
                         (clock sys_clk_pin rise edge)
                                                      0.000     0.000 r  
    R2                                                0.000     0.000 r  clk (IN)
                         net (fo=0)                   0.000     0.000    clk
    R2                   IBUF (Prop_ibuf_I_O)         0.854     0.854 r  clk_IBUF_inst/O
                         net (fo=1, routed)           1.967     2.821    clk_IBUF
    BUFGCTRL_X0Y0        BUFG (Prop_bufg_I_O)         0.096     2.917 r  clk_IBUF_BUFG_inst/O
                         net (fo=29, routed)          1.637     4.554    clk_gen/clk_IBUF_BUFG
    SLICE_X3Y7           FDCE                                         r  clk_gen/counter_50hz_reg[19]/C
  -------------------------------------------------------------------    -------------------
    SLICE_X3Y7           FDCE (Prop_fdce_C_Q)         0.456     5.010 f  clk_gen/counter_50hz_reg[19]/Q
                         net (fo=3, routed)           0.703     5.714    clk_gen/counter_50hz_reg[19]
    SLICE_X2Y7           LUT4 (Prop_lut4_I0_O)        0.124     5.838 r  clk_gen/clk_50hz_i_3/O
                         net (fo=21, routed)          1.723     7.560    clk_gen/clk_50hz_i_3_n_0
    SLICE_X3Y3           LUT5 (Prop_lut5_I1_O)        0.124     7.684 r  clk_gen/counter_50hz[0]_i_6/O
                         net (fo=1, routed)           0.000     7.684    clk_gen/counter_50hz[0]_i_6_n_0
    SLICE_X3Y3           CARRY4 (Prop_carry4_S[0]_CO[3])
                                                      0.532     8.216 r  clk_gen/counter_50hz_reg[0]_i_1/CO[3]
                         net (fo=1, routed)           0.000     8.216    clk_gen/counter_50hz_reg[0]_i_1_n_0
    SLICE_X3Y4           CARRY4 (Prop_carry4_CI_CO[3])
                                                      0.114     8.330 r  clk_gen/counter_50hz_reg[4]_i_1/CO[3]
                         net (fo=1, routed)           0.000     8.330    clk_gen/counter_50hz_reg[4]_i_1_n_0
    SLICE_X3Y5           CARRY4 (Prop_carry4_CI_O[1])
                                                      0.334     8.664 r  clk_gen/counter_50hz_reg[8]_i_1/O[1]
                         net (fo=1, routed)           0.000     8.664    clk_gen/counter_50hz_reg[8]_i_1_n_6
    SLICE_X3Y5           FDCE                                         r  clk_gen/counter_50hz_reg[9]/D
  -------------------------------------------------------------------    -------------------

                         (clock sys_clk_pin rise edge)
                                                     10.000    10.000 r  
    R2                                                0.000    10.000 r  clk (IN)
                         net (fo=0)                   0.000    10.000    clk
    R2                   IBUF (Prop_ibuf_I_O)         0.814    10.814 r  clk_IBUF_inst/O
                         net (fo=1, routed)           1.862    12.676    clk_IBUF
    BUFGCTRL_X0Y0        BUFG (Prop_bufg_I_O)         0.091    12.767 r  clk_IBUF_BUFG_inst/O
                         net (fo=29, routed)          1.519    14.287    clk_gen/clk_IBUF_BUFG
    SLICE_X3Y5           FDCE                                         r  clk_gen/counter_50hz_reg[9]/C
                         clock pessimism              0.244    14.530    
                         clock uncertainty           -0.035    14.495    
    SLICE_X3Y5           FDCE (Setup_fdce_C_D)        0.062    14.557    clk_gen/counter_50hz_reg[9]
  -------------------------------------------------------------------
                         required time                         14.557    
                         arrival time                          -8.664    
  -------------------------------------------------------------------
                         slack                                  5.892    

Slack (MET) :             5.913ns  (required time - arrival time)
  Source:                 clk_gen/counter_50hz_reg[19]/C
                            (rising edge-triggered cell FDCE clocked by sys_clk_pin  {rise@0.000ns fall@5.000ns period=10.000ns})
  Destination:            clk_gen/counter_50hz_reg[11]/D
                            (rising edge-triggered cell FDCE clocked by sys_clk_pin  {rise@0.000ns fall@5.000ns period=10.000ns})
  Path Group:             sys_clk_pin
  Path Type:              Setup (Max at Slow Process Corner)
  Requirement:            10.000ns  (sys_clk_pin rise@10.000ns - sys_clk_pin rise@0.000ns)
  Data Path Delay:        4.089ns  (logic 1.663ns (40.668%)  route 2.426ns (59.332%))
  Logic Levels:           5  (CARRY4=3 LUT4=1 LUT5=1)
  Clock Path Skew:        -0.024ns (DCD - SCD + CPR)
    Destination Clock Delay (DCD):    4.287ns = ( 14.287 - 10.000 ) 
    Source Clock Delay      (SCD):    4.554ns
    Clock Pessimism Removal (CPR):    0.244ns
  Clock Uncertainty:      0.035ns  ((TSJ^2 + TIJ^2)^1/2 + DJ) / 2 + PE
    Total System Jitter     (TSJ):    0.071ns
    Total Input Jitter      (TIJ):    0.000ns
    Discrete Jitter          (DJ):    0.000ns
    Phase Error              (PE):    0.000ns

    Location             Delay type                Incr(ns)  Path(ns)    Netlist Resource(s)
  -------------------------------------------------------------------    -------------------
                         (clock sys_clk_pin rise edge)
                                                      0.000     0.000 r  
    R2                                                0.000     0.000 r  clk (IN)
                         net (fo=0)                   0.000     0.000    clk
    R2                   IBUF (Prop_ibuf_I_O)         0.854     0.854 r  clk_IBUF_inst/O
                         net (fo=1, routed)           1.967     2.821    clk_IBUF
    BUFGCTRL_X0Y0        BUFG (Prop_bufg_I_O)         0.096     2.917 r  clk_IBUF_BUFG_inst/O
                         net (fo=29, routed)          1.637     4.554    clk_gen/clk_IBUF_BUFG
    SLICE_X3Y7           FDCE                                         r  clk_gen/counter_50hz_reg[19]/C
  -------------------------------------------------------------------    -------------------
    SLICE_X3Y7           FDCE (Prop_fdce_C_Q)         0.456     5.010 f  clk_gen/counter_50hz_reg[19]/Q
                         net (fo=3, routed)           0.703     5.714    clk_gen/counter_50hz_reg[19]
    SLICE_X2Y7           LUT4 (Prop_lut4_I0_O)        0.124     5.838 r  clk_gen/clk_50hz_i_3/O
                         net (fo=21, routed)          1.723     7.560    clk_gen/clk_50hz_i_3_n_0
    SLICE_X3Y3           LUT5 (Prop_lut5_I1_O)        0.124     7.684 r  clk_gen/counter_50hz[0]_i_6/O
                         net (fo=1, routed)           0.000     7.684    clk_gen/counter_50hz[0]_i_6_n_0
    SLICE_X3Y3           CARRY4 (Prop_carry4_S[0]_CO[3])
                                                      0.532     8.216 r  clk_gen/counter_50hz_reg[0]_i_1/CO[3]
                         net (fo=1, routed)           0.000     8.216    clk_gen/counter_50hz_reg[0]_i_1_n_0
    SLICE_X3Y4           CARRY4 (Prop_carry4_CI_CO[3])
                                                      0.114     8.330 r  clk_gen/counter_50hz_reg[4]_i_1/CO[3]
                         net (fo=1, routed)           0.000     8.330    clk_gen/counter_50hz_reg[4]_i_1_n_0
    SLICE_X3Y5           CARRY4 (Prop_carry4_CI_O[3])
                                                      0.313     8.643 r  clk_gen/counter_50hz_reg[8]_i_1/O[3]
                         net (fo=1, routed)           0.000     8.643    clk_gen/counter_50hz_reg[8]_i_1_n_4
    SLICE_X3Y5           FDCE                                         r  clk_gen/counter_50hz_reg[11]/D
  -------------------------------------------------------------------    -------------------

                         (clock sys_clk_pin rise edge)
                                                     10.000    10.000 r  
    R2                                                0.000    10.000 r  clk (IN)
                         net (fo=0)                   0.000    10.000    clk
    R2                   IBUF (Prop_ibuf_I_O)         0.814    10.814 r  clk_IBUF_inst/O
                         net (fo=1, routed)           1.862    12.676    clk_IBUF
    BUFGCTRL_X0Y0        BUFG (Prop_bufg_I_O)         0.091    12.767 r  clk_IBUF_BUFG_inst/O
                         net (fo=29, routed)          1.519    14.287    clk_gen/clk_IBUF_BUFG
    SLICE_X3Y5           FDCE                                         r  clk_gen/counter_50hz_reg[11]/C
                         clock pessimism              0.244    14.530    
                         clock uncertainty           -0.035    14.495    
    SLICE_X3Y5           FDCE (Setup_fdce_C_D)        0.062    14.557    clk_gen/counter_50hz_reg[11]
  -------------------------------------------------------------------
                         required time                         14.557    
                         arrival time                          -8.643    
  -------------------------------------------------------------------
                         slack                                  5.913    





Min Delay Paths
--------------------------------------------------------------------------------------
Slack (MET) :             0.144ns  (arrival time - required time)
  Source:                 clk_gen/counter_50hz_reg[14]/C
                            (rising edge-triggered cell FDCE clocked by sys_clk_pin  {rise@0.000ns fall@5.000ns period=10.000ns})
  Destination:            clk_gen/clk_50hz_reg/D
                            (rising edge-triggered cell FDCE clocked by sys_clk_pin  {rise@0.000ns fall@5.000ns period=10.000ns})
  Path Group:             sys_clk_pin
  Path Type:              Hold (Min at Fast Process Corner)
  Requirement:            0.000ns  (sys_clk_pin rise@0.000ns - sys_clk_pin rise@0.000ns)
  Data Path Delay:        0.277ns  (logic 0.186ns (67.082%)  route 0.091ns (32.918%))
  Logic Levels:           1  (LUT5=1)
  Clock Path Skew:        0.013ns (DCD - SCD - CPR)
    Destination Clock Delay (DCD):    1.929ns
    Source Clock Delay      (SCD):    1.571ns
    Clock Pessimism Removal (CPR):    0.345ns

    Location             Delay type                Incr(ns)  Path(ns)    Netlist Resource(s)
  -------------------------------------------------------------------    -------------------
                         (clock sys_clk_pin rise edge)
                                                      0.000     0.000 r  
    R2                                                0.000     0.000 r  clk (IN)
                         net (fo=0)                   0.000     0.000    clk
    R2                   IBUF (Prop_ibuf_I_O)         0.320     0.320 r  clk_IBUF_inst/O
                         net (fo=1, routed)           0.631     0.951    clk_IBUF
    BUFGCTRL_X0Y0        BUFG (Prop_bufg_I_O)         0.026     0.977 r  clk_IBUF_BUFG_inst/O
                         net (fo=29, routed)          0.595     1.571    clk_gen/clk_IBUF_BUFG
    SLICE_X3Y6           FDCE                                         r  clk_gen/counter_50hz_reg[14]/C
  -------------------------------------------------------------------    -------------------
    SLICE_X3Y6           FDCE (Prop_fdce_C_Q)         0.141     1.712 r  clk_gen/counter_50hz_reg[14]/Q
                         net (fo=21, routed)          0.091     1.804    clk_gen/counter_50hz_reg[14]
    SLICE_X2Y6           LUT5 (Prop_lut5_I3_O)        0.045     1.849 r  clk_gen/clk_50hz_i_1/O
                         net (fo=1, routed)           0.000     1.849    clk_gen/clk_50hz_i_1_n_0
    SLICE_X2Y6           FDCE                                         r  clk_gen/clk_50hz_reg/D
  -------------------------------------------------------------------    -------------------

                         (clock sys_clk_pin rise edge)
                                                      0.000     0.000 r  
    R2                                                0.000     0.000 r  clk (IN)
                         net (fo=0)                   0.000     0.000    clk
    R2                   IBUF (Prop_ibuf_I_O)         0.350     0.350 r  clk_IBUF_inst/O
                         net (fo=1, routed)           0.685     1.035    clk_IBUF
    BUFGCTRL_X0Y0        BUFG (Prop_bufg_I_O)         0.029     1.064 r  clk_IBUF_BUFG_inst/O
                         net (fo=29, routed)          0.866     1.929    clk_gen/clk_IBUF_BUFG
    SLICE_X2Y6           FDCE                                         r  clk_gen/clk_50hz_reg/C
                         clock pessimism             -0.345     1.584    
    SLICE_X2Y6           FDCE (Hold_fdce_C_D)         0.120     1.704    clk_gen/clk_50hz_reg
  -------------------------------------------------------------------
                         required time                         -1.704    
                         arrival time                           1.849    
  -------------------------------------------------------------------
                         slack                                  0.144    

Slack (MET) :             0.174ns  (arrival time - required time)
  Source:                 db_up/dff2/Q_reg/C
                            (rising edge-triggered cell FDRE clocked by sys_clk_pin  {rise@0.000ns fall@5.000ns period=10.000ns})
  Destination:            count_reg[1]/D
                            (rising edge-triggered cell FDCE clocked by sys_clk_pin  {rise@0.000ns fall@5.000ns period=10.000ns})
  Path Group:             sys_clk_pin
  Path Type:              Hold (Min at Fast Process Corner)
  Requirement:            0.000ns  (sys_clk_pin rise@0.000ns - sys_clk_pin rise@0.000ns)
  Data Path Delay:        0.279ns  (logic 0.186ns (66.745%)  route 0.093ns (33.255%))
  Logic Levels:           1  (LUT6=1)
  Clock Path Skew:        0.013ns (DCD - SCD - CPR)
    Destination Clock Delay (DCD):    1.928ns
    Source Clock Delay      (SCD):    1.570ns
    Clock Pessimism Removal (CPR):    0.345ns

    Location             Delay type                Incr(ns)  Path(ns)    Netlist Resource(s)
  -------------------------------------------------------------------    -------------------
                         (clock sys_clk_pin rise edge)
                                                      0.000     0.000 r  
    R2                                                0.000     0.000 r  clk (IN)
                         net (fo=0)                   0.000     0.000    clk
    R2                   IBUF (Prop_ibuf_I_O)         0.320     0.320 r  clk_IBUF_inst/O
                         net (fo=1, routed)           0.631     0.951    clk_IBUF
    BUFGCTRL_X0Y0        BUFG (Prop_bufg_I_O)         0.026     0.977 r  clk_IBUF_BUFG_inst/O
                         net (fo=29, routed)          0.594     1.570    db_up/dff2/clk_IBUF_BUFG
    SLICE_X1Y8           FDRE                                         r  db_up/dff2/Q_reg/C
  -------------------------------------------------------------------    -------------------
    SLICE_X1Y8           FDRE (Prop_fdre_C_Q)         0.141     1.711 r  db_up/dff2/Q_reg/Q
                         net (fo=4, routed)           0.093     1.804    db_up/dff2/q2_1
    SLICE_X0Y8           LUT6 (Prop_lut6_I0_O)        0.045     1.849 r  db_up/dff2/count[1]_i_1/O
                         net (fo=1, routed)           0.000     1.849    db_up_n_3
    SLICE_X0Y8           FDCE                                         r  count_reg[1]/D
  -------------------------------------------------------------------    -------------------

                         (clock sys_clk_pin rise edge)
                                                      0.000     0.000 r  
    R2                                                0.000     0.000 r  clk (IN)
                         net (fo=0)                   0.000     0.000    clk
    R2                   IBUF (Prop_ibuf_I_O)         0.350     0.350 r  clk_IBUF_inst/O
                         net (fo=1, routed)           0.685     1.035    clk_IBUF
    BUFGCTRL_X0Y0        BUFG (Prop_bufg_I_O)         0.029     1.064 r  clk_IBUF_BUFG_inst/O
                         net (fo=29, routed)          0.865     1.928    clk_IBUF_BUFG
    SLICE_X0Y8           FDCE                                         r  count_reg[1]/C
                         clock pessimism             -0.345     1.583    
    SLICE_X0Y8           FDCE (Hold_fdce_C_D)         0.092     1.675    count_reg[1]
  -------------------------------------------------------------------
                         required time                         -1.675    
                         arrival time                           1.849    
  -------------------------------------------------------------------
                         slack                                  0.174    

Slack (MET) :             0.175ns  (arrival time - required time)
  Source:                 db_up/dff2/Q_reg/C
                            (rising edge-triggered cell FDRE clocked by sys_clk_pin  {rise@0.000ns fall@5.000ns period=10.000ns})
  Destination:            count_reg[2]/D
                            (rising edge-triggered cell FDCE clocked by sys_clk_pin  {rise@0.000ns fall@5.000ns period=10.000ns})
  Path Group:             sys_clk_pin
  Path Type:              Hold (Min at Fast Process Corner)
  Requirement:            0.000ns  (sys_clk_pin rise@0.000ns - sys_clk_pin rise@0.000ns)
  Data Path Delay:        0.280ns  (logic 0.186ns (66.470%)  route 0.094ns (33.530%))
  Logic Levels:           1  (LUT6=1)
  Clock Path Skew:        0.013ns (DCD - SCD - CPR)
    Destination Clock Delay (DCD):    1.928ns
    Source Clock Delay      (SCD):    1.570ns
    Clock Pessimism Removal (CPR):    0.345ns

    Location             Delay type                Incr(ns)  Path(ns)    Netlist Resource(s)
  -------------------------------------------------------------------    -------------------
                         (clock sys_clk_pin rise edge)
                                                      0.000     0.000 r  
    R2                                                0.000     0.000 r  clk (IN)
                         net (fo=0)                   0.000     0.000    clk
    R2                   IBUF (Prop_ibuf_I_O)         0.320     0.320 r  clk_IBUF_inst/O
                         net (fo=1, routed)           0.631     0.951    clk_IBUF
    BUFGCTRL_X0Y0        BUFG (Prop_bufg_I_O)         0.026     0.977 r  clk_IBUF_BUFG_inst/O
                         net (fo=29, routed)          0.594     1.570    db_up/dff2/clk_IBUF_BUFG
    SLICE_X1Y8           FDRE                                         r  db_up/dff2/Q_reg/C
  -------------------------------------------------------------------    -------------------
    SLICE_X1Y8           FDRE (Prop_fdre_C_Q)         0.141     1.711 r  db_up/dff2/Q_reg/Q
                         net (fo=4, routed)           0.094     1.805    db_up/dff2/q2_1
    SLICE_X0Y8           LUT6 (Prop_lut6_I0_O)        0.045     1.850 r  db_up/dff2/count[2]_i_1/O
                         net (fo=1, routed)           0.000     1.850    db_up_n_2
    SLICE_X0Y8           FDCE                                         r  count_reg[2]/D
  -------------------------------------------------------------------    -------------------

                         (clock sys_clk_pin rise edge)
                                                      0.000     0.000 r  
    R2                                                0.000     0.000 r  clk (IN)
                         net (fo=0)                   0.000     0.000    clk
    R2                   IBUF (Prop_ibuf_I_O)         0.350     0.350 r  clk_IBUF_inst/O
                         net (fo=1, routed)           0.685     1.035    clk_IBUF
    BUFGCTRL_X0Y0        BUFG (Prop_bufg_I_O)         0.029     1.064 r  clk_IBUF_BUFG_inst/O
                         net (fo=29, routed)          0.865     1.928    clk_IBUF_BUFG
    SLICE_X0Y8           FDCE                                         r  count_reg[2]/C
                         clock pessimism             -0.345     1.583    
    SLICE_X0Y8           FDCE (Hold_fdce_C_D)         0.092     1.675    count_reg[2]
  -------------------------------------------------------------------
                         required time                         -1.675    
                         arrival time                           1.850    
  -------------------------------------------------------------------
                         slack                                  0.175    

Slack (MET) :             0.179ns  (arrival time - required time)
  Source:                 db_down/dff1/Q_reg/C
                            (rising edge-triggered cell FDRE clocked by sys_clk_pin  {rise@0.000ns fall@5.000ns period=10.000ns})
  Destination:            db_down/dff2/Q_reg/D
                            (rising edge-triggered cell FDRE clocked by sys_clk_pin  {rise@0.000ns fall@5.000ns period=10.000ns})
  Path Group:             sys_clk_pin
  Path Type:              Hold (Min at Fast Process Corner)
  Requirement:            0.000ns  (sys_clk_pin rise@0.000ns - sys_clk_pin rise@0.000ns)
  Data Path Delay:        0.266ns  (logic 0.141ns (52.916%)  route 0.125ns (47.084%))
  Logic Levels:           0  
  Clock Path Skew:        0.017ns (DCD - SCD - CPR)
    Destination Clock Delay (DCD):    1.928ns
    Source Clock Delay      (SCD):    1.569ns
    Clock Pessimism Removal (CPR):    0.342ns

    Location             Delay type                Incr(ns)  Path(ns)    Netlist Resource(s)
  -------------------------------------------------------------------    -------------------
                         (clock sys_clk_pin rise edge)
                                                      0.000     0.000 r  
    R2                                                0.000     0.000 r  clk (IN)
                         net (fo=0)                   0.000     0.000    clk
    R2                   IBUF (Prop_ibuf_I_O)         0.320     0.320 r  clk_IBUF_inst/O
                         net (fo=1, routed)           0.631     0.951    clk_IBUF
    BUFGCTRL_X0Y0        BUFG (Prop_bufg_I_O)         0.026     0.977 r  clk_IBUF_BUFG_inst/O
                         net (fo=29, routed)          0.593     1.569    db_down/dff1/clk_IBUF_BUFG
    SLICE_X1Y10          FDRE                                         r  db_down/dff1/Q_reg/C
  -------------------------------------------------------------------    -------------------
    SLICE_X1Y10          FDRE (Prop_fdre_C_Q)         0.141     1.710 r  db_down/dff1/Q_reg/Q
                         net (fo=2, routed)           0.125     1.836    db_down/dff2/q1
    SLICE_X1Y8           FDRE                                         r  db_down/dff2/Q_reg/D
  -------------------------------------------------------------------    -------------------

                         (clock sys_clk_pin rise edge)
                                                      0.000     0.000 r  
    R2                                                0.000     0.000 r  clk (IN)
                         net (fo=0)                   0.000     0.000    clk
    R2                   IBUF (Prop_ibuf_I_O)         0.350     0.350 r  clk_IBUF_inst/O
                         net (fo=1, routed)           0.685     1.035    clk_IBUF
    BUFGCTRL_X0Y0        BUFG (Prop_bufg_I_O)         0.029     1.064 r  clk_IBUF_BUFG_inst/O
                         net (fo=29, routed)          0.865     1.928    db_down/dff2/clk_IBUF_BUFG
    SLICE_X1Y8           FDRE                                         r  db_down/dff2/Q_reg/C
                         clock pessimism             -0.342     1.586    
    SLICE_X1Y8           FDRE (Hold_fdre_C_D)         0.070     1.656    db_down/dff2/Q_reg
  -------------------------------------------------------------------
                         required time                         -1.656    
                         arrival time                           1.836    
  -------------------------------------------------------------------
                         slack                                  0.179    

Slack (MET) :             0.262ns  (arrival time - required time)
  Source:                 count_reg[2]/C
                            (rising edge-triggered cell FDCE clocked by sys_clk_pin  {rise@0.000ns fall@5.000ns period=10.000ns})
  Destination:            count_reg[3]/D
                            (rising edge-triggered cell FDCE clocked by sys_clk_pin  {rise@0.000ns fall@5.000ns period=10.000ns})
  Path Group:             sys_clk_pin
  Path Type:              Hold (Min at Fast Process Corner)
  Requirement:            0.000ns  (sys_clk_pin rise@0.000ns - sys_clk_pin rise@0.000ns)
  Data Path Delay:        0.370ns  (logic 0.186ns (50.261%)  route 0.184ns (49.739%))
  Logic Levels:           1  (LUT6=1)
  Clock Path Skew:        0.016ns (DCD - SCD - CPR)
    Destination Clock Delay (DCD):    1.928ns
    Source Clock Delay      (SCD):    1.570ns
    Clock Pessimism Removal (CPR):    0.342ns

    Location             Delay type                Incr(ns)  Path(ns)    Netlist Resource(s)
  -------------------------------------------------------------------    -------------------
                         (clock sys_clk_pin rise edge)
                                                      0.000     0.000 r  
    R2                                                0.000     0.000 r  clk (IN)
                         net (fo=0)                   0.000     0.000    clk
    R2                   IBUF (Prop_ibuf_I_O)         0.320     0.320 r  clk_IBUF_inst/O
                         net (fo=1, routed)           0.631     0.951    clk_IBUF
    BUFGCTRL_X0Y0        BUFG (Prop_bufg_I_O)         0.026     0.977 r  clk_IBUF_BUFG_inst/O
                         net (fo=29, routed)          0.594     1.570    clk_IBUF_BUFG
    SLICE_X0Y8           FDCE                                         r  count_reg[2]/C
  -------------------------------------------------------------------    -------------------
    SLICE_X0Y8           FDCE (Prop_fdce_C_Q)         0.141     1.711 r  count_reg[2]/Q
                         net (fo=11, routed)          0.184     1.895    db_up/dff2/Q[2]
    SLICE_X0Y9           LUT6 (Prop_lut6_I1_O)        0.045     1.940 r  db_up/dff2/count[3]_i_2/O
                         net (fo=1, routed)           0.000     1.940    db_up_n_1
    SLICE_X0Y9           FDCE                                         r  count_reg[3]/D
  -------------------------------------------------------------------    -------------------

                         (clock sys_clk_pin rise edge)
                                                      0.000     0.000 r  
    R2                                                0.000     0.000 r  clk (IN)
                         net (fo=0)                   0.000     0.000    clk
    R2                   IBUF (Prop_ibuf_I_O)         0.350     0.350 r  clk_IBUF_inst/O
                         net (fo=1, routed)           0.685     1.035    clk_IBUF
    BUFGCTRL_X0Y0        BUFG (Prop_bufg_I_O)         0.029     1.064 r  clk_IBUF_BUFG_inst/O
                         net (fo=29, routed)          0.865     1.928    clk_IBUF_BUFG
    SLICE_X0Y9           FDCE                                         r  count_reg[3]/C
                         clock pessimism             -0.342     1.586    
    SLICE_X0Y9           FDCE (Hold_fdce_C_D)         0.092     1.678    count_reg[3]
  -------------------------------------------------------------------
                         required time                         -1.678    
                         arrival time                           1.940    
  -------------------------------------------------------------------
                         slack                                  0.262    

Slack (MET) :             0.285ns  (arrival time - required time)
  Source:                 clk_gen/counter_50hz_reg[19]/C
                            (rising edge-triggered cell FDCE clocked by sys_clk_pin  {rise@0.000ns fall@5.000ns period=10.000ns})
  Destination:            clk_gen/counter_50hz_reg[15]/D
                            (rising edge-triggered cell FDCE clocked by sys_clk_pin  {rise@0.000ns fall@5.000ns period=10.000ns})
  Path Group:             sys_clk_pin
  Path Type:              Hold (Min at Fast Process Corner)
  Requirement:            0.000ns  (sys_clk_pin rise@0.000ns - sys_clk_pin rise@0.000ns)
  Data Path Delay:        0.407ns  (logic 0.249ns (61.122%)  route 0.158ns (38.878%))
  Logic Levels:           2  (CARRY4=1 LUT5=1)
  Clock Path Skew:        0.017ns (DCD - SCD - CPR)
    Destination Clock Delay (DCD):    1.929ns
    Source Clock Delay      (SCD):    1.570ns
    Clock Pessimism Removal (CPR):    0.342ns

    Location             Delay type                Incr(ns)  Path(ns)    Netlist Resource(s)
  -------------------------------------------------------------------    -------------------
                         (clock sys_clk_pin rise edge)
                                                      0.000     0.000 r  
    R2                                                0.000     0.000 r  clk (IN)
                         net (fo=0)                   0.000     0.000    clk
    R2                   IBUF (Prop_ibuf_I_O)         0.320     0.320 r  clk_IBUF_inst/O
                         net (fo=1, routed)           0.631     0.951    clk_IBUF
    BUFGCTRL_X0Y0        BUFG (Prop_bufg_I_O)         0.026     0.977 r  clk_IBUF_BUFG_inst/O
                         net (fo=29, routed)          0.594     1.570    clk_gen/clk_IBUF_BUFG
    SLICE_X3Y7           FDCE                                         r  clk_gen/counter_50hz_reg[19]/C
  -------------------------------------------------------------------    -------------------
    SLICE_X3Y7           FDCE (Prop_fdce_C_Q)         0.141     1.711 f  clk_gen/counter_50hz_reg[19]/Q
                         net (fo=3, routed)           0.158     1.870    clk_gen/counter_50hz_reg[19]
    SLICE_X3Y6           LUT5 (Prop_lut5_I4_O)        0.045     1.915 r  clk_gen/counter_50hz[12]_i_2/O
                         net (fo=1, routed)           0.000     1.915    clk_gen/counter_50hz[12]_i_2_n_0
    SLICE_X3Y6           CARRY4 (Prop_carry4_S[3]_O[3])
                                                      0.063     1.978 r  clk_gen/counter_50hz_reg[12]_i_1/O[3]
                         net (fo=1, routed)           0.000     1.978    clk_gen/counter_50hz_reg[12]_i_1_n_4
    SLICE_X3Y6           FDCE                                         r  clk_gen/counter_50hz_reg[15]/D
  -------------------------------------------------------------------    -------------------

                         (clock sys_clk_pin rise edge)
                                                      0.000     0.000 r  
    R2                                                0.000     0.000 r  clk (IN)
                         net (fo=0)                   0.000     0.000    clk
    R2                   IBUF (Prop_ibuf_I_O)         0.350     0.350 r  clk_IBUF_inst/O
                         net (fo=1, routed)           0.685     1.035    clk_IBUF
    BUFGCTRL_X0Y0        BUFG (Prop_bufg_I_O)         0.029     1.064 r  clk_IBUF_BUFG_inst/O
                         net (fo=29, routed)          0.866     1.929    clk_gen/clk_IBUF_BUFG
    SLICE_X3Y6           FDCE                                         r  clk_gen/counter_50hz_reg[15]/C
                         clock pessimism             -0.342     1.587    
    SLICE_X3Y6           FDCE (Hold_fdce_C_D)         0.105     1.692    clk_gen/counter_50hz_reg[15]
  -------------------------------------------------------------------
                         required time                         -1.692    
                         arrival time                           1.978    
  -------------------------------------------------------------------
                         slack                                  0.285    

Slack (MET) :             0.313ns  (arrival time - required time)
  Source:                 clk_gen/counter_50hz_reg[11]/C
                            (rising edge-triggered cell FDCE clocked by sys_clk_pin  {rise@0.000ns fall@5.000ns period=10.000ns})
  Destination:            clk_gen/counter_50hz_reg[11]/D
                            (rising edge-triggered cell FDCE clocked by sys_clk_pin  {rise@0.000ns fall@5.000ns period=10.000ns})
  Path Group:             sys_clk_pin
  Path Type:              Hold (Min at Fast Process Corner)
  Requirement:            0.000ns  (sys_clk_pin rise@0.000ns - sys_clk_pin rise@0.000ns)
  Data Path Delay:        0.418ns  (logic 0.249ns (59.540%)  route 0.169ns (40.460%))
  Logic Levels:           2  (CARRY4=1 LUT5=1)
  Clock Path Skew:        0.000ns (DCD - SCD - CPR)
    Destination Clock Delay (DCD):    1.929ns
    Source Clock Delay      (SCD):    1.571ns
    Clock Pessimism Removal (CPR):    0.358ns

    Location             Delay type                Incr(ns)  Path(ns)    Netlist Resource(s)
  -------------------------------------------------------------------    -------------------
                         (clock sys_clk_pin rise edge)
                                                      0.000     0.000 r  
    R2                                                0.000     0.000 r  clk (IN)
                         net (fo=0)                   0.000     0.000    clk
    R2                   IBUF (Prop_ibuf_I_O)         0.320     0.320 r  clk_IBUF_inst/O
                         net (fo=1, routed)           0.631     0.951    clk_IBUF
    BUFGCTRL_X0Y0        BUFG (Prop_bufg_I_O)         0.026     0.977 r  clk_IBUF_BUFG_inst/O
                         net (fo=29, routed)          0.595     1.571    clk_gen/clk_IBUF_BUFG
    SLICE_X3Y5           FDCE                                         r  clk_gen/counter_50hz_reg[11]/C
  -------------------------------------------------------------------    -------------------
    SLICE_X3Y5           FDCE (Prop_fdce_C_Q)         0.141     1.712 r  clk_gen/counter_50hz_reg[11]/Q
                         net (fo=2, routed)           0.169     1.881    clk_gen/counter_50hz_reg[11]
    SLICE_X3Y5           LUT5 (Prop_lut5_I0_O)        0.045     1.926 r  clk_gen/counter_50hz[8]_i_2/O
                         net (fo=1, routed)           0.000     1.926    clk_gen/counter_50hz[8]_i_2_n_0
    SLICE_X3Y5           CARRY4 (Prop_carry4_S[3]_O[3])
                                                      0.063     1.989 r  clk_gen/counter_50hz_reg[8]_i_1/O[3]
                         net (fo=1, routed)           0.000     1.989    clk_gen/counter_50hz_reg[8]_i_1_n_4
    SLICE_X3Y5           FDCE                                         r  clk_gen/counter_50hz_reg[11]/D
  -------------------------------------------------------------------    -------------------

                         (clock sys_clk_pin rise edge)
                                                      0.000     0.000 r  
    R2                                                0.000     0.000 r  clk (IN)
                         net (fo=0)                   0.000     0.000    clk
    R2                   IBUF (Prop_ibuf_I_O)         0.350     0.350 r  clk_IBUF_inst/O
                         net (fo=1, routed)           0.685     1.035    clk_IBUF
    BUFGCTRL_X0Y0        BUFG (Prop_bufg_I_O)         0.029     1.064 r  clk_IBUF_BUFG_inst/O
                         net (fo=29, routed)          0.866     1.929    clk_gen/clk_IBUF_BUFG
    SLICE_X3Y5           FDCE                                         r  clk_gen/counter_50hz_reg[11]/C
                         clock pessimism             -0.358     1.571    
    SLICE_X3Y5           FDCE (Hold_fdce_C_D)         0.105     1.676    clk_gen/counter_50hz_reg[11]
  -------------------------------------------------------------------
                         required time                         -1.676    
                         arrival time                           1.989    
  -------------------------------------------------------------------
                         slack                                  0.313    

Slack (MET) :             0.313ns  (arrival time - required time)
  Source:                 clk_gen/counter_50hz_reg[3]/C
                            (rising edge-triggered cell FDCE clocked by sys_clk_pin  {rise@0.000ns fall@5.000ns period=10.000ns})
  Destination:            clk_gen/counter_50hz_reg[3]/D
                            (rising edge-triggered cell FDCE clocked by sys_clk_pin  {rise@0.000ns fall@5.000ns period=10.000ns})
  Path Group:             sys_clk_pin
  Path Type:              Hold (Min at Fast Process Corner)
  Requirement:            0.000ns  (sys_clk_pin rise@0.000ns - sys_clk_pin rise@0.000ns)
  Data Path Delay:        0.418ns  (logic 0.249ns (59.540%)  route 0.169ns (40.460%))
  Logic Levels:           2  (CARRY4=1 LUT5=1)
  Clock Path Skew:        0.000ns (DCD - SCD - CPR)
    Destination Clock Delay (DCD):    1.929ns
    Source Clock Delay      (SCD):    1.571ns
    Clock Pessimism Removal (CPR):    0.358ns

    Location             Delay type                Incr(ns)  Path(ns)    Netlist Resource(s)
  -------------------------------------------------------------------    -------------------
                         (clock sys_clk_pin rise edge)
                                                      0.000     0.000 r  
    R2                                                0.000     0.000 r  clk (IN)
                         net (fo=0)                   0.000     0.000    clk
    R2                   IBUF (Prop_ibuf_I_O)         0.320     0.320 r  clk_IBUF_inst/O
                         net (fo=1, routed)           0.631     0.951    clk_IBUF
    BUFGCTRL_X0Y0        BUFG (Prop_bufg_I_O)         0.026     0.977 r  clk_IBUF_BUFG_inst/O
                         net (fo=29, routed)          0.595     1.571    clk_gen/clk_IBUF_BUFG
    SLICE_X3Y3           FDCE                                         r  clk_gen/counter_50hz_reg[3]/C
  -------------------------------------------------------------------    -------------------
    SLICE_X3Y3           FDCE (Prop_fdce_C_Q)         0.141     1.712 r  clk_gen/counter_50hz_reg[3]/Q
                         net (fo=2, routed)           0.169     1.881    clk_gen/counter_50hz_reg[3]
    SLICE_X3Y3           LUT5 (Prop_lut5_I0_O)        0.045     1.926 r  clk_gen/counter_50hz[0]_i_3/O
                         net (fo=1, routed)           0.000     1.926    clk_gen/counter_50hz[0]_i_3_n_0
    SLICE_X3Y3           CARRY4 (Prop_carry4_S[3]_O[3])
                                                      0.063     1.989 r  clk_gen/counter_50hz_reg[0]_i_1/O[3]
                         net (fo=1, routed)           0.000     1.989    clk_gen/counter_50hz_reg[0]_i_1_n_4
    SLICE_X3Y3           FDCE                                         r  clk_gen/counter_50hz_reg[3]/D
  -------------------------------------------------------------------    -------------------

                         (clock sys_clk_pin rise edge)
                                                      0.000     0.000 r  
    R2                                                0.000     0.000 r  clk (IN)
                         net (fo=0)                   0.000     0.000    clk
    R2                   IBUF (Prop_ibuf_I_O)         0.350     0.350 r  clk_IBUF_inst/O
                         net (fo=1, routed)           0.685     1.035    clk_IBUF
    BUFGCTRL_X0Y0        BUFG (Prop_bufg_I_O)         0.029     1.064 r  clk_IBUF_BUFG_inst/O
                         net (fo=29, routed)          0.866     1.929    clk_gen/clk_IBUF_BUFG
    SLICE_X3Y3           FDCE                                         r  clk_gen/counter_50hz_reg[3]/C
                         clock pessimism             -0.358     1.571    
    SLICE_X3Y3           FDCE (Hold_fdce_C_D)         0.105     1.676    clk_gen/counter_50hz_reg[3]
  -------------------------------------------------------------------
                         required time                         -1.676    
                         arrival time                           1.989    
  -------------------------------------------------------------------
                         slack                                  0.313    

Slack (MET) :             0.314ns  (arrival time - required time)
  Source:                 clk_gen/counter_50hz_reg[7]/C
                            (rising edge-triggered cell FDCE clocked by sys_clk_pin  {rise@0.000ns fall@5.000ns period=10.000ns})
  Destination:            clk_gen/counter_50hz_reg[7]/D
                            (rising edge-triggered cell FDCE clocked by sys_clk_pin  {rise@0.000ns fall@5.000ns period=10.000ns})
  Path Group:             sys_clk_pin
  Path Type:              Hold (Min at Fast Process Corner)
  Requirement:            0.000ns  (sys_clk_pin rise@0.000ns - sys_clk_pin rise@0.000ns)
  Data Path Delay:        0.419ns  (logic 0.249ns (59.393%)  route 0.170ns (40.607%))
  Logic Levels:           2  (CARRY4=1 LUT5=1)
  Clock Path Skew:        0.000ns (DCD - SCD - CPR)
    Destination Clock Delay (DCD):    1.929ns
    Source Clock Delay      (SCD):    1.571ns
    Clock Pessimism Removal (CPR):    0.358ns

    Location             Delay type                Incr(ns)  Path(ns)    Netlist Resource(s)
  -------------------------------------------------------------------    -------------------
                         (clock sys_clk_pin rise edge)
                                                      0.000     0.000 r  
    R2                                                0.000     0.000 r  clk (IN)
                         net (fo=0)                   0.000     0.000    clk
    R2                   IBUF (Prop_ibuf_I_O)         0.320     0.320 r  clk_IBUF_inst/O
                         net (fo=1, routed)           0.631     0.951    clk_IBUF
    BUFGCTRL_X0Y0        BUFG (Prop_bufg_I_O)         0.026     0.977 r  clk_IBUF_BUFG_inst/O
                         net (fo=29, routed)          0.595     1.571    clk_gen/clk_IBUF_BUFG
    SLICE_X3Y4           FDCE                                         r  clk_gen/counter_50hz_reg[7]/C
  -------------------------------------------------------------------    -------------------
    SLICE_X3Y4           FDCE (Prop_fdce_C_Q)         0.141     1.712 r  clk_gen/counter_50hz_reg[7]/Q
                         net (fo=2, routed)           0.170     1.882    clk_gen/counter_50hz_reg[7]
    SLICE_X3Y4           LUT5 (Prop_lut5_I0_O)        0.045     1.927 r  clk_gen/counter_50hz[4]_i_2/O
                         net (fo=1, routed)           0.000     1.927    clk_gen/counter_50hz[4]_i_2_n_0
    SLICE_X3Y4           CARRY4 (Prop_carry4_S[3]_O[3])
                                                      0.063     1.990 r  clk_gen/counter_50hz_reg[4]_i_1/O[3]
                         net (fo=1, routed)           0.000     1.990    clk_gen/counter_50hz_reg[4]_i_1_n_4
    SLICE_X3Y4           FDCE                                         r  clk_gen/counter_50hz_reg[7]/D
  -------------------------------------------------------------------    -------------------

                         (clock sys_clk_pin rise edge)
                                                      0.000     0.000 r  
    R2                                                0.000     0.000 r  clk (IN)
                         net (fo=0)                   0.000     0.000    clk
    R2                   IBUF (Prop_ibuf_I_O)         0.350     0.350 r  clk_IBUF_inst/O
                         net (fo=1, routed)           0.685     1.035    clk_IBUF
    BUFGCTRL_X0Y0        BUFG (Prop_bufg_I_O)         0.029     1.064 r  clk_IBUF_BUFG_inst/O
                         net (fo=29, routed)          0.866     1.929    clk_gen/clk_IBUF_BUFG
    SLICE_X3Y4           FDCE                                         r  clk_gen/counter_50hz_reg[7]/C
                         clock pessimism             -0.358     1.571    
    SLICE_X3Y4           FDCE (Hold_fdce_C_D)         0.105     1.676    clk_gen/counter_50hz_reg[7]
  -------------------------------------------------------------------
                         required time                         -1.676    
                         arrival time                           1.990    
  -------------------------------------------------------------------
                         slack                                  0.314    

Slack (MET) :             0.315ns  (arrival time - required time)
  Source:                 clk_gen/counter_50hz_reg[14]/C
                            (rising edge-triggered cell FDCE clocked by sys_clk_pin  {rise@0.000ns fall@5.000ns period=10.000ns})
  Destination:            clk_gen/counter_50hz_reg[14]/D
                            (rising edge-triggered cell FDCE clocked by sys_clk_pin  {rise@0.000ns fall@5.000ns period=10.000ns})
  Path Group:             sys_clk_pin
  Path Type:              Hold (Min at Fast Process Corner)
  Requirement:            0.000ns  (sys_clk_pin rise@0.000ns - sys_clk_pin rise@0.000ns)
  Data Path Delay:        0.420ns  (logic 0.252ns (60.041%)  route 0.168ns (39.959%))
  Logic Levels:           2  (CARRY4=1 LUT4=1)
  Clock Path Skew:        0.000ns (DCD - SCD - CPR)
    Destination Clock Delay (DCD):    1.929ns
    Source Clock Delay      (SCD):    1.571ns
    Clock Pessimism Removal (CPR):    0.358ns

    Location             Delay type                Incr(ns)  Path(ns)    Netlist Resource(s)
  -------------------------------------------------------------------    -------------------
                         (clock sys_clk_pin rise edge)
                                                      0.000     0.000 r  
    R2                                                0.000     0.000 r  clk (IN)
                         net (fo=0)                   0.000     0.000    clk
    R2                   IBUF (Prop_ibuf_I_O)         0.320     0.320 r  clk_IBUF_inst/O
                         net (fo=1, routed)           0.631     0.951    clk_IBUF
    BUFGCTRL_X0Y0        BUFG (Prop_bufg_I_O)         0.026     0.977 r  clk_IBUF_BUFG_inst/O
                         net (fo=29, routed)          0.595     1.571    clk_gen/clk_IBUF_BUFG
    SLICE_X3Y6           FDCE                                         r  clk_gen/counter_50hz_reg[14]/C
  -------------------------------------------------------------------    -------------------
    SLICE_X3Y6           FDCE (Prop_fdce_C_Q)         0.141     1.712 r  clk_gen/counter_50hz_reg[14]/Q
                         net (fo=21, routed)          0.168     1.880    clk_gen/counter_50hz_reg[14]
    SLICE_X3Y6           LUT4 (Prop_lut4_I3_O)        0.045     1.925 r  clk_gen/counter_50hz[12]_i_3/O
                         net (fo=1, routed)           0.000     1.925    clk_gen/counter_50hz[12]_i_3_n_0
    SLICE_X3Y6           CARRY4 (Prop_carry4_S[2]_O[2])
                                                      0.066     1.991 r  clk_gen/counter_50hz_reg[12]_i_1/O[2]
                         net (fo=1, routed)           0.000     1.991    clk_gen/counter_50hz_reg[12]_i_1_n_5
    SLICE_X3Y6           FDCE                                         r  clk_gen/counter_50hz_reg[14]/D
  -------------------------------------------------------------------    -------------------

                         (clock sys_clk_pin rise edge)
                                                      0.000     0.000 r  
    R2                                                0.000     0.000 r  clk (IN)
                         net (fo=0)                   0.000     0.000    clk
    R2                   IBUF (Prop_ibuf_I_O)         0.350     0.350 r  clk_IBUF_inst/O
                         net (fo=1, routed)           0.685     1.035    clk_IBUF
    BUFGCTRL_X0Y0        BUFG (Prop_bufg_I_O)         0.029     1.064 r  clk_IBUF_BUFG_inst/O
                         net (fo=29, routed)          0.866     1.929    clk_gen/clk_IBUF_BUFG
    SLICE_X3Y6           FDCE                                         r  clk_gen/counter_50hz_reg[14]/C
                         clock pessimism             -0.358     1.571    
    SLICE_X3Y6           FDCE (Hold_fdce_C_D)         0.105     1.676    clk_gen/counter_50hz_reg[14]
  -------------------------------------------------------------------
                         required time                         -1.676    
                         arrival time                           1.991    
  -------------------------------------------------------------------
                         slack                                  0.315    





Pulse Width Checks
--------------------------------------------------------------------------------------
Clock Name:         sys_clk_pin
Waveform(ns):       { 0.000 5.000 }
Period(ns):         10.000
Sources:            { clk }

Check Type        Corner  Lib Pin  Reference Pin  Required(ns)  Actual(ns)  Slack(ns)  Location       Pin
Min Period        n/a     BUFG/I   n/a            2.155         10.000      7.845      BUFGCTRL_X0Y0  clk_IBUF_BUFG_inst/I
Min Period        n/a     FDCE/C   n/a            1.000         10.000      9.000      SLICE_X0Y8     count_reg[0]/C
Min Period        n/a     FDCE/C   n/a            1.000         10.000      9.000      SLICE_X0Y8     count_reg[1]/C
Min Period        n/a     FDCE/C   n/a            1.000         10.000      9.000      SLICE_X0Y8     count_reg[2]/C
Min Period        n/a     FDCE/C   n/a            1.000         10.000      9.000      SLICE_X0Y9     count_reg[3]/C
Min Period        n/a     FDCE/C   n/a            1.000         10.000      9.000      SLICE_X2Y6     clk_gen/clk_50hz_reg/C
Min Period        n/a     FDCE/C   n/a            1.000         10.000      9.000      SLICE_X3Y3     clk_gen/counter_50hz_reg[0]/C
Min Period        n/a     FDCE/C   n/a            1.000         10.000      9.000      SLICE_X3Y5     clk_gen/counter_50hz_reg[10]/C
Min Period        n/a     FDCE/C   n/a            1.000         10.000      9.000      SLICE_X3Y5     clk_gen/counter_50hz_reg[11]/C
Min Period        n/a     FDCE/C   n/a            1.000         10.000      9.000      SLICE_X3Y6     clk_gen/counter_50hz_reg[12]/C
Low Pulse Width   Slow    FDCE/C   n/a            0.500         5.000       4.500      SLICE_X0Y8     count_reg[0]/C
Low Pulse Width   Fast    FDCE/C   n/a            0.500         5.000       4.500      SLICE_X0Y8     count_reg[0]/C
Low Pulse Width   Slow    FDCE/C   n/a            0.500         5.000       4.500      SLICE_X0Y8     count_reg[1]/C
Low Pulse Width   Fast    FDCE/C   n/a            0.500         5.000       4.500      SLICE_X0Y8     count_reg[1]/C
Low Pulse Width   Slow    FDCE/C   n/a            0.500         5.000       4.500      SLICE_X0Y8     count_reg[2]/C
Low Pulse Width   Fast    FDCE/C   n/a            0.500         5.000       4.500      SLICE_X0Y8     count_reg[2]/C
Low Pulse Width   Slow    FDCE/C   n/a            0.500         5.000       4.500      SLICE_X0Y9     count_reg[3]/C
Low Pulse Width   Fast    FDCE/C   n/a            0.500         5.000       4.500      SLICE_X0Y9     count_reg[3]/C
Low Pulse Width   Slow    FDCE/C   n/a            0.500         5.000       4.500      SLICE_X2Y6     clk_gen/clk_50hz_reg/C
Low Pulse Width   Fast    FDCE/C   n/a            0.500         5.000       4.500      SLICE_X2Y6     clk_gen/clk_50hz_reg/C
High Pulse Width  Slow    FDCE/C   n/a            0.500         5.000       4.500      SLICE_X0Y8     count_reg[0]/C
High Pulse Width  Fast    FDCE/C   n/a            0.500         5.000       4.500      SLICE_X0Y8     count_reg[0]/C
High Pulse Width  Slow    FDCE/C   n/a            0.500         5.000       4.500      SLICE_X0Y8     count_reg[1]/C
High Pulse Width  Fast    FDCE/C   n/a            0.500         5.000       4.500      SLICE_X0Y8     count_reg[1]/C
High Pulse Width  Slow    FDCE/C   n/a            0.500         5.000       4.500      SLICE_X0Y8     count_reg[2]/C
High Pulse Width  Fast    FDCE/C   n/a            0.500         5.000       4.500      SLICE_X0Y8     count_reg[2]/C
High Pulse Width  Slow    FDCE/C   n/a            0.500         5.000       4.500      SLICE_X0Y9     count_reg[3]/C
High Pulse Width  Fast    FDCE/C   n/a            0.500         5.000       4.500      SLICE_X0Y9     count_reg[3]/C
High Pulse Width  Slow    FDCE/C   n/a            0.500         5.000       4.500      SLICE_X2Y6     clk_gen/clk_50hz_reg/C
High Pulse Width  Fast    FDCE/C   n/a            0.500         5.000       4.500      SLICE_X2Y6     clk_gen/clk_50hz_reg/C



