Copyright 1986-2021 Xilinx, Inc. All Rights Reserved.
--------------------------------------------------------------------------------------------------------------------------------------------------------------------------------------------------------------------
| Tool Version : Vivado v.2021.1 (win64) Build 3247384 Thu Jun 10 19:36:33 MDT 2021
| Date         : Wed Mar 19 14:40:54 2025
| Host         : MinsungKim running 64-bit major release  (build 9200)
| Command      : report_timing_summary -max_paths 10 -file fsm_counter_top_timing_summary_routed.rpt -pb fsm_counter_top_timing_summary_routed.pb -rpx fsm_counter_top_timing_summary_routed.rpx -warn_on_violation
| Design       : fsm_counter_top
| Device       : 7s50-csga324
| Speed File   : -1  PRODUCTION 1.23 2018-06-13
--------------------------------------------------------------------------------------------------------------------------------------------------------------------------------------------------------------------

Timing Summary Report

------------------------------------------------------------------------------------------------
| Timer Settings
| --------------
------------------------------------------------------------------------------------------------

  Enable Multi Corner Analysis               :  Yes
  Enable Pessimism Removal                   :  Yes
  Pessimism Removal Resolution               :  Nearest Common Node
  Enable Input Delay Default Clock           :  No
  Enable Preset / Clear Arcs                 :  No
  Disable Flight Delays                      :  No
  Ignore I/O Paths                           :  No
  Timing Early Launch at Borrowing Latches   :  No
  Borrow Time for Max Delay Exceptions       :  Yes
  Merge Timing Exceptions                    :  Yes

  Corner  Analyze    Analyze    
  Name    Max Paths  Min Paths  
  ------  ---------  ---------  
  Slow    Yes        Yes        
  Fast    Yes        Yes        


------------------------------------------------------------------------------------------------
| Report Methodology
| ------------------
------------------------------------------------------------------------------------------------

Rule       Severity          Description                    Violations  
---------  ----------------  -----------------------------  ----------  
TIMING-17  Critical Warning  Non-clocked sequential cell    8           
TIMING-18  Warning           Missing input or output delay  9           

Note: This report is based on the most recent report_methodology run and may not be up-to-date. Run report_methodology on the current design for the latest report.



check_timing report

Table of Contents
-----------------
1. checking no_clock (8)
2. checking constant_clock (0)
3. checking pulse_width_clock (0)
4. checking unconstrained_internal_endpoints (20)
5. checking no_input_delay (3)
6. checking no_output_delay (10)
7. checking multiple_clock (0)
8. checking generated_clocks (0)
9. checking loops (0)
10. checking partial_input_delay (0)
11. checking partial_output_delay (0)
12. checking latch_loops (0)

1. checking no_clock (8)
------------------------
 There are 4 register/latch pins with no clock driven by root clock pin: clk_div_inst/clk_1hz_reg/Q (HIGH)

 There are 4 register/latch pins with no clock driven by root clock pin: clk_div_inst/clk_50hz_reg/Q (HIGH)


2. checking constant_clock (0)
------------------------------
 There are 0 register/latch pins with constant_clock.


3. checking pulse_width_clock (0)
---------------------------------
 There are 0 register/latch pins which need pulse_width check


4. checking unconstrained_internal_endpoints (20)
-------------------------------------------------
 There are 20 pins that are not constrained for maximum delay. (HIGH)

 There are 0 pins that are not constrained for maximum delay due to constant clock.


5. checking no_input_delay (3)
------------------------------
 There are 3 input ports with no input delay specified. (HIGH)

 There are 0 input ports with no input delay but user has a false path constraint.


6. checking no_output_delay (10)
--------------------------------
 There are 10 ports with no output delay specified. (HIGH)

 There are 0 ports with no output delay but user has a false path constraint

 There are 0 ports with no output delay but with a timing clock defined on it or propagating through it


7. checking multiple_clock (0)
------------------------------
 There are 0 register/latch pins with multiple clocks.


8. checking generated_clocks (0)
--------------------------------
 There are 0 generated clocks that are not connected to a clock source.


9. checking loops (0)
---------------------
 There are 0 combinational loops in the design.


10. checking partial_input_delay (0)
------------------------------------
 There are 0 input ports with partial input delay specified.


11. checking partial_output_delay (0)
-------------------------------------
 There are 0 ports with partial output delay specified.


12. checking latch_loops (0)
----------------------------
 There are 0 combinational latch loops in the design through latch input



------------------------------------------------------------------------------------------------
| Design Timing Summary
| ---------------------
------------------------------------------------------------------------------------------------

    WNS(ns)      TNS(ns)  TNS Failing Endpoints  TNS Total Endpoints      WHS(ns)      THS(ns)  THS Failing Endpoints  THS Total Endpoints     WPWS(ns)     TPWS(ns)  TPWS Failing Endpoints  TPWS Total Endpoints  
    -------      -------  ---------------------  -------------------      -------      -------  ---------------------  -------------------     --------     --------  ----------------------  --------------------  
      5.222        0.000                      0                   48        0.182        0.000                      0                   48        4.500        0.000                       0                    49  


All user specified timing constraints are met.


------------------------------------------------------------------------------------------------
| Clock Summary
| -------------
------------------------------------------------------------------------------------------------

Clock        Waveform(ns)       Period(ns)      Frequency(MHz)
-----        ------------       ----------      --------------
sys_clk_pin  {0.000 5.000}      10.000          100.000         


------------------------------------------------------------------------------------------------
| Intra Clock Table
| -----------------
------------------------------------------------------------------------------------------------

Clock             WNS(ns)      TNS(ns)  TNS Failing Endpoints  TNS Total Endpoints      WHS(ns)      THS(ns)  THS Failing Endpoints  THS Total Endpoints     WPWS(ns)     TPWS(ns)  TPWS Failing Endpoints  TPWS Total Endpoints  
-----             -------      -------  ---------------------  -------------------      -------      -------  ---------------------  -------------------     --------     --------  ----------------------  --------------------  
sys_clk_pin         5.222        0.000                      0                   48        0.182        0.000                      0                   48        4.500        0.000                       0                    49  


------------------------------------------------------------------------------------------------
| Inter Clock Table
| -----------------
------------------------------------------------------------------------------------------------

From Clock    To Clock          WNS(ns)      TNS(ns)  TNS Failing Endpoints  TNS Total Endpoints      WHS(ns)      THS(ns)  THS Failing Endpoints  THS Total Endpoints  
----------    --------          -------      -------  ---------------------  -------------------      -------      -------  ---------------------  -------------------  


------------------------------------------------------------------------------------------------
| Other Path Groups Table
| -----------------------
------------------------------------------------------------------------------------------------

Path Group    From Clock    To Clock          WNS(ns)      TNS(ns)  TNS Failing Endpoints  TNS Total Endpoints      WHS(ns)      THS(ns)  THS Failing Endpoints  THS Total Endpoints  
----------    ----------    --------          -------      -------  ---------------------  -------------------      -------      -------  ---------------------  -------------------  


------------------------------------------------------------------------------------------------
| Timing Details
| --------------
------------------------------------------------------------------------------------------------


---------------------------------------------------------------------------------------------------
From Clock:  sys_clk_pin
  To Clock:  sys_clk_pin

Setup :            0  Failing Endpoints,  Worst Slack        5.222ns,  Total Violation        0.000ns
Hold  :            0  Failing Endpoints,  Worst Slack        0.182ns,  Total Violation        0.000ns
PW    :            0  Failing Endpoints,  Worst Slack        4.500ns,  Total Violation        0.000ns
---------------------------------------------------------------------------------------------------


Max Delay Paths
--------------------------------------------------------------------------------------
Slack (MET) :             5.222ns  (required time - arrival time)
  Source:                 clk_div_inst/counter_1hz_reg[23]/C
                            (rising edge-triggered cell FDCE clocked by sys_clk_pin  {rise@0.000ns fall@5.000ns period=10.000ns})
  Destination:            clk_div_inst/counter_1hz_reg[25]/D
                            (rising edge-triggered cell FDCE clocked by sys_clk_pin  {rise@0.000ns fall@5.000ns period=10.000ns})
  Path Group:             sys_clk_pin
  Path Type:              Setup (Max at Slow Process Corner)
  Requirement:            10.000ns  (sys_clk_pin rise@10.000ns - sys_clk_pin rise@0.000ns)
  Data Path Delay:        4.827ns  (logic 2.207ns (45.724%)  route 2.620ns (54.276%))
  Logic Levels:           9  (CARRY4=7 LUT5=1 LUT6=1)
  Clock Path Skew:        -0.025ns (DCD - SCD + CPR)
    Destination Clock Delay (DCD):    4.286ns = ( 14.286 - 10.000 ) 
    Source Clock Delay      (SCD):    4.554ns
    Clock Pessimism Removal (CPR):    0.244ns
  Clock Uncertainty:      0.035ns  ((TSJ^2 + TIJ^2)^1/2 + DJ) / 2 + PE
    Total System Jitter     (TSJ):    0.071ns
    Total Input Jitter      (TIJ):    0.000ns
    Discrete Jitter          (DJ):    0.000ns
    Phase Error              (PE):    0.000ns

    Location             Delay type                Incr(ns)  Path(ns)    Netlist Resource(s)
  -------------------------------------------------------------------    -------------------
                         (clock sys_clk_pin rise edge)
                                                      0.000     0.000 r  
    R2                                                0.000     0.000 r  clk (IN)
                         net (fo=0)                   0.000     0.000    clk
    R2                   IBUF (Prop_ibuf_I_O)         0.854     0.854 r  clk_IBUF_inst/O
                         net (fo=1, routed)           1.967     2.821    clk_IBUF
    BUFGCTRL_X0Y0        BUFG (Prop_bufg_I_O)         0.096     2.917 r  clk_IBUF_BUFG_inst/O
                         net (fo=48, routed)          1.637     4.554    clk_div_inst/clk_IBUF_BUFG
    SLICE_X2Y7           FDCE                                         r  clk_div_inst/counter_1hz_reg[23]/C
  -------------------------------------------------------------------    -------------------
    SLICE_X2Y7           FDCE (Prop_fdce_C_Q)         0.518     5.072 f  clk_div_inst/counter_1hz_reg[23]/Q
                         net (fo=2, routed)           0.842     5.915    clk_div_inst/counter_1hz_reg[23]
    SLICE_X4Y8           LUT5 (Prop_lut5_I0_O)        0.124     6.039 r  clk_div_inst/clk_1hz_i_3/O
                         net (fo=27, routed)          1.777     7.816    clk_div_inst/clk_1hz_i_3_n_0
    SLICE_X2Y2           LUT6 (Prop_lut6_I3_O)        0.124     7.940 r  clk_div_inst/counter_1hz[0]_i_5/O
                         net (fo=1, routed)           0.000     7.940    clk_div_inst/counter_1hz[0]_i_5_n_0
    SLICE_X2Y2           CARRY4 (Prop_carry4_S[1]_CO[3])
                                                      0.533     8.473 r  clk_div_inst/counter_1hz_reg[0]_i_1/CO[3]
                         net (fo=1, routed)           0.000     8.473    clk_div_inst/counter_1hz_reg[0]_i_1_n_0
    SLICE_X2Y3           CARRY4 (Prop_carry4_CI_CO[3])
                                                      0.117     8.590 r  clk_div_inst/counter_1hz_reg[4]_i_1/CO[3]
                         net (fo=1, routed)           0.000     8.590    clk_div_inst/counter_1hz_reg[4]_i_1_n_0
    SLICE_X2Y4           CARRY4 (Prop_carry4_CI_CO[3])
                                                      0.117     8.707 r  clk_div_inst/counter_1hz_reg[8]_i_1/CO[3]
                         net (fo=1, routed)           0.000     8.707    clk_div_inst/counter_1hz_reg[8]_i_1_n_0
    SLICE_X2Y5           CARRY4 (Prop_carry4_CI_CO[3])
                                                      0.117     8.824 r  clk_div_inst/counter_1hz_reg[12]_i_1/CO[3]
                         net (fo=1, routed)           0.000     8.824    clk_div_inst/counter_1hz_reg[12]_i_1_n_0
    SLICE_X2Y6           CARRY4 (Prop_carry4_CI_CO[3])
                                                      0.117     8.941 r  clk_div_inst/counter_1hz_reg[16]_i_1/CO[3]
                         net (fo=1, routed)           0.000     8.941    clk_div_inst/counter_1hz_reg[16]_i_1_n_0
    SLICE_X2Y7           CARRY4 (Prop_carry4_CI_CO[3])
                                                      0.117     9.058 r  clk_div_inst/counter_1hz_reg[20]_i_1/CO[3]
                         net (fo=1, routed)           0.000     9.058    clk_div_inst/counter_1hz_reg[20]_i_1_n_0
    SLICE_X2Y8           CARRY4 (Prop_carry4_CI_O[1])
                                                      0.323     9.381 r  clk_div_inst/counter_1hz_reg[24]_i_1/O[1]
                         net (fo=1, routed)           0.000     9.381    clk_div_inst/counter_1hz_reg[24]_i_1_n_6
    SLICE_X2Y8           FDCE                                         r  clk_div_inst/counter_1hz_reg[25]/D
  -------------------------------------------------------------------    -------------------

                         (clock sys_clk_pin rise edge)
                                                     10.000    10.000 r  
    R2                                                0.000    10.000 r  clk (IN)
                         net (fo=0)                   0.000    10.000    clk
    R2                   IBUF (Prop_ibuf_I_O)         0.814    10.814 r  clk_IBUF_inst/O
                         net (fo=1, routed)           1.862    12.676    clk_IBUF
    BUFGCTRL_X0Y0        BUFG (Prop_bufg_I_O)         0.091    12.767 r  clk_IBUF_BUFG_inst/O
                         net (fo=48, routed)          1.518    14.286    clk_div_inst/clk_IBUF_BUFG
    SLICE_X2Y8           FDCE                                         r  clk_div_inst/counter_1hz_reg[25]/C
                         clock pessimism              0.244    14.529    
                         clock uncertainty           -0.035    14.494    
    SLICE_X2Y8           FDCE (Setup_fdce_C_D)        0.109    14.603    clk_div_inst/counter_1hz_reg[25]
  -------------------------------------------------------------------
                         required time                         14.603    
                         arrival time                          -9.381    
  -------------------------------------------------------------------
                         slack                                  5.222    

Slack (MET) :             5.326ns  (required time - arrival time)
  Source:                 clk_div_inst/counter_1hz_reg[23]/C
                            (rising edge-triggered cell FDCE clocked by sys_clk_pin  {rise@0.000ns fall@5.000ns period=10.000ns})
  Destination:            clk_div_inst/counter_1hz_reg[24]/D
                            (rising edge-triggered cell FDCE clocked by sys_clk_pin  {rise@0.000ns fall@5.000ns period=10.000ns})
  Path Group:             sys_clk_pin
  Path Type:              Setup (Max at Slow Process Corner)
  Requirement:            10.000ns  (sys_clk_pin rise@10.000ns - sys_clk_pin rise@0.000ns)
  Data Path Delay:        4.723ns  (logic 2.103ns (44.529%)  route 2.620ns (55.471%))
  Logic Levels:           9  (CARRY4=7 LUT5=1 LUT6=1)
  Clock Path Skew:        -0.025ns (DCD - SCD + CPR)
    Destination Clock Delay (DCD):    4.286ns = ( 14.286 - 10.000 ) 
    Source Clock Delay      (SCD):    4.554ns
    Clock Pessimism Removal (CPR):    0.244ns
  Clock Uncertainty:      0.035ns  ((TSJ^2 + TIJ^2)^1/2 + DJ) / 2 + PE
    Total System Jitter     (TSJ):    0.071ns
    Total Input Jitter      (TIJ):    0.000ns
    Discrete Jitter          (DJ):    0.000ns
    Phase Error              (PE):    0.000ns

    Location             Delay type                Incr(ns)  Path(ns)    Netlist Resource(s)
  -------------------------------------------------------------------    -------------------
                         (clock sys_clk_pin rise edge)
                                                      0.000     0.000 r  
    R2                                                0.000     0.000 r  clk (IN)
                         net (fo=0)                   0.000     0.000    clk
    R2                   IBUF (Prop_ibuf_I_O)         0.854     0.854 r  clk_IBUF_inst/O
                         net (fo=1, routed)           1.967     2.821    clk_IBUF
    BUFGCTRL_X0Y0        BUFG (Prop_bufg_I_O)         0.096     2.917 r  clk_IBUF_BUFG_inst/O
                         net (fo=48, routed)          1.637     4.554    clk_div_inst/clk_IBUF_BUFG
    SLICE_X2Y7           FDCE                                         r  clk_div_inst/counter_1hz_reg[23]/C
  -------------------------------------------------------------------    -------------------
    SLICE_X2Y7           FDCE (Prop_fdce_C_Q)         0.518     5.072 f  clk_div_inst/counter_1hz_reg[23]/Q
                         net (fo=2, routed)           0.842     5.915    clk_div_inst/counter_1hz_reg[23]
    SLICE_X4Y8           LUT5 (Prop_lut5_I0_O)        0.124     6.039 r  clk_div_inst/clk_1hz_i_3/O
                         net (fo=27, routed)          1.777     7.816    clk_div_inst/clk_1hz_i_3_n_0
    SLICE_X2Y2           LUT6 (Prop_lut6_I3_O)        0.124     7.940 r  clk_div_inst/counter_1hz[0]_i_5/O
                         net (fo=1, routed)           0.000     7.940    clk_div_inst/counter_1hz[0]_i_5_n_0
    SLICE_X2Y2           CARRY4 (Prop_carry4_S[1]_CO[3])
                                                      0.533     8.473 r  clk_div_inst/counter_1hz_reg[0]_i_1/CO[3]
                         net (fo=1, routed)           0.000     8.473    clk_div_inst/counter_1hz_reg[0]_i_1_n_0
    SLICE_X2Y3           CARRY4 (Prop_carry4_CI_CO[3])
                                                      0.117     8.590 r  clk_div_inst/counter_1hz_reg[4]_i_1/CO[3]
                         net (fo=1, routed)           0.000     8.590    clk_div_inst/counter_1hz_reg[4]_i_1_n_0
    SLICE_X2Y4           CARRY4 (Prop_carry4_CI_CO[3])
                                                      0.117     8.707 r  clk_div_inst/counter_1hz_reg[8]_i_1/CO[3]
                         net (fo=1, routed)           0.000     8.707    clk_div_inst/counter_1hz_reg[8]_i_1_n_0
    SLICE_X2Y5           CARRY4 (Prop_carry4_CI_CO[3])
                                                      0.117     8.824 r  clk_div_inst/counter_1hz_reg[12]_i_1/CO[3]
                         net (fo=1, routed)           0.000     8.824    clk_div_inst/counter_1hz_reg[12]_i_1_n_0
    SLICE_X2Y6           CARRY4 (Prop_carry4_CI_CO[3])
                                                      0.117     8.941 r  clk_div_inst/counter_1hz_reg[16]_i_1/CO[3]
                         net (fo=1, routed)           0.000     8.941    clk_div_inst/counter_1hz_reg[16]_i_1_n_0
    SLICE_X2Y7           CARRY4 (Prop_carry4_CI_CO[3])
                                                      0.117     9.058 r  clk_div_inst/counter_1hz_reg[20]_i_1/CO[3]
                         net (fo=1, routed)           0.000     9.058    clk_div_inst/counter_1hz_reg[20]_i_1_n_0
    SLICE_X2Y8           CARRY4 (Prop_carry4_CI_O[0])
                                                      0.219     9.277 r  clk_div_inst/counter_1hz_reg[24]_i_1/O[0]
                         net (fo=1, routed)           0.000     9.277    clk_div_inst/counter_1hz_reg[24]_i_1_n_7
    SLICE_X2Y8           FDCE                                         r  clk_div_inst/counter_1hz_reg[24]/D
  -------------------------------------------------------------------    -------------------

                         (clock sys_clk_pin rise edge)
                                                     10.000    10.000 r  
    R2                                                0.000    10.000 r  clk (IN)
                         net (fo=0)                   0.000    10.000    clk
    R2                   IBUF (Prop_ibuf_I_O)         0.814    10.814 r  clk_IBUF_inst/O
                         net (fo=1, routed)           1.862    12.676    clk_IBUF
    BUFGCTRL_X0Y0        BUFG (Prop_bufg_I_O)         0.091    12.767 r  clk_IBUF_BUFG_inst/O
                         net (fo=48, routed)          1.518    14.286    clk_div_inst/clk_IBUF_BUFG
    SLICE_X2Y8           FDCE                                         r  clk_div_inst/counter_1hz_reg[24]/C
                         clock pessimism              0.244    14.529    
                         clock uncertainty           -0.035    14.494    
    SLICE_X2Y8           FDCE (Setup_fdce_C_D)        0.109    14.603    clk_div_inst/counter_1hz_reg[24]
  -------------------------------------------------------------------
                         required time                         14.603    
                         arrival time                          -9.277    
  -------------------------------------------------------------------
                         slack                                  5.326    

Slack (MET) :             5.364ns  (required time - arrival time)
  Source:                 clk_div_inst/counter_1hz_reg[23]/C
                            (rising edge-triggered cell FDCE clocked by sys_clk_pin  {rise@0.000ns fall@5.000ns period=10.000ns})
  Destination:            clk_div_inst/counter_1hz_reg[21]/D
                            (rising edge-triggered cell FDCE clocked by sys_clk_pin  {rise@0.000ns fall@5.000ns period=10.000ns})
  Path Group:             sys_clk_pin
  Path Type:              Setup (Max at Slow Process Corner)
  Requirement:            10.000ns  (sys_clk_pin rise@10.000ns - sys_clk_pin rise@0.000ns)
  Data Path Delay:        4.710ns  (logic 2.090ns (44.376%)  route 2.620ns (55.624%))
  Logic Levels:           8  (CARRY4=6 LUT5=1 LUT6=1)
  Clock Path Skew:        0.000ns (DCD - SCD + CPR)
    Destination Clock Delay (DCD):    4.286ns = ( 14.286 - 10.000 ) 
    Source Clock Delay      (SCD):    4.554ns
    Clock Pessimism Removal (CPR):    0.269ns
  Clock Uncertainty:      0.035ns  ((TSJ^2 + TIJ^2)^1/2 + DJ) / 2 + PE
    Total System Jitter     (TSJ):    0.071ns
    Total Input Jitter      (TIJ):    0.000ns
    Discrete Jitter          (DJ):    0.000ns
    Phase Error              (PE):    0.000ns

    Location             Delay type                Incr(ns)  Path(ns)    Netlist Resource(s)
  -------------------------------------------------------------------    -------------------
                         (clock sys_clk_pin rise edge)
                                                      0.000     0.000 r  
    R2                                                0.000     0.000 r  clk (IN)
                         net (fo=0)                   0.000     0.000    clk
    R2                   IBUF (Prop_ibuf_I_O)         0.854     0.854 r  clk_IBUF_inst/O
                         net (fo=1, routed)           1.967     2.821    clk_IBUF
    BUFGCTRL_X0Y0        BUFG (Prop_bufg_I_O)         0.096     2.917 r  clk_IBUF_BUFG_inst/O
                         net (fo=48, routed)          1.637     4.554    clk_div_inst/clk_IBUF_BUFG
    SLICE_X2Y7           FDCE                                         r  clk_div_inst/counter_1hz_reg[23]/C
  -------------------------------------------------------------------    -------------------
    SLICE_X2Y7           FDCE (Prop_fdce_C_Q)         0.518     5.072 f  clk_div_inst/counter_1hz_reg[23]/Q
                         net (fo=2, routed)           0.842     5.915    clk_div_inst/counter_1hz_reg[23]
    SLICE_X4Y8           LUT5 (Prop_lut5_I0_O)        0.124     6.039 r  clk_div_inst/clk_1hz_i_3/O
                         net (fo=27, routed)          1.777     7.816    clk_div_inst/clk_1hz_i_3_n_0
    SLICE_X2Y2           LUT6 (Prop_lut6_I3_O)        0.124     7.940 r  clk_div_inst/counter_1hz[0]_i_5/O
                         net (fo=1, routed)           0.000     7.940    clk_div_inst/counter_1hz[0]_i_5_n_0
    SLICE_X2Y2           CARRY4 (Prop_carry4_S[1]_CO[3])
                                                      0.533     8.473 r  clk_div_inst/counter_1hz_reg[0]_i_1/CO[3]
                         net (fo=1, routed)           0.000     8.473    clk_div_inst/counter_1hz_reg[0]_i_1_n_0
    SLICE_X2Y3           CARRY4 (Prop_carry4_CI_CO[3])
                                                      0.117     8.590 r  clk_div_inst/counter_1hz_reg[4]_i_1/CO[3]
                         net (fo=1, routed)           0.000     8.590    clk_div_inst/counter_1hz_reg[4]_i_1_n_0
    SLICE_X2Y4           CARRY4 (Prop_carry4_CI_CO[3])
                                                      0.117     8.707 r  clk_div_inst/counter_1hz_reg[8]_i_1/CO[3]
                         net (fo=1, routed)           0.000     8.707    clk_div_inst/counter_1hz_reg[8]_i_1_n_0
    SLICE_X2Y5           CARRY4 (Prop_carry4_CI_CO[3])
                                                      0.117     8.824 r  clk_div_inst/counter_1hz_reg[12]_i_1/CO[3]
                         net (fo=1, routed)           0.000     8.824    clk_div_inst/counter_1hz_reg[12]_i_1_n_0
    SLICE_X2Y6           CARRY4 (Prop_carry4_CI_CO[3])
                                                      0.117     8.941 r  clk_div_inst/counter_1hz_reg[16]_i_1/CO[3]
                         net (fo=1, routed)           0.000     8.941    clk_div_inst/counter_1hz_reg[16]_i_1_n_0
    SLICE_X2Y7           CARRY4 (Prop_carry4_CI_O[1])
                                                      0.323     9.264 r  clk_div_inst/counter_1hz_reg[20]_i_1/O[1]
                         net (fo=1, routed)           0.000     9.264    clk_div_inst/counter_1hz_reg[20]_i_1_n_6
    SLICE_X2Y7           FDCE                                         r  clk_div_inst/counter_1hz_reg[21]/D
  -------------------------------------------------------------------    -------------------

                         (clock sys_clk_pin rise edge)
                                                     10.000    10.000 r  
    R2                                                0.000    10.000 r  clk (IN)
                         net (fo=0)                   0.000    10.000    clk
    R2                   IBUF (Prop_ibuf_I_O)         0.814    10.814 r  clk_IBUF_inst/O
                         net (fo=1, routed)           1.862    12.676    clk_IBUF
    BUFGCTRL_X0Y0        BUFG (Prop_bufg_I_O)         0.091    12.767 r  clk_IBUF_BUFG_inst/O
                         net (fo=48, routed)          1.518    14.286    clk_div_inst/clk_IBUF_BUFG
    SLICE_X2Y7           FDCE                                         r  clk_div_inst/counter_1hz_reg[21]/C
                         clock pessimism              0.269    14.554    
                         clock uncertainty           -0.035    14.519    
    SLICE_X2Y7           FDCE (Setup_fdce_C_D)        0.109    14.628    clk_div_inst/counter_1hz_reg[21]
  -------------------------------------------------------------------
                         required time                         14.628    
                         arrival time                          -9.264    
  -------------------------------------------------------------------
                         slack                                  5.364    

Slack (MET) :             5.372ns  (required time - arrival time)
  Source:                 clk_div_inst/counter_1hz_reg[23]/C
                            (rising edge-triggered cell FDCE clocked by sys_clk_pin  {rise@0.000ns fall@5.000ns period=10.000ns})
  Destination:            clk_div_inst/counter_1hz_reg[23]/D
                            (rising edge-triggered cell FDCE clocked by sys_clk_pin  {rise@0.000ns fall@5.000ns period=10.000ns})
  Path Group:             sys_clk_pin
  Path Type:              Setup (Max at Slow Process Corner)
  Requirement:            10.000ns  (sys_clk_pin rise@10.000ns - sys_clk_pin rise@0.000ns)
  Data Path Delay:        4.702ns  (logic 2.082ns (44.281%)  route 2.620ns (55.719%))
  Logic Levels:           8  (CARRY4=6 LUT5=1 LUT6=1)
  Clock Path Skew:        0.000ns (DCD - SCD + CPR)
    Destination Clock Delay (DCD):    4.286ns = ( 14.286 - 10.000 ) 
    Source Clock Delay      (SCD):    4.554ns
    Clock Pessimism Removal (CPR):    0.269ns
  Clock Uncertainty:      0.035ns  ((TSJ^2 + TIJ^2)^1/2 + DJ) / 2 + PE
    Total System Jitter     (TSJ):    0.071ns
    Total Input Jitter      (TIJ):    0.000ns
    Discrete Jitter          (DJ):    0.000ns
    Phase Error              (PE):    0.000ns

    Location             Delay type                Incr(ns)  Path(ns)    Netlist Resource(s)
  -------------------------------------------------------------------    -------------------
                         (clock sys_clk_pin rise edge)
                                                      0.000     0.000 r  
    R2                                                0.000     0.000 r  clk (IN)
                         net (fo=0)                   0.000     0.000    clk
    R2                   IBUF (Prop_ibuf_I_O)         0.854     0.854 r  clk_IBUF_inst/O
                         net (fo=1, routed)           1.967     2.821    clk_IBUF
    BUFGCTRL_X0Y0        BUFG (Prop_bufg_I_O)         0.096     2.917 r  clk_IBUF_BUFG_inst/O
                         net (fo=48, routed)          1.637     4.554    clk_div_inst/clk_IBUF_BUFG
    SLICE_X2Y7           FDCE                                         r  clk_div_inst/counter_1hz_reg[23]/C
  -------------------------------------------------------------------    -------------------
    SLICE_X2Y7           FDCE (Prop_fdce_C_Q)         0.518     5.072 f  clk_div_inst/counter_1hz_reg[23]/Q
                         net (fo=2, routed)           0.842     5.915    clk_div_inst/counter_1hz_reg[23]
    SLICE_X4Y8           LUT5 (Prop_lut5_I0_O)        0.124     6.039 r  clk_div_inst/clk_1hz_i_3/O
                         net (fo=27, routed)          1.777     7.816    clk_div_inst/clk_1hz_i_3_n_0
    SLICE_X2Y2           LUT6 (Prop_lut6_I3_O)        0.124     7.940 r  clk_div_inst/counter_1hz[0]_i_5/O
                         net (fo=1, routed)           0.000     7.940    clk_div_inst/counter_1hz[0]_i_5_n_0
    SLICE_X2Y2           CARRY4 (Prop_carry4_S[1]_CO[3])
                                                      0.533     8.473 r  clk_div_inst/counter_1hz_reg[0]_i_1/CO[3]
                         net (fo=1, routed)           0.000     8.473    clk_div_inst/counter_1hz_reg[0]_i_1_n_0
    SLICE_X2Y3           CARRY4 (Prop_carry4_CI_CO[3])
                                                      0.117     8.590 r  clk_div_inst/counter_1hz_reg[4]_i_1/CO[3]
                         net (fo=1, routed)           0.000     8.590    clk_div_inst/counter_1hz_reg[4]_i_1_n_0
    SLICE_X2Y4           CARRY4 (Prop_carry4_CI_CO[3])
                                                      0.117     8.707 r  clk_div_inst/counter_1hz_reg[8]_i_1/CO[3]
                         net (fo=1, routed)           0.000     8.707    clk_div_inst/counter_1hz_reg[8]_i_1_n_0
    SLICE_X2Y5           CARRY4 (Prop_carry4_CI_CO[3])
                                                      0.117     8.824 r  clk_div_inst/counter_1hz_reg[12]_i_1/CO[3]
                         net (fo=1, routed)           0.000     8.824    clk_div_inst/counter_1hz_reg[12]_i_1_n_0
    SLICE_X2Y6           CARRY4 (Prop_carry4_CI_CO[3])
                                                      0.117     8.941 r  clk_div_inst/counter_1hz_reg[16]_i_1/CO[3]
                         net (fo=1, routed)           0.000     8.941    clk_div_inst/counter_1hz_reg[16]_i_1_n_0
    SLICE_X2Y7           CARRY4 (Prop_carry4_CI_O[3])
                                                      0.315     9.256 r  clk_div_inst/counter_1hz_reg[20]_i_1/O[3]
                         net (fo=1, routed)           0.000     9.256    clk_div_inst/counter_1hz_reg[20]_i_1_n_4
    SLICE_X2Y7           FDCE                                         r  clk_div_inst/counter_1hz_reg[23]/D
  -------------------------------------------------------------------    -------------------

                         (clock sys_clk_pin rise edge)
                                                     10.000    10.000 r  
    R2                                                0.000    10.000 r  clk (IN)
                         net (fo=0)                   0.000    10.000    clk
    R2                   IBUF (Prop_ibuf_I_O)         0.814    10.814 r  clk_IBUF_inst/O
                         net (fo=1, routed)           1.862    12.676    clk_IBUF
    BUFGCTRL_X0Y0        BUFG (Prop_bufg_I_O)         0.091    12.767 r  clk_IBUF_BUFG_inst/O
                         net (fo=48, routed)          1.518    14.286    clk_div_inst/clk_IBUF_BUFG
    SLICE_X2Y7           FDCE                                         r  clk_div_inst/counter_1hz_reg[23]/C
                         clock pessimism              0.269    14.554    
                         clock uncertainty           -0.035    14.519    
    SLICE_X2Y7           FDCE (Setup_fdce_C_D)        0.109    14.628    clk_div_inst/counter_1hz_reg[23]
  -------------------------------------------------------------------
                         required time                         14.628    
                         arrival time                          -9.256    
  -------------------------------------------------------------------
                         slack                                  5.372    

Slack (MET) :             5.448ns  (required time - arrival time)
  Source:                 clk_div_inst/counter_1hz_reg[23]/C
                            (rising edge-triggered cell FDCE clocked by sys_clk_pin  {rise@0.000ns fall@5.000ns period=10.000ns})
  Destination:            clk_div_inst/counter_1hz_reg[22]/D
                            (rising edge-triggered cell FDCE clocked by sys_clk_pin  {rise@0.000ns fall@5.000ns period=10.000ns})
  Path Group:             sys_clk_pin
  Path Type:              Setup (Max at Slow Process Corner)
  Requirement:            10.000ns  (sys_clk_pin rise@10.000ns - sys_clk_pin rise@0.000ns)
  Data Path Delay:        4.626ns  (logic 2.006ns (43.365%)  route 2.620ns (56.635%))
  Logic Levels:           8  (CARRY4=6 LUT5=1 LUT6=1)
  Clock Path Skew:        0.000ns (DCD - SCD + CPR)
    Destination Clock Delay (DCD):    4.286ns = ( 14.286 - 10.000 ) 
    Source Clock Delay      (SCD):    4.554ns
    Clock Pessimism Removal (CPR):    0.269ns
  Clock Uncertainty:      0.035ns  ((TSJ^2 + TIJ^2)^1/2 + DJ) / 2 + PE
    Total System Jitter     (TSJ):    0.071ns
    Total Input Jitter      (TIJ):    0.000ns
    Discrete Jitter          (DJ):    0.000ns
    Phase Error              (PE):    0.000ns

    Location             Delay type                Incr(ns)  Path(ns)    Netlist Resource(s)
  -------------------------------------------------------------------    -------------------
                         (clock sys_clk_pin rise edge)
                                                      0.000     0.000 r  
    R2                                                0.000     0.000 r  clk (IN)
                         net (fo=0)                   0.000     0.000    clk
    R2                   IBUF (Prop_ibuf_I_O)         0.854     0.854 r  clk_IBUF_inst/O
                         net (fo=1, routed)           1.967     2.821    clk_IBUF
    BUFGCTRL_X0Y0        BUFG (Prop_bufg_I_O)         0.096     2.917 r  clk_IBUF_BUFG_inst/O
                         net (fo=48, routed)          1.637     4.554    clk_div_inst/clk_IBUF_BUFG
    SLICE_X2Y7           FDCE                                         r  clk_div_inst/counter_1hz_reg[23]/C
  -------------------------------------------------------------------    -------------------
    SLICE_X2Y7           FDCE (Prop_fdce_C_Q)         0.518     5.072 f  clk_div_inst/counter_1hz_reg[23]/Q
                         net (fo=2, routed)           0.842     5.915    clk_div_inst/counter_1hz_reg[23]
    SLICE_X4Y8           LUT5 (Prop_lut5_I0_O)        0.124     6.039 r  clk_div_inst/clk_1hz_i_3/O
                         net (fo=27, routed)          1.777     7.816    clk_div_inst/clk_1hz_i_3_n_0
    SLICE_X2Y2           LUT6 (Prop_lut6_I3_O)        0.124     7.940 r  clk_div_inst/counter_1hz[0]_i_5/O
                         net (fo=1, routed)           0.000     7.940    clk_div_inst/counter_1hz[0]_i_5_n_0
    SLICE_X2Y2           CARRY4 (Prop_carry4_S[1]_CO[3])
                                                      0.533     8.473 r  clk_div_inst/counter_1hz_reg[0]_i_1/CO[3]
                         net (fo=1, routed)           0.000     8.473    clk_div_inst/counter_1hz_reg[0]_i_1_n_0
    SLICE_X2Y3           CARRY4 (Prop_carry4_CI_CO[3])
                                                      0.117     8.590 r  clk_div_inst/counter_1hz_reg[4]_i_1/CO[3]
                         net (fo=1, routed)           0.000     8.590    clk_div_inst/counter_1hz_reg[4]_i_1_n_0
    SLICE_X2Y4           CARRY4 (Prop_carry4_CI_CO[3])
                                                      0.117     8.707 r  clk_div_inst/counter_1hz_reg[8]_i_1/CO[3]
                         net (fo=1, routed)           0.000     8.707    clk_div_inst/counter_1hz_reg[8]_i_1_n_0
    SLICE_X2Y5           CARRY4 (Prop_carry4_CI_CO[3])
                                                      0.117     8.824 r  clk_div_inst/counter_1hz_reg[12]_i_1/CO[3]
                         net (fo=1, routed)           0.000     8.824    clk_div_inst/counter_1hz_reg[12]_i_1_n_0
    SLICE_X2Y6           CARRY4 (Prop_carry4_CI_CO[3])
                                                      0.117     8.941 r  clk_div_inst/counter_1hz_reg[16]_i_1/CO[3]
                         net (fo=1, routed)           0.000     8.941    clk_div_inst/counter_1hz_reg[16]_i_1_n_0
    SLICE_X2Y7           CARRY4 (Prop_carry4_CI_O[2])
                                                      0.239     9.180 r  clk_div_inst/counter_1hz_reg[20]_i_1/O[2]
                         net (fo=1, routed)           0.000     9.180    clk_div_inst/counter_1hz_reg[20]_i_1_n_5
    SLICE_X2Y7           FDCE                                         r  clk_div_inst/counter_1hz_reg[22]/D
  -------------------------------------------------------------------    -------------------

                         (clock sys_clk_pin rise edge)
                                                     10.000    10.000 r  
    R2                                                0.000    10.000 r  clk (IN)
                         net (fo=0)                   0.000    10.000    clk
    R2                   IBUF (Prop_ibuf_I_O)         0.814    10.814 r  clk_IBUF_inst/O
                         net (fo=1, routed)           1.862    12.676    clk_IBUF
    BUFGCTRL_X0Y0        BUFG (Prop_bufg_I_O)         0.091    12.767 r  clk_IBUF_BUFG_inst/O
                         net (fo=48, routed)          1.518    14.286    clk_div_inst/clk_IBUF_BUFG
    SLICE_X2Y7           FDCE                                         r  clk_div_inst/counter_1hz_reg[22]/C
                         clock pessimism              0.269    14.554    
                         clock uncertainty           -0.035    14.519    
    SLICE_X2Y7           FDCE (Setup_fdce_C_D)        0.109    14.628    clk_div_inst/counter_1hz_reg[22]
  -------------------------------------------------------------------
                         required time                         14.628    
                         arrival time                          -9.180    
  -------------------------------------------------------------------
                         slack                                  5.448    

Slack (MET) :             5.457ns  (required time - arrival time)
  Source:                 clk_div_inst/counter_1hz_reg[23]/C
                            (rising edge-triggered cell FDCE clocked by sys_clk_pin  {rise@0.000ns fall@5.000ns period=10.000ns})
  Destination:            clk_div_inst/counter_1hz_reg[17]/D
                            (rising edge-triggered cell FDCE clocked by sys_clk_pin  {rise@0.000ns fall@5.000ns period=10.000ns})
  Path Group:             sys_clk_pin
  Path Type:              Setup (Max at Slow Process Corner)
  Requirement:            10.000ns  (sys_clk_pin rise@10.000ns - sys_clk_pin rise@0.000ns)
  Data Path Delay:        4.593ns  (logic 1.973ns (42.959%)  route 2.620ns (57.041%))
  Logic Levels:           7  (CARRY4=5 LUT5=1 LUT6=1)
  Clock Path Skew:        -0.024ns (DCD - SCD + CPR)
    Destination Clock Delay (DCD):    4.287ns = ( 14.287 - 10.000 ) 
    Source Clock Delay      (SCD):    4.554ns
    Clock Pessimism Removal (CPR):    0.244ns
  Clock Uncertainty:      0.035ns  ((TSJ^2 + TIJ^2)^1/2 + DJ) / 2 + PE
    Total System Jitter     (TSJ):    0.071ns
    Total Input Jitter      (TIJ):    0.000ns
    Discrete Jitter          (DJ):    0.000ns
    Phase Error              (PE):    0.000ns

    Location             Delay type                Incr(ns)  Path(ns)    Netlist Resource(s)
  -------------------------------------------------------------------    -------------------
                         (clock sys_clk_pin rise edge)
                                                      0.000     0.000 r  
    R2                                                0.000     0.000 r  clk (IN)
                         net (fo=0)                   0.000     0.000    clk
    R2                   IBUF (Prop_ibuf_I_O)         0.854     0.854 r  clk_IBUF_inst/O
                         net (fo=1, routed)           1.967     2.821    clk_IBUF
    BUFGCTRL_X0Y0        BUFG (Prop_bufg_I_O)         0.096     2.917 r  clk_IBUF_BUFG_inst/O
                         net (fo=48, routed)          1.637     4.554    clk_div_inst/clk_IBUF_BUFG
    SLICE_X2Y7           FDCE                                         r  clk_div_inst/counter_1hz_reg[23]/C
  -------------------------------------------------------------------    -------------------
    SLICE_X2Y7           FDCE (Prop_fdce_C_Q)         0.518     5.072 f  clk_div_inst/counter_1hz_reg[23]/Q
                         net (fo=2, routed)           0.842     5.915    clk_div_inst/counter_1hz_reg[23]
    SLICE_X4Y8           LUT5 (Prop_lut5_I0_O)        0.124     6.039 r  clk_div_inst/clk_1hz_i_3/O
                         net (fo=27, routed)          1.777     7.816    clk_div_inst/clk_1hz_i_3_n_0
    SLICE_X2Y2           LUT6 (Prop_lut6_I3_O)        0.124     7.940 r  clk_div_inst/counter_1hz[0]_i_5/O
                         net (fo=1, routed)           0.000     7.940    clk_div_inst/counter_1hz[0]_i_5_n_0
    SLICE_X2Y2           CARRY4 (Prop_carry4_S[1]_CO[3])
                                                      0.533     8.473 r  clk_div_inst/counter_1hz_reg[0]_i_1/CO[3]
                         net (fo=1, routed)           0.000     8.473    clk_div_inst/counter_1hz_reg[0]_i_1_n_0
    SLICE_X2Y3           CARRY4 (Prop_carry4_CI_CO[3])
                                                      0.117     8.590 r  clk_div_inst/counter_1hz_reg[4]_i_1/CO[3]
                         net (fo=1, routed)           0.000     8.590    clk_div_inst/counter_1hz_reg[4]_i_1_n_0
    SLICE_X2Y4           CARRY4 (Prop_carry4_CI_CO[3])
                                                      0.117     8.707 r  clk_div_inst/counter_1hz_reg[8]_i_1/CO[3]
                         net (fo=1, routed)           0.000     8.707    clk_div_inst/counter_1hz_reg[8]_i_1_n_0
    SLICE_X2Y5           CARRY4 (Prop_carry4_CI_CO[3])
                                                      0.117     8.824 r  clk_div_inst/counter_1hz_reg[12]_i_1/CO[3]
                         net (fo=1, routed)           0.000     8.824    clk_div_inst/counter_1hz_reg[12]_i_1_n_0
    SLICE_X2Y6           CARRY4 (Prop_carry4_CI_O[1])
                                                      0.323     9.147 r  clk_div_inst/counter_1hz_reg[16]_i_1/O[1]
                         net (fo=1, routed)           0.000     9.147    clk_div_inst/counter_1hz_reg[16]_i_1_n_6
    SLICE_X2Y6           FDCE                                         r  clk_div_inst/counter_1hz_reg[17]/D
  -------------------------------------------------------------------    -------------------

                         (clock sys_clk_pin rise edge)
                                                     10.000    10.000 r  
    R2                                                0.000    10.000 r  clk (IN)
                         net (fo=0)                   0.000    10.000    clk
    R2                   IBUF (Prop_ibuf_I_O)         0.814    10.814 r  clk_IBUF_inst/O
                         net (fo=1, routed)           1.862    12.676    clk_IBUF
    BUFGCTRL_X0Y0        BUFG (Prop_bufg_I_O)         0.091    12.767 r  clk_IBUF_BUFG_inst/O
                         net (fo=48, routed)          1.519    14.287    clk_div_inst/clk_IBUF_BUFG
    SLICE_X2Y6           FDCE                                         r  clk_div_inst/counter_1hz_reg[17]/C
                         clock pessimism              0.244    14.530    
                         clock uncertainty           -0.035    14.495    
    SLICE_X2Y6           FDCE (Setup_fdce_C_D)        0.109    14.604    clk_div_inst/counter_1hz_reg[17]
  -------------------------------------------------------------------
                         required time                         14.604    
                         arrival time                          -9.147    
  -------------------------------------------------------------------
                         slack                                  5.457    

Slack (MET) :             5.465ns  (required time - arrival time)
  Source:                 clk_div_inst/counter_1hz_reg[23]/C
                            (rising edge-triggered cell FDCE clocked by sys_clk_pin  {rise@0.000ns fall@5.000ns period=10.000ns})
  Destination:            clk_div_inst/counter_1hz_reg[19]/D
                            (rising edge-triggered cell FDCE clocked by sys_clk_pin  {rise@0.000ns fall@5.000ns period=10.000ns})
  Path Group:             sys_clk_pin
  Path Type:              Setup (Max at Slow Process Corner)
  Requirement:            10.000ns  (sys_clk_pin rise@10.000ns - sys_clk_pin rise@0.000ns)
  Data Path Delay:        4.585ns  (logic 1.965ns (42.859%)  route 2.620ns (57.141%))
  Logic Levels:           7  (CARRY4=5 LUT5=1 LUT6=1)
  Clock Path Skew:        -0.024ns (DCD - SCD + CPR)
    Destination Clock Delay (DCD):    4.287ns = ( 14.287 - 10.000 ) 
    Source Clock Delay      (SCD):    4.554ns
    Clock Pessimism Removal (CPR):    0.244ns
  Clock Uncertainty:      0.035ns  ((TSJ^2 + TIJ^2)^1/2 + DJ) / 2 + PE
    Total System Jitter     (TSJ):    0.071ns
    Total Input Jitter      (TIJ):    0.000ns
    Discrete Jitter          (DJ):    0.000ns
    Phase Error              (PE):    0.000ns

    Location             Delay type                Incr(ns)  Path(ns)    Netlist Resource(s)
  -------------------------------------------------------------------    -------------------
                         (clock sys_clk_pin rise edge)
                                                      0.000     0.000 r  
    R2                                                0.000     0.000 r  clk (IN)
                         net (fo=0)                   0.000     0.000    clk
    R2                   IBUF (Prop_ibuf_I_O)         0.854     0.854 r  clk_IBUF_inst/O
                         net (fo=1, routed)           1.967     2.821    clk_IBUF
    BUFGCTRL_X0Y0        BUFG (Prop_bufg_I_O)         0.096     2.917 r  clk_IBUF_BUFG_inst/O
                         net (fo=48, routed)          1.637     4.554    clk_div_inst/clk_IBUF_BUFG
    SLICE_X2Y7           FDCE                                         r  clk_div_inst/counter_1hz_reg[23]/C
  -------------------------------------------------------------------    -------------------
    SLICE_X2Y7           FDCE (Prop_fdce_C_Q)         0.518     5.072 f  clk_div_inst/counter_1hz_reg[23]/Q
                         net (fo=2, routed)           0.842     5.915    clk_div_inst/counter_1hz_reg[23]
    SLICE_X4Y8           LUT5 (Prop_lut5_I0_O)        0.124     6.039 r  clk_div_inst/clk_1hz_i_3/O
                         net (fo=27, routed)          1.777     7.816    clk_div_inst/clk_1hz_i_3_n_0
    SLICE_X2Y2           LUT6 (Prop_lut6_I3_O)        0.124     7.940 r  clk_div_inst/counter_1hz[0]_i_5/O
                         net (fo=1, routed)           0.000     7.940    clk_div_inst/counter_1hz[0]_i_5_n_0
    SLICE_X2Y2           CARRY4 (Prop_carry4_S[1]_CO[3])
                                                      0.533     8.473 r  clk_div_inst/counter_1hz_reg[0]_i_1/CO[3]
                         net (fo=1, routed)           0.000     8.473    clk_div_inst/counter_1hz_reg[0]_i_1_n_0
    SLICE_X2Y3           CARRY4 (Prop_carry4_CI_CO[3])
                                                      0.117     8.590 r  clk_div_inst/counter_1hz_reg[4]_i_1/CO[3]
                         net (fo=1, routed)           0.000     8.590    clk_div_inst/counter_1hz_reg[4]_i_1_n_0
    SLICE_X2Y4           CARRY4 (Prop_carry4_CI_CO[3])
                                                      0.117     8.707 r  clk_div_inst/counter_1hz_reg[8]_i_1/CO[3]
                         net (fo=1, routed)           0.000     8.707    clk_div_inst/counter_1hz_reg[8]_i_1_n_0
    SLICE_X2Y5           CARRY4 (Prop_carry4_CI_CO[3])
                                                      0.117     8.824 r  clk_div_inst/counter_1hz_reg[12]_i_1/CO[3]
                         net (fo=1, routed)           0.000     8.824    clk_div_inst/counter_1hz_reg[12]_i_1_n_0
    SLICE_X2Y6           CARRY4 (Prop_carry4_CI_O[3])
                                                      0.315     9.139 r  clk_div_inst/counter_1hz_reg[16]_i_1/O[3]
                         net (fo=1, routed)           0.000     9.139    clk_div_inst/counter_1hz_reg[16]_i_1_n_4
    SLICE_X2Y6           FDCE                                         r  clk_div_inst/counter_1hz_reg[19]/D
  -------------------------------------------------------------------    -------------------

                         (clock sys_clk_pin rise edge)
                                                     10.000    10.000 r  
    R2                                                0.000    10.000 r  clk (IN)
                         net (fo=0)                   0.000    10.000    clk
    R2                   IBUF (Prop_ibuf_I_O)         0.814    10.814 r  clk_IBUF_inst/O
                         net (fo=1, routed)           1.862    12.676    clk_IBUF
    BUFGCTRL_X0Y0        BUFG (Prop_bufg_I_O)         0.091    12.767 r  clk_IBUF_BUFG_inst/O
                         net (fo=48, routed)          1.519    14.287    clk_div_inst/clk_IBUF_BUFG
    SLICE_X2Y6           FDCE                                         r  clk_div_inst/counter_1hz_reg[19]/C
                         clock pessimism              0.244    14.530    
                         clock uncertainty           -0.035    14.495    
    SLICE_X2Y6           FDCE (Setup_fdce_C_D)        0.109    14.604    clk_div_inst/counter_1hz_reg[19]
  -------------------------------------------------------------------
                         required time                         14.604    
                         arrival time                          -9.139    
  -------------------------------------------------------------------
                         slack                                  5.465    

Slack (MET) :             5.468ns  (required time - arrival time)
  Source:                 clk_div_inst/counter_1hz_reg[23]/C
                            (rising edge-triggered cell FDCE clocked by sys_clk_pin  {rise@0.000ns fall@5.000ns period=10.000ns})
  Destination:            clk_div_inst/counter_1hz_reg[20]/D
                            (rising edge-triggered cell FDCE clocked by sys_clk_pin  {rise@0.000ns fall@5.000ns period=10.000ns})
  Path Group:             sys_clk_pin
  Path Type:              Setup (Max at Slow Process Corner)
  Requirement:            10.000ns  (sys_clk_pin rise@10.000ns - sys_clk_pin rise@0.000ns)
  Data Path Delay:        4.606ns  (logic 1.986ns (43.120%)  route 2.620ns (56.880%))
  Logic Levels:           8  (CARRY4=6 LUT5=1 LUT6=1)
  Clock Path Skew:        0.000ns (DCD - SCD + CPR)
    Destination Clock Delay (DCD):    4.286ns = ( 14.286 - 10.000 ) 
    Source Clock Delay      (SCD):    4.554ns
    Clock Pessimism Removal (CPR):    0.269ns
  Clock Uncertainty:      0.035ns  ((TSJ^2 + TIJ^2)^1/2 + DJ) / 2 + PE
    Total System Jitter     (TSJ):    0.071ns
    Total Input Jitter      (TIJ):    0.000ns
    Discrete Jitter          (DJ):    0.000ns
    Phase Error              (PE):    0.000ns

    Location             Delay type                Incr(ns)  Path(ns)    Netlist Resource(s)
  -------------------------------------------------------------------    -------------------
                         (clock sys_clk_pin rise edge)
                                                      0.000     0.000 r  
    R2                                                0.000     0.000 r  clk (IN)
                         net (fo=0)                   0.000     0.000    clk
    R2                   IBUF (Prop_ibuf_I_O)         0.854     0.854 r  clk_IBUF_inst/O
                         net (fo=1, routed)           1.967     2.821    clk_IBUF
    BUFGCTRL_X0Y0        BUFG (Prop_bufg_I_O)         0.096     2.917 r  clk_IBUF_BUFG_inst/O
                         net (fo=48, routed)          1.637     4.554    clk_div_inst/clk_IBUF_BUFG
    SLICE_X2Y7           FDCE                                         r  clk_div_inst/counter_1hz_reg[23]/C
  -------------------------------------------------------------------    -------------------
    SLICE_X2Y7           FDCE (Prop_fdce_C_Q)         0.518     5.072 f  clk_div_inst/counter_1hz_reg[23]/Q
                         net (fo=2, routed)           0.842     5.915    clk_div_inst/counter_1hz_reg[23]
    SLICE_X4Y8           LUT5 (Prop_lut5_I0_O)        0.124     6.039 r  clk_div_inst/clk_1hz_i_3/O
                         net (fo=27, routed)          1.777     7.816    clk_div_inst/clk_1hz_i_3_n_0
    SLICE_X2Y2           LUT6 (Prop_lut6_I3_O)        0.124     7.940 r  clk_div_inst/counter_1hz[0]_i_5/O
                         net (fo=1, routed)           0.000     7.940    clk_div_inst/counter_1hz[0]_i_5_n_0
    SLICE_X2Y2           CARRY4 (Prop_carry4_S[1]_CO[3])
                                                      0.533     8.473 r  clk_div_inst/counter_1hz_reg[0]_i_1/CO[3]
                         net (fo=1, routed)           0.000     8.473    clk_div_inst/counter_1hz_reg[0]_i_1_n_0
    SLICE_X2Y3           CARRY4 (Prop_carry4_CI_CO[3])
                                                      0.117     8.590 r  clk_div_inst/counter_1hz_reg[4]_i_1/CO[3]
                         net (fo=1, routed)           0.000     8.590    clk_div_inst/counter_1hz_reg[4]_i_1_n_0
    SLICE_X2Y4           CARRY4 (Prop_carry4_CI_CO[3])
                                                      0.117     8.707 r  clk_div_inst/counter_1hz_reg[8]_i_1/CO[3]
                         net (fo=1, routed)           0.000     8.707    clk_div_inst/counter_1hz_reg[8]_i_1_n_0
    SLICE_X2Y5           CARRY4 (Prop_carry4_CI_CO[3])
                                                      0.117     8.824 r  clk_div_inst/counter_1hz_reg[12]_i_1/CO[3]
                         net (fo=1, routed)           0.000     8.824    clk_div_inst/counter_1hz_reg[12]_i_1_n_0
    SLICE_X2Y6           CARRY4 (Prop_carry4_CI_CO[3])
                                                      0.117     8.941 r  clk_div_inst/counter_1hz_reg[16]_i_1/CO[3]
                         net (fo=1, routed)           0.000     8.941    clk_div_inst/counter_1hz_reg[16]_i_1_n_0
    SLICE_X2Y7           CARRY4 (Prop_carry4_CI_O[0])
                                                      0.219     9.160 r  clk_div_inst/counter_1hz_reg[20]_i_1/O[0]
                         net (fo=1, routed)           0.000     9.160    clk_div_inst/counter_1hz_reg[20]_i_1_n_7
    SLICE_X2Y7           FDCE                                         r  clk_div_inst/counter_1hz_reg[20]/D
  -------------------------------------------------------------------    -------------------

                         (clock sys_clk_pin rise edge)
                                                     10.000    10.000 r  
    R2                                                0.000    10.000 r  clk (IN)
                         net (fo=0)                   0.000    10.000    clk
    R2                   IBUF (Prop_ibuf_I_O)         0.814    10.814 r  clk_IBUF_inst/O
                         net (fo=1, routed)           1.862    12.676    clk_IBUF
    BUFGCTRL_X0Y0        BUFG (Prop_bufg_I_O)         0.091    12.767 r  clk_IBUF_BUFG_inst/O
                         net (fo=48, routed)          1.518    14.286    clk_div_inst/clk_IBUF_BUFG
    SLICE_X2Y7           FDCE                                         r  clk_div_inst/counter_1hz_reg[20]/C
                         clock pessimism              0.269    14.554    
                         clock uncertainty           -0.035    14.519    
    SLICE_X2Y7           FDCE (Setup_fdce_C_D)        0.109    14.628    clk_div_inst/counter_1hz_reg[20]
  -------------------------------------------------------------------
                         required time                         14.628    
                         arrival time                          -9.160    
  -------------------------------------------------------------------
                         slack                                  5.468    

Slack (MET) :             5.541ns  (required time - arrival time)
  Source:                 clk_div_inst/counter_1hz_reg[23]/C
                            (rising edge-triggered cell FDCE clocked by sys_clk_pin  {rise@0.000ns fall@5.000ns period=10.000ns})
  Destination:            clk_div_inst/counter_1hz_reg[18]/D
                            (rising edge-triggered cell FDCE clocked by sys_clk_pin  {rise@0.000ns fall@5.000ns period=10.000ns})
  Path Group:             sys_clk_pin
  Path Type:              Setup (Max at Slow Process Corner)
  Requirement:            10.000ns  (sys_clk_pin rise@10.000ns - sys_clk_pin rise@0.000ns)
  Data Path Delay:        4.509ns  (logic 1.889ns (41.896%)  route 2.620ns (58.104%))
  Logic Levels:           7  (CARRY4=5 LUT5=1 LUT6=1)
  Clock Path Skew:        -0.024ns (DCD - SCD + CPR)
    Destination Clock Delay (DCD):    4.287ns = ( 14.287 - 10.000 ) 
    Source Clock Delay      (SCD):    4.554ns
    Clock Pessimism Removal (CPR):    0.244ns
  Clock Uncertainty:      0.035ns  ((TSJ^2 + TIJ^2)^1/2 + DJ) / 2 + PE
    Total System Jitter     (TSJ):    0.071ns
    Total Input Jitter      (TIJ):    0.000ns
    Discrete Jitter          (DJ):    0.000ns
    Phase Error              (PE):    0.000ns

    Location             Delay type                Incr(ns)  Path(ns)    Netlist Resource(s)
  -------------------------------------------------------------------    -------------------
                         (clock sys_clk_pin rise edge)
                                                      0.000     0.000 r  
    R2                                                0.000     0.000 r  clk (IN)
                         net (fo=0)                   0.000     0.000    clk
    R2                   IBUF (Prop_ibuf_I_O)         0.854     0.854 r  clk_IBUF_inst/O
                         net (fo=1, routed)           1.967     2.821    clk_IBUF
    BUFGCTRL_X0Y0        BUFG (Prop_bufg_I_O)         0.096     2.917 r  clk_IBUF_BUFG_inst/O
                         net (fo=48, routed)          1.637     4.554    clk_div_inst/clk_IBUF_BUFG
    SLICE_X2Y7           FDCE                                         r  clk_div_inst/counter_1hz_reg[23]/C
  -------------------------------------------------------------------    -------------------
    SLICE_X2Y7           FDCE (Prop_fdce_C_Q)         0.518     5.072 f  clk_div_inst/counter_1hz_reg[23]/Q
                         net (fo=2, routed)           0.842     5.915    clk_div_inst/counter_1hz_reg[23]
    SLICE_X4Y8           LUT5 (Prop_lut5_I0_O)        0.124     6.039 r  clk_div_inst/clk_1hz_i_3/O
                         net (fo=27, routed)          1.777     7.816    clk_div_inst/clk_1hz_i_3_n_0
    SLICE_X2Y2           LUT6 (Prop_lut6_I3_O)        0.124     7.940 r  clk_div_inst/counter_1hz[0]_i_5/O
                         net (fo=1, routed)           0.000     7.940    clk_div_inst/counter_1hz[0]_i_5_n_0
    SLICE_X2Y2           CARRY4 (Prop_carry4_S[1]_CO[3])
                                                      0.533     8.473 r  clk_div_inst/counter_1hz_reg[0]_i_1/CO[3]
                         net (fo=1, routed)           0.000     8.473    clk_div_inst/counter_1hz_reg[0]_i_1_n_0
    SLICE_X2Y3           CARRY4 (Prop_carry4_CI_CO[3])
                                                      0.117     8.590 r  clk_div_inst/counter_1hz_reg[4]_i_1/CO[3]
                         net (fo=1, routed)           0.000     8.590    clk_div_inst/counter_1hz_reg[4]_i_1_n_0
    SLICE_X2Y4           CARRY4 (Prop_carry4_CI_CO[3])
                                                      0.117     8.707 r  clk_div_inst/counter_1hz_reg[8]_i_1/CO[3]
                         net (fo=1, routed)           0.000     8.707    clk_div_inst/counter_1hz_reg[8]_i_1_n_0
    SLICE_X2Y5           CARRY4 (Prop_carry4_CI_CO[3])
                                                      0.117     8.824 r  clk_div_inst/counter_1hz_reg[12]_i_1/CO[3]
                         net (fo=1, routed)           0.000     8.824    clk_div_inst/counter_1hz_reg[12]_i_1_n_0
    SLICE_X2Y6           CARRY4 (Prop_carry4_CI_O[2])
                                                      0.239     9.063 r  clk_div_inst/counter_1hz_reg[16]_i_1/O[2]
                         net (fo=1, routed)           0.000     9.063    clk_div_inst/counter_1hz_reg[16]_i_1_n_5
    SLICE_X2Y6           FDCE                                         r  clk_div_inst/counter_1hz_reg[18]/D
  -------------------------------------------------------------------    -------------------

                         (clock sys_clk_pin rise edge)
                                                     10.000    10.000 r  
    R2                                                0.000    10.000 r  clk (IN)
                         net (fo=0)                   0.000    10.000    clk
    R2                   IBUF (Prop_ibuf_I_O)         0.814    10.814 r  clk_IBUF_inst/O
                         net (fo=1, routed)           1.862    12.676    clk_IBUF
    BUFGCTRL_X0Y0        BUFG (Prop_bufg_I_O)         0.091    12.767 r  clk_IBUF_BUFG_inst/O
                         net (fo=48, routed)          1.519    14.287    clk_div_inst/clk_IBUF_BUFG
    SLICE_X2Y6           FDCE                                         r  clk_div_inst/counter_1hz_reg[18]/C
                         clock pessimism              0.244    14.530    
                         clock uncertainty           -0.035    14.495    
    SLICE_X2Y6           FDCE (Setup_fdce_C_D)        0.109    14.604    clk_div_inst/counter_1hz_reg[18]
  -------------------------------------------------------------------
                         required time                         14.604    
                         arrival time                          -9.063    
  -------------------------------------------------------------------
                         slack                                  5.541    

Slack (MET) :             5.561ns  (required time - arrival time)
  Source:                 clk_div_inst/counter_1hz_reg[23]/C
                            (rising edge-triggered cell FDCE clocked by sys_clk_pin  {rise@0.000ns fall@5.000ns period=10.000ns})
  Destination:            clk_div_inst/counter_1hz_reg[16]/D
                            (rising edge-triggered cell FDCE clocked by sys_clk_pin  {rise@0.000ns fall@5.000ns period=10.000ns})
  Path Group:             sys_clk_pin
  Path Type:              Setup (Max at Slow Process Corner)
  Requirement:            10.000ns  (sys_clk_pin rise@10.000ns - sys_clk_pin rise@0.000ns)
  Data Path Delay:        4.489ns  (logic 1.869ns (41.637%)  route 2.620ns (58.363%))
  Logic Levels:           7  (CARRY4=5 LUT5=1 LUT6=1)
  Clock Path Skew:        -0.024ns (DCD - SCD + CPR)
    Destination Clock Delay (DCD):    4.287ns = ( 14.287 - 10.000 ) 
    Source Clock Delay      (SCD):    4.554ns
    Clock Pessimism Removal (CPR):    0.244ns
  Clock Uncertainty:      0.035ns  ((TSJ^2 + TIJ^2)^1/2 + DJ) / 2 + PE
    Total System Jitter     (TSJ):    0.071ns
    Total Input Jitter      (TIJ):    0.000ns
    Discrete Jitter          (DJ):    0.000ns
    Phase Error              (PE):    0.000ns

    Location             Delay type                Incr(ns)  Path(ns)    Netlist Resource(s)
  -------------------------------------------------------------------    -------------------
                         (clock sys_clk_pin rise edge)
                                                      0.000     0.000 r  
    R2                                                0.000     0.000 r  clk (IN)
                         net (fo=0)                   0.000     0.000    clk
    R2                   IBUF (Prop_ibuf_I_O)         0.854     0.854 r  clk_IBUF_inst/O
                         net (fo=1, routed)           1.967     2.821    clk_IBUF
    BUFGCTRL_X0Y0        BUFG (Prop_bufg_I_O)         0.096     2.917 r  clk_IBUF_BUFG_inst/O
                         net (fo=48, routed)          1.637     4.554    clk_div_inst/clk_IBUF_BUFG
    SLICE_X2Y7           FDCE                                         r  clk_div_inst/counter_1hz_reg[23]/C
  -------------------------------------------------------------------    -------------------
    SLICE_X2Y7           FDCE (Prop_fdce_C_Q)         0.518     5.072 f  clk_div_inst/counter_1hz_reg[23]/Q
                         net (fo=2, routed)           0.842     5.915    clk_div_inst/counter_1hz_reg[23]
    SLICE_X4Y8           LUT5 (Prop_lut5_I0_O)        0.124     6.039 r  clk_div_inst/clk_1hz_i_3/O
                         net (fo=27, routed)          1.777     7.816    clk_div_inst/clk_1hz_i_3_n_0
    SLICE_X2Y2           LUT6 (Prop_lut6_I3_O)        0.124     7.940 r  clk_div_inst/counter_1hz[0]_i_5/O
                         net (fo=1, routed)           0.000     7.940    clk_div_inst/counter_1hz[0]_i_5_n_0
    SLICE_X2Y2           CARRY4 (Prop_carry4_S[1]_CO[3])
                                                      0.533     8.473 r  clk_div_inst/counter_1hz_reg[0]_i_1/CO[3]
                         net (fo=1, routed)           0.000     8.473    clk_div_inst/counter_1hz_reg[0]_i_1_n_0
    SLICE_X2Y3           CARRY4 (Prop_carry4_CI_CO[3])
                                                      0.117     8.590 r  clk_div_inst/counter_1hz_reg[4]_i_1/CO[3]
                         net (fo=1, routed)           0.000     8.590    clk_div_inst/counter_1hz_reg[4]_i_1_n_0
    SLICE_X2Y4           CARRY4 (Prop_carry4_CI_CO[3])
                                                      0.117     8.707 r  clk_div_inst/counter_1hz_reg[8]_i_1/CO[3]
                         net (fo=1, routed)           0.000     8.707    clk_div_inst/counter_1hz_reg[8]_i_1_n_0
    SLICE_X2Y5           CARRY4 (Prop_carry4_CI_CO[3])
                                                      0.117     8.824 r  clk_div_inst/counter_1hz_reg[12]_i_1/CO[3]
                         net (fo=1, routed)           0.000     8.824    clk_div_inst/counter_1hz_reg[12]_i_1_n_0
    SLICE_X2Y6           CARRY4 (Prop_carry4_CI_O[0])
                                                      0.219     9.043 r  clk_div_inst/counter_1hz_reg[16]_i_1/O[0]
                         net (fo=1, routed)           0.000     9.043    clk_div_inst/counter_1hz_reg[16]_i_1_n_7
    SLICE_X2Y6           FDCE                                         r  clk_div_inst/counter_1hz_reg[16]/D
  -------------------------------------------------------------------    -------------------

                         (clock sys_clk_pin rise edge)
                                                     10.000    10.000 r  
    R2                                                0.000    10.000 r  clk (IN)
                         net (fo=0)                   0.000    10.000    clk
    R2                   IBUF (Prop_ibuf_I_O)         0.814    10.814 r  clk_IBUF_inst/O
                         net (fo=1, routed)           1.862    12.676    clk_IBUF
    BUFGCTRL_X0Y0        BUFG (Prop_bufg_I_O)         0.091    12.767 r  clk_IBUF_BUFG_inst/O
                         net (fo=48, routed)          1.519    14.287    clk_div_inst/clk_IBUF_BUFG
    SLICE_X2Y6           FDCE                                         r  clk_div_inst/counter_1hz_reg[16]/C
                         clock pessimism              0.244    14.530    
                         clock uncertainty           -0.035    14.495    
    SLICE_X2Y6           FDCE (Setup_fdce_C_D)        0.109    14.604    clk_div_inst/counter_1hz_reg[16]
  -------------------------------------------------------------------
                         required time                         14.604    
                         arrival time                          -9.043    
  -------------------------------------------------------------------
                         slack                                  5.561    





Min Delay Paths
--------------------------------------------------------------------------------------
Slack (MET) :             0.182ns  (arrival time - required time)
  Source:                 clk_div_inst/counter_50hz_reg[14]/C
                            (rising edge-triggered cell FDCE clocked by sys_clk_pin  {rise@0.000ns fall@5.000ns period=10.000ns})
  Destination:            clk_div_inst/clk_50hz_reg/D
                            (rising edge-triggered cell FDCE clocked by sys_clk_pin  {rise@0.000ns fall@5.000ns period=10.000ns})
  Path Group:             sys_clk_pin
  Path Type:              Hold (Min at Fast Process Corner)
  Requirement:            0.000ns  (sys_clk_pin rise@0.000ns - sys_clk_pin rise@0.000ns)
  Data Path Delay:        0.286ns  (logic 0.186ns (64.984%)  route 0.100ns (35.016%))
  Logic Levels:           1  (LUT5=1)
  Clock Path Skew:        0.013ns (DCD - SCD - CPR)
    Destination Clock Delay (DCD):    1.927ns
    Source Clock Delay      (SCD):    1.569ns
    Clock Pessimism Removal (CPR):    0.345ns

    Location             Delay type                Incr(ns)  Path(ns)    Netlist Resource(s)
  -------------------------------------------------------------------    -------------------
                         (clock sys_clk_pin rise edge)
                                                      0.000     0.000 r  
    R2                                                0.000     0.000 r  clk (IN)
                         net (fo=0)                   0.000     0.000    clk
    R2                   IBUF (Prop_ibuf_I_O)         0.320     0.320 r  clk_IBUF_inst/O
                         net (fo=1, routed)           0.631     0.951    clk_IBUF
    BUFGCTRL_X0Y0        BUFG (Prop_bufg_I_O)         0.026     0.977 r  clk_IBUF_BUFG_inst/O
                         net (fo=48, routed)          0.593     1.569    clk_div_inst/clk_IBUF_BUFG
    SLICE_X4Y6           FDCE                                         r  clk_div_inst/counter_50hz_reg[14]/C
  -------------------------------------------------------------------    -------------------
    SLICE_X4Y6           FDCE (Prop_fdce_C_Q)         0.141     1.710 r  clk_div_inst/counter_50hz_reg[14]/Q
                         net (fo=21, routed)          0.100     1.810    clk_div_inst/counter_50hz_reg[14]
    SLICE_X5Y6           LUT5 (Prop_lut5_I3_O)        0.045     1.855 r  clk_div_inst/clk_50hz_i_1/O
                         net (fo=1, routed)           0.000     1.855    clk_div_inst/clk_50hz_i_1_n_0
    SLICE_X5Y6           FDCE                                         r  clk_div_inst/clk_50hz_reg/D
  -------------------------------------------------------------------    -------------------

                         (clock sys_clk_pin rise edge)
                                                      0.000     0.000 r  
    R2                                                0.000     0.000 r  clk (IN)
                         net (fo=0)                   0.000     0.000    clk
    R2                   IBUF (Prop_ibuf_I_O)         0.350     0.350 r  clk_IBUF_inst/O
                         net (fo=1, routed)           0.685     1.035    clk_IBUF
    BUFGCTRL_X0Y0        BUFG (Prop_bufg_I_O)         0.029     1.064 r  clk_IBUF_BUFG_inst/O
                         net (fo=48, routed)          0.864     1.927    clk_div_inst/clk_IBUF_BUFG
    SLICE_X5Y6           FDCE                                         r  clk_div_inst/clk_50hz_reg/C
                         clock pessimism             -0.345     1.582    
    SLICE_X5Y6           FDCE (Hold_fdce_C_D)         0.091     1.673    clk_div_inst/clk_50hz_reg
  -------------------------------------------------------------------
                         required time                         -1.673    
                         arrival time                           1.855    
  -------------------------------------------------------------------
                         slack                                  0.182    

Slack (MET) :             0.263ns  (arrival time - required time)
  Source:                 clk_div_inst/counter_50hz_reg[17]/C
                            (rising edge-triggered cell FDCE clocked by sys_clk_pin  {rise@0.000ns fall@5.000ns period=10.000ns})
  Destination:            clk_div_inst/counter_50hz_reg[15]/D
                            (rising edge-triggered cell FDCE clocked by sys_clk_pin  {rise@0.000ns fall@5.000ns period=10.000ns})
  Path Group:             sys_clk_pin
  Path Type:              Hold (Min at Fast Process Corner)
  Requirement:            0.000ns  (sys_clk_pin rise@0.000ns - sys_clk_pin rise@0.000ns)
  Data Path Delay:        0.385ns  (logic 0.249ns (64.756%)  route 0.136ns (35.244%))
  Logic Levels:           2  (CARRY4=1 LUT5=1)
  Clock Path Skew:        0.017ns (DCD - SCD - CPR)
    Destination Clock Delay (DCD):    1.927ns
    Source Clock Delay      (SCD):    1.568ns
    Clock Pessimism Removal (CPR):    0.342ns

    Location             Delay type                Incr(ns)  Path(ns)    Netlist Resource(s)
  -------------------------------------------------------------------    -------------------
                         (clock sys_clk_pin rise edge)
                                                      0.000     0.000 r  
    R2                                                0.000     0.000 r  clk (IN)
                         net (fo=0)                   0.000     0.000    clk
    R2                   IBUF (Prop_ibuf_I_O)         0.320     0.320 r  clk_IBUF_inst/O
                         net (fo=1, routed)           0.631     0.951    clk_IBUF
    BUFGCTRL_X0Y0        BUFG (Prop_bufg_I_O)         0.026     0.977 r  clk_IBUF_BUFG_inst/O
                         net (fo=48, routed)          0.592     1.568    clk_div_inst/clk_IBUF_BUFG
    SLICE_X4Y7           FDCE                                         r  clk_div_inst/counter_50hz_reg[17]/C
  -------------------------------------------------------------------    -------------------
    SLICE_X4Y7           FDCE (Prop_fdce_C_Q)         0.141     1.709 f  clk_div_inst/counter_50hz_reg[17]/Q
                         net (fo=3, routed)           0.136     1.845    clk_div_inst/counter_50hz_reg[17]
    SLICE_X4Y6           LUT5 (Prop_lut5_I2_O)        0.045     1.890 r  clk_div_inst/counter_50hz[12]_i_2/O
                         net (fo=1, routed)           0.000     1.890    clk_div_inst/counter_50hz[12]_i_2_n_0
    SLICE_X4Y6           CARRY4 (Prop_carry4_S[3]_O[3])
                                                      0.063     1.953 r  clk_div_inst/counter_50hz_reg[12]_i_1/O[3]
                         net (fo=1, routed)           0.000     1.953    clk_div_inst/counter_50hz_reg[12]_i_1_n_4
    SLICE_X4Y6           FDCE                                         r  clk_div_inst/counter_50hz_reg[15]/D
  -------------------------------------------------------------------    -------------------

                         (clock sys_clk_pin rise edge)
                                                      0.000     0.000 r  
    R2                                                0.000     0.000 r  clk (IN)
                         net (fo=0)                   0.000     0.000    clk
    R2                   IBUF (Prop_ibuf_I_O)         0.350     0.350 r  clk_IBUF_inst/O
                         net (fo=1, routed)           0.685     1.035    clk_IBUF
    BUFGCTRL_X0Y0        BUFG (Prop_bufg_I_O)         0.029     1.064 r  clk_IBUF_BUFG_inst/O
                         net (fo=48, routed)          0.864     1.927    clk_div_inst/clk_IBUF_BUFG
    SLICE_X4Y6           FDCE                                         r  clk_div_inst/counter_50hz_reg[15]/C
                         clock pessimism             -0.342     1.585    
    SLICE_X4Y6           FDCE (Hold_fdce_C_D)         0.105     1.690    clk_div_inst/counter_50hz_reg[15]
  -------------------------------------------------------------------
                         required time                         -1.690    
                         arrival time                           1.953    
  -------------------------------------------------------------------
                         slack                                  0.263    

Slack (MET) :             0.263ns  (arrival time - required time)
  Source:                 clk_div_inst/clk_1hz_reg/C
                            (rising edge-triggered cell FDCE clocked by sys_clk_pin  {rise@0.000ns fall@5.000ns period=10.000ns})
  Destination:            clk_div_inst/clk_1hz_reg/D
                            (rising edge-triggered cell FDCE clocked by sys_clk_pin  {rise@0.000ns fall@5.000ns period=10.000ns})
  Path Group:             sys_clk_pin
  Path Type:              Hold (Min at Fast Process Corner)
  Requirement:            0.000ns  (sys_clk_pin rise@0.000ns - sys_clk_pin rise@0.000ns)
  Data Path Delay:        0.354ns  (logic 0.186ns (52.498%)  route 0.168ns (47.502%))
  Logic Levels:           1  (LUT6=1)
  Clock Path Skew:        0.000ns (DCD - SCD - CPR)
    Destination Clock Delay (DCD):    1.928ns
    Source Clock Delay      (SCD):    1.570ns
    Clock Pessimism Removal (CPR):    0.358ns

    Location             Delay type                Incr(ns)  Path(ns)    Netlist Resource(s)
  -------------------------------------------------------------------    -------------------
                         (clock sys_clk_pin rise edge)
                                                      0.000     0.000 r  
    R2                                                0.000     0.000 r  clk (IN)
                         net (fo=0)                   0.000     0.000    clk
    R2                   IBUF (Prop_ibuf_I_O)         0.320     0.320 r  clk_IBUF_inst/O
                         net (fo=1, routed)           0.631     0.951    clk_IBUF
    BUFGCTRL_X0Y0        BUFG (Prop_bufg_I_O)         0.026     0.977 r  clk_IBUF_BUFG_inst/O
                         net (fo=48, routed)          0.594     1.570    clk_div_inst/clk_IBUF_BUFG
    SLICE_X3Y7           FDCE                                         r  clk_div_inst/clk_1hz_reg/C
  -------------------------------------------------------------------    -------------------
    SLICE_X3Y7           FDCE (Prop_fdce_C_Q)         0.141     1.711 r  clk_div_inst/clk_1hz_reg/Q
                         net (fo=5, routed)           0.168     1.880    clk_div_inst/clk_1hz_reg_0
    SLICE_X3Y7           LUT6 (Prop_lut6_I5_O)        0.045     1.925 r  clk_div_inst/clk_1hz_i_1/O
                         net (fo=1, routed)           0.000     1.925    clk_div_inst/clk_1hz_i_1_n_0
    SLICE_X3Y7           FDCE                                         r  clk_div_inst/clk_1hz_reg/D
  -------------------------------------------------------------------    -------------------

                         (clock sys_clk_pin rise edge)
                                                      0.000     0.000 r  
    R2                                                0.000     0.000 r  clk (IN)
                         net (fo=0)                   0.000     0.000    clk
    R2                   IBUF (Prop_ibuf_I_O)         0.350     0.350 r  clk_IBUF_inst/O
                         net (fo=1, routed)           0.685     1.035    clk_IBUF
    BUFGCTRL_X0Y0        BUFG (Prop_bufg_I_O)         0.029     1.064 r  clk_IBUF_BUFG_inst/O
                         net (fo=48, routed)          0.865     1.928    clk_div_inst/clk_IBUF_BUFG
    SLICE_X3Y7           FDCE                                         r  clk_div_inst/clk_1hz_reg/C
                         clock pessimism             -0.358     1.570    
    SLICE_X3Y7           FDCE (Hold_fdce_C_D)         0.091     1.661    clk_div_inst/clk_1hz_reg
  -------------------------------------------------------------------
                         required time                         -1.661    
                         arrival time                           1.925    
  -------------------------------------------------------------------
                         slack                                  0.263    

Slack (MET) :             0.287ns  (arrival time - required time)
  Source:                 clk_div_inst/counter_1hz_reg[11]/C
                            (rising edge-triggered cell FDCE clocked by sys_clk_pin  {rise@0.000ns fall@5.000ns period=10.000ns})
  Destination:            clk_div_inst/counter_1hz_reg[11]/D
                            (rising edge-triggered cell FDCE clocked by sys_clk_pin  {rise@0.000ns fall@5.000ns period=10.000ns})
  Path Group:             sys_clk_pin
  Path Type:              Hold (Min at Fast Process Corner)
  Requirement:            0.000ns  (sys_clk_pin rise@0.000ns - sys_clk_pin rise@0.000ns)
  Data Path Delay:        0.421ns  (logic 0.273ns (64.814%)  route 0.148ns (35.186%))
  Logic Levels:           2  (CARRY4=1 LUT6=1)
  Clock Path Skew:        0.000ns (DCD - SCD - CPR)
    Destination Clock Delay (DCD):    1.929ns
    Source Clock Delay      (SCD):    1.571ns
    Clock Pessimism Removal (CPR):    0.358ns

    Location             Delay type                Incr(ns)  Path(ns)    Netlist Resource(s)
  -------------------------------------------------------------------    -------------------
                         (clock sys_clk_pin rise edge)
                                                      0.000     0.000 r  
    R2                                                0.000     0.000 r  clk (IN)
                         net (fo=0)                   0.000     0.000    clk
    R2                   IBUF (Prop_ibuf_I_O)         0.320     0.320 r  clk_IBUF_inst/O
                         net (fo=1, routed)           0.631     0.951    clk_IBUF
    BUFGCTRL_X0Y0        BUFG (Prop_bufg_I_O)         0.026     0.977 r  clk_IBUF_BUFG_inst/O
                         net (fo=48, routed)          0.595     1.571    clk_div_inst/clk_IBUF_BUFG
    SLICE_X2Y4           FDCE                                         r  clk_div_inst/counter_1hz_reg[11]/C
  -------------------------------------------------------------------    -------------------
    SLICE_X2Y4           FDCE (Prop_fdce_C_Q)         0.164     1.735 r  clk_div_inst/counter_1hz_reg[11]/Q
                         net (fo=2, routed)           0.148     1.883    clk_div_inst/counter_1hz_reg[11]
    SLICE_X2Y4           LUT6 (Prop_lut6_I0_O)        0.045     1.928 r  clk_div_inst/counter_1hz[8]_i_2/O
                         net (fo=1, routed)           0.000     1.928    clk_div_inst/counter_1hz[8]_i_2_n_0
    SLICE_X2Y4           CARRY4 (Prop_carry4_S[3]_O[3])
                                                      0.064     1.992 r  clk_div_inst/counter_1hz_reg[8]_i_1/O[3]
                         net (fo=1, routed)           0.000     1.992    clk_div_inst/counter_1hz_reg[8]_i_1_n_4
    SLICE_X2Y4           FDCE                                         r  clk_div_inst/counter_1hz_reg[11]/D
  -------------------------------------------------------------------    -------------------

                         (clock sys_clk_pin rise edge)
                                                      0.000     0.000 r  
    R2                                                0.000     0.000 r  clk (IN)
                         net (fo=0)                   0.000     0.000    clk
    R2                   IBUF (Prop_ibuf_I_O)         0.350     0.350 r  clk_IBUF_inst/O
                         net (fo=1, routed)           0.685     1.035    clk_IBUF
    BUFGCTRL_X0Y0        BUFG (Prop_bufg_I_O)         0.029     1.064 r  clk_IBUF_BUFG_inst/O
                         net (fo=48, routed)          0.866     1.929    clk_div_inst/clk_IBUF_BUFG
    SLICE_X2Y4           FDCE                                         r  clk_div_inst/counter_1hz_reg[11]/C
                         clock pessimism             -0.358     1.571    
    SLICE_X2Y4           FDCE (Hold_fdce_C_D)         0.134     1.705    clk_div_inst/counter_1hz_reg[11]
  -------------------------------------------------------------------
                         required time                         -1.705    
                         arrival time                           1.992    
  -------------------------------------------------------------------
                         slack                                  0.287    

Slack (MET) :             0.287ns  (arrival time - required time)
  Source:                 clk_div_inst/counter_1hz_reg[15]/C
                            (rising edge-triggered cell FDCE clocked by sys_clk_pin  {rise@0.000ns fall@5.000ns period=10.000ns})
  Destination:            clk_div_inst/counter_1hz_reg[15]/D
                            (rising edge-triggered cell FDCE clocked by sys_clk_pin  {rise@0.000ns fall@5.000ns period=10.000ns})
  Path Group:             sys_clk_pin
  Path Type:              Hold (Min at Fast Process Corner)
  Requirement:            0.000ns  (sys_clk_pin rise@0.000ns - sys_clk_pin rise@0.000ns)
  Data Path Delay:        0.421ns  (logic 0.273ns (64.814%)  route 0.148ns (35.186%))
  Logic Levels:           2  (CARRY4=1 LUT6=1)
  Clock Path Skew:        0.000ns (DCD - SCD - CPR)
    Destination Clock Delay (DCD):    1.929ns
    Source Clock Delay      (SCD):    1.571ns
    Clock Pessimism Removal (CPR):    0.358ns

    Location             Delay type                Incr(ns)  Path(ns)    Netlist Resource(s)
  -------------------------------------------------------------------    -------------------
                         (clock sys_clk_pin rise edge)
                                                      0.000     0.000 r  
    R2                                                0.000     0.000 r  clk (IN)
                         net (fo=0)                   0.000     0.000    clk
    R2                   IBUF (Prop_ibuf_I_O)         0.320     0.320 r  clk_IBUF_inst/O
                         net (fo=1, routed)           0.631     0.951    clk_IBUF
    BUFGCTRL_X0Y0        BUFG (Prop_bufg_I_O)         0.026     0.977 r  clk_IBUF_BUFG_inst/O
                         net (fo=48, routed)          0.595     1.571    clk_div_inst/clk_IBUF_BUFG
    SLICE_X2Y5           FDCE                                         r  clk_div_inst/counter_1hz_reg[15]/C
  -------------------------------------------------------------------    -------------------
    SLICE_X2Y5           FDCE (Prop_fdce_C_Q)         0.164     1.735 r  clk_div_inst/counter_1hz_reg[15]/Q
                         net (fo=2, routed)           0.148     1.883    clk_div_inst/counter_1hz_reg[15]
    SLICE_X2Y5           LUT6 (Prop_lut6_I0_O)        0.045     1.928 r  clk_div_inst/counter_1hz[12]_i_2/O
                         net (fo=1, routed)           0.000     1.928    clk_div_inst/counter_1hz[12]_i_2_n_0
    SLICE_X2Y5           CARRY4 (Prop_carry4_S[3]_O[3])
                                                      0.064     1.992 r  clk_div_inst/counter_1hz_reg[12]_i_1/O[3]
                         net (fo=1, routed)           0.000     1.992    clk_div_inst/counter_1hz_reg[12]_i_1_n_4
    SLICE_X2Y5           FDCE                                         r  clk_div_inst/counter_1hz_reg[15]/D
  -------------------------------------------------------------------    -------------------

                         (clock sys_clk_pin rise edge)
                                                      0.000     0.000 r  
    R2                                                0.000     0.000 r  clk (IN)
                         net (fo=0)                   0.000     0.000    clk
    R2                   IBUF (Prop_ibuf_I_O)         0.350     0.350 r  clk_IBUF_inst/O
                         net (fo=1, routed)           0.685     1.035    clk_IBUF
    BUFGCTRL_X0Y0        BUFG (Prop_bufg_I_O)         0.029     1.064 r  clk_IBUF_BUFG_inst/O
                         net (fo=48, routed)          0.866     1.929    clk_div_inst/clk_IBUF_BUFG
    SLICE_X2Y5           FDCE                                         r  clk_div_inst/counter_1hz_reg[15]/C
                         clock pessimism             -0.358     1.571    
    SLICE_X2Y5           FDCE (Hold_fdce_C_D)         0.134     1.705    clk_div_inst/counter_1hz_reg[15]
  -------------------------------------------------------------------
                         required time                         -1.705    
                         arrival time                           1.992    
  -------------------------------------------------------------------
                         slack                                  0.287    

Slack (MET) :             0.287ns  (arrival time - required time)
  Source:                 clk_div_inst/counter_1hz_reg[3]/C
                            (rising edge-triggered cell FDCE clocked by sys_clk_pin  {rise@0.000ns fall@5.000ns period=10.000ns})
  Destination:            clk_div_inst/counter_1hz_reg[3]/D
                            (rising edge-triggered cell FDCE clocked by sys_clk_pin  {rise@0.000ns fall@5.000ns period=10.000ns})
  Path Group:             sys_clk_pin
  Path Type:              Hold (Min at Fast Process Corner)
  Requirement:            0.000ns  (sys_clk_pin rise@0.000ns - sys_clk_pin rise@0.000ns)
  Data Path Delay:        0.421ns  (logic 0.273ns (64.814%)  route 0.148ns (35.186%))
  Logic Levels:           2  (CARRY4=1 LUT6=1)
  Clock Path Skew:        0.000ns (DCD - SCD - CPR)
    Destination Clock Delay (DCD):    1.930ns
    Source Clock Delay      (SCD):    1.572ns
    Clock Pessimism Removal (CPR):    0.358ns

    Location             Delay type                Incr(ns)  Path(ns)    Netlist Resource(s)
  -------------------------------------------------------------------    -------------------
                         (clock sys_clk_pin rise edge)
                                                      0.000     0.000 r  
    R2                                                0.000     0.000 r  clk (IN)
                         net (fo=0)                   0.000     0.000    clk
    R2                   IBUF (Prop_ibuf_I_O)         0.320     0.320 r  clk_IBUF_inst/O
                         net (fo=1, routed)           0.631     0.951    clk_IBUF
    BUFGCTRL_X0Y0        BUFG (Prop_bufg_I_O)         0.026     0.977 r  clk_IBUF_BUFG_inst/O
                         net (fo=48, routed)          0.596     1.572    clk_div_inst/clk_IBUF_BUFG
    SLICE_X2Y2           FDCE                                         r  clk_div_inst/counter_1hz_reg[3]/C
  -------------------------------------------------------------------    -------------------
    SLICE_X2Y2           FDCE (Prop_fdce_C_Q)         0.164     1.736 r  clk_div_inst/counter_1hz_reg[3]/Q
                         net (fo=2, routed)           0.148     1.884    clk_div_inst/counter_1hz_reg[3]
    SLICE_X2Y2           LUT6 (Prop_lut6_I0_O)        0.045     1.929 r  clk_div_inst/counter_1hz[0]_i_3/O
                         net (fo=1, routed)           0.000     1.929    clk_div_inst/counter_1hz[0]_i_3_n_0
    SLICE_X2Y2           CARRY4 (Prop_carry4_S[3]_O[3])
                                                      0.064     1.993 r  clk_div_inst/counter_1hz_reg[0]_i_1/O[3]
                         net (fo=1, routed)           0.000     1.993    clk_div_inst/counter_1hz_reg[0]_i_1_n_4
    SLICE_X2Y2           FDCE                                         r  clk_div_inst/counter_1hz_reg[3]/D
  -------------------------------------------------------------------    -------------------

                         (clock sys_clk_pin rise edge)
                                                      0.000     0.000 r  
    R2                                                0.000     0.000 r  clk (IN)
                         net (fo=0)                   0.000     0.000    clk
    R2                   IBUF (Prop_ibuf_I_O)         0.350     0.350 r  clk_IBUF_inst/O
                         net (fo=1, routed)           0.685     1.035    clk_IBUF
    BUFGCTRL_X0Y0        BUFG (Prop_bufg_I_O)         0.029     1.064 r  clk_IBUF_BUFG_inst/O
                         net (fo=48, routed)          0.867     1.930    clk_div_inst/clk_IBUF_BUFG
    SLICE_X2Y2           FDCE                                         r  clk_div_inst/counter_1hz_reg[3]/C
                         clock pessimism             -0.358     1.572    
    SLICE_X2Y2           FDCE (Hold_fdce_C_D)         0.134     1.706    clk_div_inst/counter_1hz_reg[3]
  -------------------------------------------------------------------
                         required time                         -1.706    
                         arrival time                           1.993    
  -------------------------------------------------------------------
                         slack                                  0.287    

Slack (MET) :             0.288ns  (arrival time - required time)
  Source:                 clk_div_inst/counter_1hz_reg[19]/C
                            (rising edge-triggered cell FDCE clocked by sys_clk_pin  {rise@0.000ns fall@5.000ns period=10.000ns})
  Destination:            clk_div_inst/counter_1hz_reg[19]/D
                            (rising edge-triggered cell FDCE clocked by sys_clk_pin  {rise@0.000ns fall@5.000ns period=10.000ns})
  Path Group:             sys_clk_pin
  Path Type:              Hold (Min at Fast Process Corner)
  Requirement:            0.000ns  (sys_clk_pin rise@0.000ns - sys_clk_pin rise@0.000ns)
  Data Path Delay:        0.422ns  (logic 0.273ns (64.655%)  route 0.149ns (35.345%))
  Logic Levels:           2  (CARRY4=1 LUT6=1)
  Clock Path Skew:        0.000ns (DCD - SCD - CPR)
    Destination Clock Delay (DCD):    1.929ns
    Source Clock Delay      (SCD):    1.571ns
    Clock Pessimism Removal (CPR):    0.358ns

    Location             Delay type                Incr(ns)  Path(ns)    Netlist Resource(s)
  -------------------------------------------------------------------    -------------------
                         (clock sys_clk_pin rise edge)
                                                      0.000     0.000 r  
    R2                                                0.000     0.000 r  clk (IN)
                         net (fo=0)                   0.000     0.000    clk
    R2                   IBUF (Prop_ibuf_I_O)         0.320     0.320 r  clk_IBUF_inst/O
                         net (fo=1, routed)           0.631     0.951    clk_IBUF
    BUFGCTRL_X0Y0        BUFG (Prop_bufg_I_O)         0.026     0.977 r  clk_IBUF_BUFG_inst/O
                         net (fo=48, routed)          0.595     1.571    clk_div_inst/clk_IBUF_BUFG
    SLICE_X2Y6           FDCE                                         r  clk_div_inst/counter_1hz_reg[19]/C
  -------------------------------------------------------------------    -------------------
    SLICE_X2Y6           FDCE (Prop_fdce_C_Q)         0.164     1.735 r  clk_div_inst/counter_1hz_reg[19]/Q
                         net (fo=2, routed)           0.149     1.884    clk_div_inst/counter_1hz_reg[19]
    SLICE_X2Y6           LUT6 (Prop_lut6_I0_O)        0.045     1.929 r  clk_div_inst/counter_1hz[16]_i_2/O
                         net (fo=1, routed)           0.000     1.929    clk_div_inst/counter_1hz[16]_i_2_n_0
    SLICE_X2Y6           CARRY4 (Prop_carry4_S[3]_O[3])
                                                      0.064     1.993 r  clk_div_inst/counter_1hz_reg[16]_i_1/O[3]
                         net (fo=1, routed)           0.000     1.993    clk_div_inst/counter_1hz_reg[16]_i_1_n_4
    SLICE_X2Y6           FDCE                                         r  clk_div_inst/counter_1hz_reg[19]/D
  -------------------------------------------------------------------    -------------------

                         (clock sys_clk_pin rise edge)
                                                      0.000     0.000 r  
    R2                                                0.000     0.000 r  clk (IN)
                         net (fo=0)                   0.000     0.000    clk
    R2                   IBUF (Prop_ibuf_I_O)         0.350     0.350 r  clk_IBUF_inst/O
                         net (fo=1, routed)           0.685     1.035    clk_IBUF
    BUFGCTRL_X0Y0        BUFG (Prop_bufg_I_O)         0.029     1.064 r  clk_IBUF_BUFG_inst/O
                         net (fo=48, routed)          0.866     1.929    clk_div_inst/clk_IBUF_BUFG
    SLICE_X2Y6           FDCE                                         r  clk_div_inst/counter_1hz_reg[19]/C
                         clock pessimism             -0.358     1.571    
    SLICE_X2Y6           FDCE (Hold_fdce_C_D)         0.134     1.705    clk_div_inst/counter_1hz_reg[19]
  -------------------------------------------------------------------
                         required time                         -1.705    
                         arrival time                           1.993    
  -------------------------------------------------------------------
                         slack                                  0.288    

Slack (MET) :             0.288ns  (arrival time - required time)
  Source:                 clk_div_inst/counter_1hz_reg[7]/C
                            (rising edge-triggered cell FDCE clocked by sys_clk_pin  {rise@0.000ns fall@5.000ns period=10.000ns})
  Destination:            clk_div_inst/counter_1hz_reg[7]/D
                            (rising edge-triggered cell FDCE clocked by sys_clk_pin  {rise@0.000ns fall@5.000ns period=10.000ns})
  Path Group:             sys_clk_pin
  Path Type:              Hold (Min at Fast Process Corner)
  Requirement:            0.000ns  (sys_clk_pin rise@0.000ns - sys_clk_pin rise@0.000ns)
  Data Path Delay:        0.422ns  (logic 0.273ns (64.655%)  route 0.149ns (35.345%))
  Logic Levels:           2  (CARRY4=1 LUT6=1)
  Clock Path Skew:        0.000ns (DCD - SCD - CPR)
    Destination Clock Delay (DCD):    1.929ns
    Source Clock Delay      (SCD):    1.571ns
    Clock Pessimism Removal (CPR):    0.358ns

    Location             Delay type                Incr(ns)  Path(ns)    Netlist Resource(s)
  -------------------------------------------------------------------    -------------------
                         (clock sys_clk_pin rise edge)
                                                      0.000     0.000 r  
    R2                                                0.000     0.000 r  clk (IN)
                         net (fo=0)                   0.000     0.000    clk
    R2                   IBUF (Prop_ibuf_I_O)         0.320     0.320 r  clk_IBUF_inst/O
                         net (fo=1, routed)           0.631     0.951    clk_IBUF
    BUFGCTRL_X0Y0        BUFG (Prop_bufg_I_O)         0.026     0.977 r  clk_IBUF_BUFG_inst/O
                         net (fo=48, routed)          0.595     1.571    clk_div_inst/clk_IBUF_BUFG
    SLICE_X2Y3           FDCE                                         r  clk_div_inst/counter_1hz_reg[7]/C
  -------------------------------------------------------------------    -------------------
    SLICE_X2Y3           FDCE (Prop_fdce_C_Q)         0.164     1.735 r  clk_div_inst/counter_1hz_reg[7]/Q
                         net (fo=2, routed)           0.149     1.884    clk_div_inst/counter_1hz_reg[7]
    SLICE_X2Y3           LUT6 (Prop_lut6_I0_O)        0.045     1.929 r  clk_div_inst/counter_1hz[4]_i_2/O
                         net (fo=1, routed)           0.000     1.929    clk_div_inst/counter_1hz[4]_i_2_n_0
    SLICE_X2Y3           CARRY4 (Prop_carry4_S[3]_O[3])
                                                      0.064     1.993 r  clk_div_inst/counter_1hz_reg[4]_i_1/O[3]
                         net (fo=1, routed)           0.000     1.993    clk_div_inst/counter_1hz_reg[4]_i_1_n_4
    SLICE_X2Y3           FDCE                                         r  clk_div_inst/counter_1hz_reg[7]/D
  -------------------------------------------------------------------    -------------------

                         (clock sys_clk_pin rise edge)
                                                      0.000     0.000 r  
    R2                                                0.000     0.000 r  clk (IN)
                         net (fo=0)                   0.000     0.000    clk
    R2                   IBUF (Prop_ibuf_I_O)         0.350     0.350 r  clk_IBUF_inst/O
                         net (fo=1, routed)           0.685     1.035    clk_IBUF
    BUFGCTRL_X0Y0        BUFG (Prop_bufg_I_O)         0.029     1.064 r  clk_IBUF_BUFG_inst/O
                         net (fo=48, routed)          0.866     1.929    clk_div_inst/clk_IBUF_BUFG
    SLICE_X2Y3           FDCE                                         r  clk_div_inst/counter_1hz_reg[7]/C
                         clock pessimism             -0.358     1.571    
    SLICE_X2Y3           FDCE (Hold_fdce_C_D)         0.134     1.705    clk_div_inst/counter_1hz_reg[7]
  -------------------------------------------------------------------
                         required time                         -1.705    
                         arrival time                           1.993    
  -------------------------------------------------------------------
                         slack                                  0.288    

Slack (MET) :             0.288ns  (arrival time - required time)
  Source:                 clk_div_inst/counter_1hz_reg[23]/C
                            (rising edge-triggered cell FDCE clocked by sys_clk_pin  {rise@0.000ns fall@5.000ns period=10.000ns})
  Destination:            clk_div_inst/counter_1hz_reg[23]/D
                            (rising edge-triggered cell FDCE clocked by sys_clk_pin  {rise@0.000ns fall@5.000ns period=10.000ns})
  Path Group:             sys_clk_pin
  Path Type:              Hold (Min at Fast Process Corner)
  Requirement:            0.000ns  (sys_clk_pin rise@0.000ns - sys_clk_pin rise@0.000ns)
  Data Path Delay:        0.422ns  (logic 0.273ns (64.646%)  route 0.149ns (35.354%))
  Logic Levels:           2  (CARRY4=1 LUT6=1)
  Clock Path Skew:        0.000ns (DCD - SCD - CPR)
    Destination Clock Delay (DCD):    1.928ns
    Source Clock Delay      (SCD):    1.570ns
    Clock Pessimism Removal (CPR):    0.358ns

    Location             Delay type                Incr(ns)  Path(ns)    Netlist Resource(s)
  -------------------------------------------------------------------    -------------------
                         (clock sys_clk_pin rise edge)
                                                      0.000     0.000 r  
    R2                                                0.000     0.000 r  clk (IN)
                         net (fo=0)                   0.000     0.000    clk
    R2                   IBUF (Prop_ibuf_I_O)         0.320     0.320 r  clk_IBUF_inst/O
                         net (fo=1, routed)           0.631     0.951    clk_IBUF
    BUFGCTRL_X0Y0        BUFG (Prop_bufg_I_O)         0.026     0.977 r  clk_IBUF_BUFG_inst/O
                         net (fo=48, routed)          0.594     1.570    clk_div_inst/clk_IBUF_BUFG
    SLICE_X2Y7           FDCE                                         r  clk_div_inst/counter_1hz_reg[23]/C
  -------------------------------------------------------------------    -------------------
    SLICE_X2Y7           FDCE (Prop_fdce_C_Q)         0.164     1.734 r  clk_div_inst/counter_1hz_reg[23]/Q
                         net (fo=2, routed)           0.149     1.884    clk_div_inst/counter_1hz_reg[23]
    SLICE_X2Y7           LUT6 (Prop_lut6_I0_O)        0.045     1.929 r  clk_div_inst/counter_1hz[20]_i_2/O
                         net (fo=1, routed)           0.000     1.929    clk_div_inst/counter_1hz[20]_i_2_n_0
    SLICE_X2Y7           CARRY4 (Prop_carry4_S[3]_O[3])
                                                      0.064     1.993 r  clk_div_inst/counter_1hz_reg[20]_i_1/O[3]
                         net (fo=1, routed)           0.000     1.993    clk_div_inst/counter_1hz_reg[20]_i_1_n_4
    SLICE_X2Y7           FDCE                                         r  clk_div_inst/counter_1hz_reg[23]/D
  -------------------------------------------------------------------    -------------------

                         (clock sys_clk_pin rise edge)
                                                      0.000     0.000 r  
    R2                                                0.000     0.000 r  clk (IN)
                         net (fo=0)                   0.000     0.000    clk
    R2                   IBUF (Prop_ibuf_I_O)         0.350     0.350 r  clk_IBUF_inst/O
                         net (fo=1, routed)           0.685     1.035    clk_IBUF
    BUFGCTRL_X0Y0        BUFG (Prop_bufg_I_O)         0.029     1.064 r  clk_IBUF_BUFG_inst/O
                         net (fo=48, routed)          0.865     1.928    clk_div_inst/clk_IBUF_BUFG
    SLICE_X2Y7           FDCE                                         r  clk_div_inst/counter_1hz_reg[23]/C
                         clock pessimism             -0.358     1.570    
    SLICE_X2Y7           FDCE (Hold_fdce_C_D)         0.134     1.704    clk_div_inst/counter_1hz_reg[23]
  -------------------------------------------------------------------
                         required time                         -1.704    
                         arrival time                           1.993    
  -------------------------------------------------------------------
                         slack                                  0.288    

Slack (MET) :             0.293ns  (arrival time - required time)
  Source:                 clk_div_inst/counter_1hz_reg[18]/C
                            (rising edge-triggered cell FDCE clocked by sys_clk_pin  {rise@0.000ns fall@5.000ns period=10.000ns})
  Destination:            clk_div_inst/counter_1hz_reg[13]/D
                            (rising edge-triggered cell FDCE clocked by sys_clk_pin  {rise@0.000ns fall@5.000ns period=10.000ns})
  Path Group:             sys_clk_pin
  Path Type:              Hold (Min at Fast Process Corner)
  Requirement:            0.000ns  (sys_clk_pin rise@0.000ns - sys_clk_pin rise@0.000ns)
  Data Path Delay:        0.443ns  (logic 0.275ns (62.021%)  route 0.168ns (37.979%))
  Logic Levels:           2  (CARRY4=1 LUT6=1)
  Clock Path Skew:        0.016ns (DCD - SCD - CPR)
    Destination Clock Delay (DCD):    1.929ns
    Source Clock Delay      (SCD):    1.571ns
    Clock Pessimism Removal (CPR):    0.342ns

    Location             Delay type                Incr(ns)  Path(ns)    Netlist Resource(s)
  -------------------------------------------------------------------    -------------------
                         (clock sys_clk_pin rise edge)
                                                      0.000     0.000 r  
    R2                                                0.000     0.000 r  clk (IN)
                         net (fo=0)                   0.000     0.000    clk
    R2                   IBUF (Prop_ibuf_I_O)         0.320     0.320 r  clk_IBUF_inst/O
                         net (fo=1, routed)           0.631     0.951    clk_IBUF
    BUFGCTRL_X0Y0        BUFG (Prop_bufg_I_O)         0.026     0.977 r  clk_IBUF_BUFG_inst/O
                         net (fo=48, routed)          0.595     1.571    clk_div_inst/clk_IBUF_BUFG
    SLICE_X2Y6           FDCE                                         r  clk_div_inst/counter_1hz_reg[18]/C
  -------------------------------------------------------------------    -------------------
    SLICE_X2Y6           FDCE (Prop_fdce_C_Q)         0.164     1.735 f  clk_div_inst/counter_1hz_reg[18]/Q
                         net (fo=27, routed)          0.168     1.904    clk_div_inst/counter_1hz_reg[18]
    SLICE_X2Y5           LUT6 (Prop_lut6_I1_O)        0.045     1.949 r  clk_div_inst/counter_1hz[12]_i_4/O
                         net (fo=1, routed)           0.000     1.949    clk_div_inst/counter_1hz[12]_i_4_n_0
    SLICE_X2Y5           CARRY4 (Prop_carry4_S[1]_O[1])
                                                      0.066     2.015 r  clk_div_inst/counter_1hz_reg[12]_i_1/O[1]
                         net (fo=1, routed)           0.000     2.015    clk_div_inst/counter_1hz_reg[12]_i_1_n_6
    SLICE_X2Y5           FDCE                                         r  clk_div_inst/counter_1hz_reg[13]/D
  -------------------------------------------------------------------    -------------------

                         (clock sys_clk_pin rise edge)
                                                      0.000     0.000 r  
    R2                                                0.000     0.000 r  clk (IN)
                         net (fo=0)                   0.000     0.000    clk
    R2                   IBUF (Prop_ibuf_I_O)         0.350     0.350 r  clk_IBUF_inst/O
                         net (fo=1, routed)           0.685     1.035    clk_IBUF
    BUFGCTRL_X0Y0        BUFG (Prop_bufg_I_O)         0.029     1.064 r  clk_IBUF_BUFG_inst/O
                         net (fo=48, routed)          0.866     1.929    clk_div_inst/clk_IBUF_BUFG
    SLICE_X2Y5           FDCE                                         r  clk_div_inst/counter_1hz_reg[13]/C
                         clock pessimism             -0.342     1.587    
    SLICE_X2Y5           FDCE (Hold_fdce_C_D)         0.134     1.721    clk_div_inst/counter_1hz_reg[13]
  -------------------------------------------------------------------
                         required time                         -1.721    
                         arrival time                           2.015    
  -------------------------------------------------------------------
                         slack                                  0.293    





Pulse Width Checks
--------------------------------------------------------------------------------------
Clock Name:         sys_clk_pin
Waveform(ns):       { 0.000 5.000 }
Period(ns):         10.000
Sources:            { clk }

Check Type        Corner  Lib Pin  Reference Pin  Required(ns)  Actual(ns)  Slack(ns)  Location       Pin
Min Period        n/a     BUFG/I   n/a            2.155         10.000      7.845      BUFGCTRL_X0Y0  clk_IBUF_BUFG_inst/I
Min Period        n/a     FDCE/C   n/a            1.000         10.000      9.000      SLICE_X3Y7     clk_div_inst/clk_1hz_reg/C
Min Period        n/a     FDCE/C   n/a            1.000         10.000      9.000      SLICE_X5Y6     clk_div_inst/clk_50hz_reg/C
Min Period        n/a     FDCE/C   n/a            1.000         10.000      9.000      SLICE_X2Y2     clk_div_inst/counter_1hz_reg[0]/C
Min Period        n/a     FDCE/C   n/a            1.000         10.000      9.000      SLICE_X2Y4     clk_div_inst/counter_1hz_reg[10]/C
Min Period        n/a     FDCE/C   n/a            1.000         10.000      9.000      SLICE_X2Y4     clk_div_inst/counter_1hz_reg[11]/C
Min Period        n/a     FDCE/C   n/a            1.000         10.000      9.000      SLICE_X2Y5     clk_div_inst/counter_1hz_reg[12]/C
Min Period        n/a     FDCE/C   n/a            1.000         10.000      9.000      SLICE_X2Y5     clk_div_inst/counter_1hz_reg[13]/C
Min Period        n/a     FDCE/C   n/a            1.000         10.000      9.000      SLICE_X2Y5     clk_div_inst/counter_1hz_reg[14]/C
Min Period        n/a     FDCE/C   n/a            1.000         10.000      9.000      SLICE_X2Y5     clk_div_inst/counter_1hz_reg[15]/C
Low Pulse Width   Slow    FDCE/C   n/a            0.500         5.000       4.500      SLICE_X3Y7     clk_div_inst/clk_1hz_reg/C
Low Pulse Width   Fast    FDCE/C   n/a            0.500         5.000       4.500      SLICE_X3Y7     clk_div_inst/clk_1hz_reg/C
Low Pulse Width   Slow    FDCE/C   n/a            0.500         5.000       4.500      SLICE_X5Y6     clk_div_inst/clk_50hz_reg/C
Low Pulse Width   Fast    FDCE/C   n/a            0.500         5.000       4.500      SLICE_X5Y6     clk_div_inst/clk_50hz_reg/C
Low Pulse Width   Slow    FDCE/C   n/a            0.500         5.000       4.500      SLICE_X2Y2     clk_div_inst/counter_1hz_reg[0]/C
Low Pulse Width   Fast    FDCE/C   n/a            0.500         5.000       4.500      SLICE_X2Y2     clk_div_inst/counter_1hz_reg[0]/C
Low Pulse Width   Slow    FDCE/C   n/a            0.500         5.000       4.500      SLICE_X2Y4     clk_div_inst/counter_1hz_reg[10]/C
Low Pulse Width   Fast    FDCE/C   n/a            0.500         5.000       4.500      SLICE_X2Y4     clk_div_inst/counter_1hz_reg[10]/C
Low Pulse Width   Slow    FDCE/C   n/a            0.500         5.000       4.500      SLICE_X2Y4     clk_div_inst/counter_1hz_reg[11]/C
Low Pulse Width   Fast    FDCE/C   n/a            0.500         5.000       4.500      SLICE_X2Y4     clk_div_inst/counter_1hz_reg[11]/C
High Pulse Width  Slow    FDCE/C   n/a            0.500         5.000       4.500      SLICE_X3Y7     clk_div_inst/clk_1hz_reg/C
High Pulse Width  Fast    FDCE/C   n/a            0.500         5.000       4.500      SLICE_X3Y7     clk_div_inst/clk_1hz_reg/C
High Pulse Width  Slow    FDCE/C   n/a            0.500         5.000       4.500      SLICE_X5Y6     clk_div_inst/clk_50hz_reg/C
High Pulse Width  Fast    FDCE/C   n/a            0.500         5.000       4.500      SLICE_X5Y6     clk_div_inst/clk_50hz_reg/C
High Pulse Width  Slow    FDCE/C   n/a            0.500         5.000       4.500      SLICE_X2Y2     clk_div_inst/counter_1hz_reg[0]/C
High Pulse Width  Fast    FDCE/C   n/a            0.500         5.000       4.500      SLICE_X2Y2     clk_div_inst/counter_1hz_reg[0]/C
High Pulse Width  Slow    FDCE/C   n/a            0.500         5.000       4.500      SLICE_X2Y4     clk_div_inst/counter_1hz_reg[10]/C
High Pulse Width  Fast    FDCE/C   n/a            0.500         5.000       4.500      SLICE_X2Y4     clk_div_inst/counter_1hz_reg[10]/C
High Pulse Width  Slow    FDCE/C   n/a            0.500         5.000       4.500      SLICE_X2Y4     clk_div_inst/counter_1hz_reg[11]/C
High Pulse Width  Fast    FDCE/C   n/a            0.500         5.000       4.500      SLICE_X2Y4     clk_div_inst/counter_1hz_reg[11]/C



