Copyright 1986-2021 Xilinx, Inc. All Rights Reserved.
--------------------------------------------------------------------------------------------------------------------------------------------------------------------------------------------------------------------
| Tool Version : Vivado v.2021.1 (win64) Build 3247384 Thu Jun 10 19:36:33 MDT 2021
| Date         : Thu Mar 20 01:25:47 2025
| Host         : MinsungKim running 64-bit major release  (build 9200)
| Command      : report_timing_summary -max_paths 10 -file fsm_counter_top_timing_summary_routed.rpt -pb fsm_counter_top_timing_summary_routed.pb -rpx fsm_counter_top_timing_summary_routed.rpx -warn_on_violation
| Design       : fsm_counter_top
| Device       : 7s50-csga324
| Speed File   : -1  PRODUCTION 1.23 2018-06-13
--------------------------------------------------------------------------------------------------------------------------------------------------------------------------------------------------------------------

Timing Summary Report

------------------------------------------------------------------------------------------------
| Timer Settings
| --------------
------------------------------------------------------------------------------------------------

  Enable Multi Corner Analysis               :  Yes
  Enable Pessimism Removal                   :  Yes
  Pessimism Removal Resolution               :  Nearest Common Node
  Enable Input Delay Default Clock           :  No
  Enable Preset / Clear Arcs                 :  No
  Disable Flight Delays                      :  No
  Ignore I/O Paths                           :  No
  Timing Early Launch at Borrowing Latches   :  No
  Borrow Time for Max Delay Exceptions       :  Yes
  Merge Timing Exceptions                    :  Yes

  Corner  Analyze    Analyze    
  Name    Max Paths  Min Paths  
  ------  ---------  ---------  
  Slow    Yes        Yes        
  Fast    Yes        Yes        


------------------------------------------------------------------------------------------------
| Report Methodology
| ------------------
------------------------------------------------------------------------------------------------

Rule       Severity          Description                    Violations  
---------  ----------------  -----------------------------  ----------  
TIMING-17  Critical Warning  Non-clocked sequential cell    8           
TIMING-18  Warning           Missing input or output delay  11          

Note: This report is based on the most recent report_methodology run and may not be up-to-date. Run report_methodology on the current design for the latest report.



check_timing report

Table of Contents
-----------------
1. checking no_clock (8)
2. checking constant_clock (0)
3. checking pulse_width_clock (0)
4. checking unconstrained_internal_endpoints (20)
5. checking no_input_delay (3)
6. checking no_output_delay (10)
7. checking multiple_clock (0)
8. checking generated_clocks (0)
9. checking loops (0)
10. checking partial_input_delay (0)
11. checking partial_output_delay (0)
12. checking latch_loops (0)

1. checking no_clock (8)
------------------------
 There are 4 register/latch pins with no clock driven by root clock pin: clk_div_inst/clk_1hz_reg/Q (HIGH)

 There are 4 register/latch pins with no clock driven by root clock pin: clk_div_inst/clk_50hz_reg/Q (HIGH)


2. checking constant_clock (0)
------------------------------
 There are 0 register/latch pins with constant_clock.


3. checking pulse_width_clock (0)
---------------------------------
 There are 0 register/latch pins which need pulse_width check


4. checking unconstrained_internal_endpoints (20)
-------------------------------------------------
 There are 20 pins that are not constrained for maximum delay. (HIGH)

 There are 0 pins that are not constrained for maximum delay due to constant clock.


5. checking no_input_delay (3)
------------------------------
 There are 3 input ports with no input delay specified. (HIGH)

 There are 0 input ports with no input delay but user has a false path constraint.


6. checking no_output_delay (10)
--------------------------------
 There are 10 ports with no output delay specified. (HIGH)

 There are 0 ports with no output delay but user has a false path constraint

 There are 0 ports with no output delay but with a timing clock defined on it or propagating through it


7. checking multiple_clock (0)
------------------------------
 There are 0 register/latch pins with multiple clocks.


8. checking generated_clocks (0)
--------------------------------
 There are 0 generated clocks that are not connected to a clock source.


9. checking loops (0)
---------------------
 There are 0 combinational loops in the design.


10. checking partial_input_delay (0)
------------------------------------
 There are 0 input ports with partial input delay specified.


11. checking partial_output_delay (0)
-------------------------------------
 There are 0 ports with partial output delay specified.


12. checking latch_loops (0)
----------------------------
 There are 0 combinational latch loops in the design through latch input



------------------------------------------------------------------------------------------------
| Design Timing Summary
| ---------------------
------------------------------------------------------------------------------------------------

    WNS(ns)      TNS(ns)  TNS Failing Endpoints  TNS Total Endpoints      WHS(ns)      THS(ns)  THS Failing Endpoints  THS Total Endpoints     WPWS(ns)     TPWS(ns)  TPWS Failing Endpoints  TPWS Total Endpoints  
    -------      -------  ---------------------  -------------------      -------      -------  ---------------------  -------------------     --------     --------  ----------------------  --------------------  
      5.338        0.000                      0                   99        0.246        0.000                      0                   99        4.500        0.000                       0                    55  


All user specified timing constraints are met.


------------------------------------------------------------------------------------------------
| Clock Summary
| -------------
------------------------------------------------------------------------------------------------

Clock        Waveform(ns)       Period(ns)      Frequency(MHz)
-----        ------------       ----------      --------------
sys_clk_pin  {0.000 5.000}      10.000          100.000         


------------------------------------------------------------------------------------------------
| Intra Clock Table
| -----------------
------------------------------------------------------------------------------------------------

Clock             WNS(ns)      TNS(ns)  TNS Failing Endpoints  TNS Total Endpoints      WHS(ns)      THS(ns)  THS Failing Endpoints  THS Total Endpoints     WPWS(ns)     TPWS(ns)  TPWS Failing Endpoints  TPWS Total Endpoints  
-----             -------      -------  ---------------------  -------------------      -------      -------  ---------------------  -------------------     --------     --------  ----------------------  --------------------  
sys_clk_pin         5.338        0.000                      0                   51        0.246        0.000                      0                   51        4.500        0.000                       0                    55  


------------------------------------------------------------------------------------------------
| Inter Clock Table
| -----------------
------------------------------------------------------------------------------------------------

From Clock    To Clock          WNS(ns)      TNS(ns)  TNS Failing Endpoints  TNS Total Endpoints      WHS(ns)      THS(ns)  THS Failing Endpoints  THS Total Endpoints  
----------    --------          -------      -------  ---------------------  -------------------      -------      -------  ---------------------  -------------------  


------------------------------------------------------------------------------------------------
| Other Path Groups Table
| -----------------------
------------------------------------------------------------------------------------------------

Path Group         From Clock         To Clock               WNS(ns)      TNS(ns)  TNS Failing Endpoints  TNS Total Endpoints      WHS(ns)      THS(ns)  THS Failing Endpoints  THS Total Endpoints  
----------         ----------         --------               -------      -------  ---------------------  -------------------      -------      -------  ---------------------  -------------------  
**async_default**  sys_clk_pin        sys_clk_pin              7.162        0.000                      0                   48        0.734        0.000                      0                   48  


------------------------------------------------------------------------------------------------
| Timing Details
| --------------
------------------------------------------------------------------------------------------------


---------------------------------------------------------------------------------------------------
From Clock:  sys_clk_pin
  To Clock:  sys_clk_pin

Setup :            0  Failing Endpoints,  Worst Slack        5.338ns,  Total Violation        0.000ns
Hold  :            0  Failing Endpoints,  Worst Slack        0.246ns,  Total Violation        0.000ns
PW    :            0  Failing Endpoints,  Worst Slack        4.500ns,  Total Violation        0.000ns
---------------------------------------------------------------------------------------------------


Max Delay Paths
--------------------------------------------------------------------------------------
Slack (MET) :             5.338ns  (required time - arrival time)
  Source:                 clk_div_inst/counter_1hz_reg[19]/C
                            (rising edge-triggered cell FDCE clocked by sys_clk_pin  {rise@0.000ns fall@5.000ns period=10.000ns})
  Destination:            clk_div_inst/counter_1hz_reg[25]/D
                            (rising edge-triggered cell FDCE clocked by sys_clk_pin  {rise@0.000ns fall@5.000ns period=10.000ns})
  Path Group:             sys_clk_pin
  Path Type:              Setup (Max at Slow Process Corner)
  Requirement:            10.000ns  (sys_clk_pin rise@10.000ns - sys_clk_pin rise@0.000ns)
  Data Path Delay:        4.709ns  (logic 2.224ns (47.225%)  route 2.485ns (52.775%))
  Logic Levels:           9  (CARRY4=7 LUT5=1 LUT6=1)
  Clock Path Skew:        -0.026ns (DCD - SCD + CPR)
    Destination Clock Delay (DCD):    4.285ns = ( 14.285 - 10.000 ) 
    Source Clock Delay      (SCD):    4.554ns
    Clock Pessimism Removal (CPR):    0.244ns
  Clock Uncertainty:      0.035ns  ((TSJ^2 + TIJ^2)^1/2 + DJ) / 2 + PE
    Total System Jitter     (TSJ):    0.071ns
    Total Input Jitter      (TIJ):    0.000ns
    Discrete Jitter          (DJ):    0.000ns
    Phase Error              (PE):    0.000ns

    Location             Delay type                Incr(ns)  Path(ns)    Netlist Resource(s)
  -------------------------------------------------------------------    -------------------
                         (clock sys_clk_pin rise edge)
                                                      0.000     0.000 r  
    R2                                                0.000     0.000 r  clk (IN)
                         net (fo=0)                   0.000     0.000    clk
    R2                   IBUF (Prop_ibuf_I_O)         0.854     0.854 r  clk_IBUF_inst/O
                         net (fo=1, routed)           1.967     2.821    clk_IBUF
    BUFGCTRL_X0Y0        BUFG (Prop_bufg_I_O)         0.096     2.917 r  clk_IBUF_BUFG_inst/O
                         net (fo=54, routed)          1.637     4.554    clk_div_inst/clk_IBUF_BUFG
    SLICE_X2Y7           FDCE                                         r  clk_div_inst/counter_1hz_reg[19]/C
  -------------------------------------------------------------------    -------------------
    SLICE_X2Y7           FDCE (Prop_fdce_C_Q)         0.518     5.072 f  clk_div_inst/counter_1hz_reg[19]/Q
                         net (fo=2, routed)           0.997     6.069    clk_div_inst/counter_1hz_reg[19]
    SLICE_X3Y8           LUT5 (Prop_lut5_I1_O)        0.124     6.193 r  clk_div_inst/clk_1hz_i_3/O
                         net (fo=27, routed)          1.151     7.343    clk_div_inst/clk_1hz_i_3_n_0
    SLICE_X4Y3           LUT6 (Prop_lut6_I3_O)        0.124     7.467 r  clk_div_inst/counter_1hz[0]_i_2/O
                         net (fo=1, routed)           0.338     7.806    clk_div_inst/counter_1hz[0]_i_2_n_0
    SLICE_X2Y3           CARRY4 (Prop_carry4_DI[0]_CO[3])
                                                      0.550     8.356 r  clk_div_inst/counter_1hz_reg[0]_i_1/CO[3]
                         net (fo=1, routed)           0.000     8.356    clk_div_inst/counter_1hz_reg[0]_i_1_n_0
    SLICE_X2Y4           CARRY4 (Prop_carry4_CI_CO[3])
                                                      0.117     8.473 r  clk_div_inst/counter_1hz_reg[4]_i_1/CO[3]
                         net (fo=1, routed)           0.000     8.473    clk_div_inst/counter_1hz_reg[4]_i_1_n_0
    SLICE_X2Y5           CARRY4 (Prop_carry4_CI_CO[3])
                                                      0.117     8.590 r  clk_div_inst/counter_1hz_reg[8]_i_1/CO[3]
                         net (fo=1, routed)           0.000     8.590    clk_div_inst/counter_1hz_reg[8]_i_1_n_0
    SLICE_X2Y6           CARRY4 (Prop_carry4_CI_CO[3])
                                                      0.117     8.707 r  clk_div_inst/counter_1hz_reg[12]_i_1/CO[3]
                         net (fo=1, routed)           0.000     8.707    clk_div_inst/counter_1hz_reg[12]_i_1_n_0
    SLICE_X2Y7           CARRY4 (Prop_carry4_CI_CO[3])
                                                      0.117     8.824 r  clk_div_inst/counter_1hz_reg[16]_i_1/CO[3]
                         net (fo=1, routed)           0.000     8.824    clk_div_inst/counter_1hz_reg[16]_i_1_n_0
    SLICE_X2Y8           CARRY4 (Prop_carry4_CI_CO[3])
                                                      0.117     8.941 r  clk_div_inst/counter_1hz_reg[20]_i_1/CO[3]
                         net (fo=1, routed)           0.000     8.941    clk_div_inst/counter_1hz_reg[20]_i_1_n_0
    SLICE_X2Y9           CARRY4 (Prop_carry4_CI_O[1])
                                                      0.323     9.264 r  clk_div_inst/counter_1hz_reg[24]_i_1/O[1]
                         net (fo=1, routed)           0.000     9.264    clk_div_inst/counter_1hz_reg[24]_i_1_n_6
    SLICE_X2Y9           FDCE                                         r  clk_div_inst/counter_1hz_reg[25]/D
  -------------------------------------------------------------------    -------------------

                         (clock sys_clk_pin rise edge)
                                                     10.000    10.000 r  
    R2                                                0.000    10.000 r  clk (IN)
                         net (fo=0)                   0.000    10.000    clk
    R2                   IBUF (Prop_ibuf_I_O)         0.814    10.814 r  clk_IBUF_inst/O
                         net (fo=1, routed)           1.862    12.676    clk_IBUF
    BUFGCTRL_X0Y0        BUFG (Prop_bufg_I_O)         0.091    12.767 r  clk_IBUF_BUFG_inst/O
                         net (fo=54, routed)          1.517    14.285    clk_div_inst/clk_IBUF_BUFG
    SLICE_X2Y9           FDCE                                         r  clk_div_inst/counter_1hz_reg[25]/C
                         clock pessimism              0.244    14.528    
                         clock uncertainty           -0.035    14.493    
    SLICE_X2Y9           FDCE (Setup_fdce_C_D)        0.109    14.602    clk_div_inst/counter_1hz_reg[25]
  -------------------------------------------------------------------
                         required time                         14.602    
                         arrival time                          -9.264    
  -------------------------------------------------------------------
                         slack                                  5.338    

Slack (MET) :             5.442ns  (required time - arrival time)
  Source:                 clk_div_inst/counter_1hz_reg[19]/C
                            (rising edge-triggered cell FDCE clocked by sys_clk_pin  {rise@0.000ns fall@5.000ns period=10.000ns})
  Destination:            clk_div_inst/counter_1hz_reg[24]/D
                            (rising edge-triggered cell FDCE clocked by sys_clk_pin  {rise@0.000ns fall@5.000ns period=10.000ns})
  Path Group:             sys_clk_pin
  Path Type:              Setup (Max at Slow Process Corner)
  Requirement:            10.000ns  (sys_clk_pin rise@10.000ns - sys_clk_pin rise@0.000ns)
  Data Path Delay:        4.605ns  (logic 2.120ns (46.033%)  route 2.485ns (53.967%))
  Logic Levels:           9  (CARRY4=7 LUT5=1 LUT6=1)
  Clock Path Skew:        -0.026ns (DCD - SCD + CPR)
    Destination Clock Delay (DCD):    4.285ns = ( 14.285 - 10.000 ) 
    Source Clock Delay      (SCD):    4.554ns
    Clock Pessimism Removal (CPR):    0.244ns
  Clock Uncertainty:      0.035ns  ((TSJ^2 + TIJ^2)^1/2 + DJ) / 2 + PE
    Total System Jitter     (TSJ):    0.071ns
    Total Input Jitter      (TIJ):    0.000ns
    Discrete Jitter          (DJ):    0.000ns
    Phase Error              (PE):    0.000ns

    Location             Delay type                Incr(ns)  Path(ns)    Netlist Resource(s)
  -------------------------------------------------------------------    -------------------
                         (clock sys_clk_pin rise edge)
                                                      0.000     0.000 r  
    R2                                                0.000     0.000 r  clk (IN)
                         net (fo=0)                   0.000     0.000    clk
    R2                   IBUF (Prop_ibuf_I_O)         0.854     0.854 r  clk_IBUF_inst/O
                         net (fo=1, routed)           1.967     2.821    clk_IBUF
    BUFGCTRL_X0Y0        BUFG (Prop_bufg_I_O)         0.096     2.917 r  clk_IBUF_BUFG_inst/O
                         net (fo=54, routed)          1.637     4.554    clk_div_inst/clk_IBUF_BUFG
    SLICE_X2Y7           FDCE                                         r  clk_div_inst/counter_1hz_reg[19]/C
  -------------------------------------------------------------------    -------------------
    SLICE_X2Y7           FDCE (Prop_fdce_C_Q)         0.518     5.072 f  clk_div_inst/counter_1hz_reg[19]/Q
                         net (fo=2, routed)           0.997     6.069    clk_div_inst/counter_1hz_reg[19]
    SLICE_X3Y8           LUT5 (Prop_lut5_I1_O)        0.124     6.193 r  clk_div_inst/clk_1hz_i_3/O
                         net (fo=27, routed)          1.151     7.343    clk_div_inst/clk_1hz_i_3_n_0
    SLICE_X4Y3           LUT6 (Prop_lut6_I3_O)        0.124     7.467 r  clk_div_inst/counter_1hz[0]_i_2/O
                         net (fo=1, routed)           0.338     7.806    clk_div_inst/counter_1hz[0]_i_2_n_0
    SLICE_X2Y3           CARRY4 (Prop_carry4_DI[0]_CO[3])
                                                      0.550     8.356 r  clk_div_inst/counter_1hz_reg[0]_i_1/CO[3]
                         net (fo=1, routed)           0.000     8.356    clk_div_inst/counter_1hz_reg[0]_i_1_n_0
    SLICE_X2Y4           CARRY4 (Prop_carry4_CI_CO[3])
                                                      0.117     8.473 r  clk_div_inst/counter_1hz_reg[4]_i_1/CO[3]
                         net (fo=1, routed)           0.000     8.473    clk_div_inst/counter_1hz_reg[4]_i_1_n_0
    SLICE_X2Y5           CARRY4 (Prop_carry4_CI_CO[3])
                                                      0.117     8.590 r  clk_div_inst/counter_1hz_reg[8]_i_1/CO[3]
                         net (fo=1, routed)           0.000     8.590    clk_div_inst/counter_1hz_reg[8]_i_1_n_0
    SLICE_X2Y6           CARRY4 (Prop_carry4_CI_CO[3])
                                                      0.117     8.707 r  clk_div_inst/counter_1hz_reg[12]_i_1/CO[3]
                         net (fo=1, routed)           0.000     8.707    clk_div_inst/counter_1hz_reg[12]_i_1_n_0
    SLICE_X2Y7           CARRY4 (Prop_carry4_CI_CO[3])
                                                      0.117     8.824 r  clk_div_inst/counter_1hz_reg[16]_i_1/CO[3]
                         net (fo=1, routed)           0.000     8.824    clk_div_inst/counter_1hz_reg[16]_i_1_n_0
    SLICE_X2Y8           CARRY4 (Prop_carry4_CI_CO[3])
                                                      0.117     8.941 r  clk_div_inst/counter_1hz_reg[20]_i_1/CO[3]
                         net (fo=1, routed)           0.000     8.941    clk_div_inst/counter_1hz_reg[20]_i_1_n_0
    SLICE_X2Y9           CARRY4 (Prop_carry4_CI_O[0])
                                                      0.219     9.160 r  clk_div_inst/counter_1hz_reg[24]_i_1/O[0]
                         net (fo=1, routed)           0.000     9.160    clk_div_inst/counter_1hz_reg[24]_i_1_n_7
    SLICE_X2Y9           FDCE                                         r  clk_div_inst/counter_1hz_reg[24]/D
  -------------------------------------------------------------------    -------------------

                         (clock sys_clk_pin rise edge)
                                                     10.000    10.000 r  
    R2                                                0.000    10.000 r  clk (IN)
                         net (fo=0)                   0.000    10.000    clk
    R2                   IBUF (Prop_ibuf_I_O)         0.814    10.814 r  clk_IBUF_inst/O
                         net (fo=1, routed)           1.862    12.676    clk_IBUF
    BUFGCTRL_X0Y0        BUFG (Prop_bufg_I_O)         0.091    12.767 r  clk_IBUF_BUFG_inst/O
                         net (fo=54, routed)          1.517    14.285    clk_div_inst/clk_IBUF_BUFG
    SLICE_X2Y9           FDCE                                         r  clk_div_inst/counter_1hz_reg[24]/C
                         clock pessimism              0.244    14.528    
                         clock uncertainty           -0.035    14.493    
    SLICE_X2Y9           FDCE (Setup_fdce_C_D)        0.109    14.602    clk_div_inst/counter_1hz_reg[24]
  -------------------------------------------------------------------
                         required time                         14.602    
                         arrival time                          -9.160    
  -------------------------------------------------------------------
                         slack                                  5.442    

Slack (MET) :             5.456ns  (required time - arrival time)
  Source:                 clk_div_inst/counter_1hz_reg[19]/C
                            (rising edge-triggered cell FDCE clocked by sys_clk_pin  {rise@0.000ns fall@5.000ns period=10.000ns})
  Destination:            clk_div_inst/counter_1hz_reg[21]/D
                            (rising edge-triggered cell FDCE clocked by sys_clk_pin  {rise@0.000ns fall@5.000ns period=10.000ns})
  Path Group:             sys_clk_pin
  Path Type:              Setup (Max at Slow Process Corner)
  Requirement:            10.000ns  (sys_clk_pin rise@10.000ns - sys_clk_pin rise@0.000ns)
  Data Path Delay:        4.592ns  (logic 2.107ns (45.880%)  route 2.485ns (54.120%))
  Logic Levels:           8  (CARRY4=6 LUT5=1 LUT6=1)
  Clock Path Skew:        -0.025ns (DCD - SCD + CPR)
    Destination Clock Delay (DCD):    4.286ns = ( 14.286 - 10.000 ) 
    Source Clock Delay      (SCD):    4.554ns
    Clock Pessimism Removal (CPR):    0.244ns
  Clock Uncertainty:      0.035ns  ((TSJ^2 + TIJ^2)^1/2 + DJ) / 2 + PE
    Total System Jitter     (TSJ):    0.071ns
    Total Input Jitter      (TIJ):    0.000ns
    Discrete Jitter          (DJ):    0.000ns
    Phase Error              (PE):    0.000ns

    Location             Delay type                Incr(ns)  Path(ns)    Netlist Resource(s)
  -------------------------------------------------------------------    -------------------
                         (clock sys_clk_pin rise edge)
                                                      0.000     0.000 r  
    R2                                                0.000     0.000 r  clk (IN)
                         net (fo=0)                   0.000     0.000    clk
    R2                   IBUF (Prop_ibuf_I_O)         0.854     0.854 r  clk_IBUF_inst/O
                         net (fo=1, routed)           1.967     2.821    clk_IBUF
    BUFGCTRL_X0Y0        BUFG (Prop_bufg_I_O)         0.096     2.917 r  clk_IBUF_BUFG_inst/O
                         net (fo=54, routed)          1.637     4.554    clk_div_inst/clk_IBUF_BUFG
    SLICE_X2Y7           FDCE                                         r  clk_div_inst/counter_1hz_reg[19]/C
  -------------------------------------------------------------------    -------------------
    SLICE_X2Y7           FDCE (Prop_fdce_C_Q)         0.518     5.072 f  clk_div_inst/counter_1hz_reg[19]/Q
                         net (fo=2, routed)           0.997     6.069    clk_div_inst/counter_1hz_reg[19]
    SLICE_X3Y8           LUT5 (Prop_lut5_I1_O)        0.124     6.193 r  clk_div_inst/clk_1hz_i_3/O
                         net (fo=27, routed)          1.151     7.343    clk_div_inst/clk_1hz_i_3_n_0
    SLICE_X4Y3           LUT6 (Prop_lut6_I3_O)        0.124     7.467 r  clk_div_inst/counter_1hz[0]_i_2/O
                         net (fo=1, routed)           0.338     7.806    clk_div_inst/counter_1hz[0]_i_2_n_0
    SLICE_X2Y3           CARRY4 (Prop_carry4_DI[0]_CO[3])
                                                      0.550     8.356 r  clk_div_inst/counter_1hz_reg[0]_i_1/CO[3]
                         net (fo=1, routed)           0.000     8.356    clk_div_inst/counter_1hz_reg[0]_i_1_n_0
    SLICE_X2Y4           CARRY4 (Prop_carry4_CI_CO[3])
                                                      0.117     8.473 r  clk_div_inst/counter_1hz_reg[4]_i_1/CO[3]
                         net (fo=1, routed)           0.000     8.473    clk_div_inst/counter_1hz_reg[4]_i_1_n_0
    SLICE_X2Y5           CARRY4 (Prop_carry4_CI_CO[3])
                                                      0.117     8.590 r  clk_div_inst/counter_1hz_reg[8]_i_1/CO[3]
                         net (fo=1, routed)           0.000     8.590    clk_div_inst/counter_1hz_reg[8]_i_1_n_0
    SLICE_X2Y6           CARRY4 (Prop_carry4_CI_CO[3])
                                                      0.117     8.707 r  clk_div_inst/counter_1hz_reg[12]_i_1/CO[3]
                         net (fo=1, routed)           0.000     8.707    clk_div_inst/counter_1hz_reg[12]_i_1_n_0
    SLICE_X2Y7           CARRY4 (Prop_carry4_CI_CO[3])
                                                      0.117     8.824 r  clk_div_inst/counter_1hz_reg[16]_i_1/CO[3]
                         net (fo=1, routed)           0.000     8.824    clk_div_inst/counter_1hz_reg[16]_i_1_n_0
    SLICE_X2Y8           CARRY4 (Prop_carry4_CI_O[1])
                                                      0.323     9.147 r  clk_div_inst/counter_1hz_reg[20]_i_1/O[1]
                         net (fo=1, routed)           0.000     9.147    clk_div_inst/counter_1hz_reg[20]_i_1_n_6
    SLICE_X2Y8           FDCE                                         r  clk_div_inst/counter_1hz_reg[21]/D
  -------------------------------------------------------------------    -------------------

                         (clock sys_clk_pin rise edge)
                                                     10.000    10.000 r  
    R2                                                0.000    10.000 r  clk (IN)
                         net (fo=0)                   0.000    10.000    clk
    R2                   IBUF (Prop_ibuf_I_O)         0.814    10.814 r  clk_IBUF_inst/O
                         net (fo=1, routed)           1.862    12.676    clk_IBUF
    BUFGCTRL_X0Y0        BUFG (Prop_bufg_I_O)         0.091    12.767 r  clk_IBUF_BUFG_inst/O
                         net (fo=54, routed)          1.518    14.286    clk_div_inst/clk_IBUF_BUFG
    SLICE_X2Y8           FDCE                                         r  clk_div_inst/counter_1hz_reg[21]/C
                         clock pessimism              0.244    14.529    
                         clock uncertainty           -0.035    14.494    
    SLICE_X2Y8           FDCE (Setup_fdce_C_D)        0.109    14.603    clk_div_inst/counter_1hz_reg[21]
  -------------------------------------------------------------------
                         required time                         14.603    
                         arrival time                          -9.147    
  -------------------------------------------------------------------
                         slack                                  5.456    

Slack (MET) :             5.464ns  (required time - arrival time)
  Source:                 clk_div_inst/counter_1hz_reg[19]/C
                            (rising edge-triggered cell FDCE clocked by sys_clk_pin  {rise@0.000ns fall@5.000ns period=10.000ns})
  Destination:            clk_div_inst/counter_1hz_reg[23]/D
                            (rising edge-triggered cell FDCE clocked by sys_clk_pin  {rise@0.000ns fall@5.000ns period=10.000ns})
  Path Group:             sys_clk_pin
  Path Type:              Setup (Max at Slow Process Corner)
  Requirement:            10.000ns  (sys_clk_pin rise@10.000ns - sys_clk_pin rise@0.000ns)
  Data Path Delay:        4.584ns  (logic 2.099ns (45.786%)  route 2.485ns (54.214%))
  Logic Levels:           8  (CARRY4=6 LUT5=1 LUT6=1)
  Clock Path Skew:        -0.025ns (DCD - SCD + CPR)
    Destination Clock Delay (DCD):    4.286ns = ( 14.286 - 10.000 ) 
    Source Clock Delay      (SCD):    4.554ns
    Clock Pessimism Removal (CPR):    0.244ns
  Clock Uncertainty:      0.035ns  ((TSJ^2 + TIJ^2)^1/2 + DJ) / 2 + PE
    Total System Jitter     (TSJ):    0.071ns
    Total Input Jitter      (TIJ):    0.000ns
    Discrete Jitter          (DJ):    0.000ns
    Phase Error              (PE):    0.000ns

    Location             Delay type                Incr(ns)  Path(ns)    Netlist Resource(s)
  -------------------------------------------------------------------    -------------------
                         (clock sys_clk_pin rise edge)
                                                      0.000     0.000 r  
    R2                                                0.000     0.000 r  clk (IN)
                         net (fo=0)                   0.000     0.000    clk
    R2                   IBUF (Prop_ibuf_I_O)         0.854     0.854 r  clk_IBUF_inst/O
                         net (fo=1, routed)           1.967     2.821    clk_IBUF
    BUFGCTRL_X0Y0        BUFG (Prop_bufg_I_O)         0.096     2.917 r  clk_IBUF_BUFG_inst/O
                         net (fo=54, routed)          1.637     4.554    clk_div_inst/clk_IBUF_BUFG
    SLICE_X2Y7           FDCE                                         r  clk_div_inst/counter_1hz_reg[19]/C
  -------------------------------------------------------------------    -------------------
    SLICE_X2Y7           FDCE (Prop_fdce_C_Q)         0.518     5.072 f  clk_div_inst/counter_1hz_reg[19]/Q
                         net (fo=2, routed)           0.997     6.069    clk_div_inst/counter_1hz_reg[19]
    SLICE_X3Y8           LUT5 (Prop_lut5_I1_O)        0.124     6.193 r  clk_div_inst/clk_1hz_i_3/O
                         net (fo=27, routed)          1.151     7.343    clk_div_inst/clk_1hz_i_3_n_0
    SLICE_X4Y3           LUT6 (Prop_lut6_I3_O)        0.124     7.467 r  clk_div_inst/counter_1hz[0]_i_2/O
                         net (fo=1, routed)           0.338     7.806    clk_div_inst/counter_1hz[0]_i_2_n_0
    SLICE_X2Y3           CARRY4 (Prop_carry4_DI[0]_CO[3])
                                                      0.550     8.356 r  clk_div_inst/counter_1hz_reg[0]_i_1/CO[3]
                         net (fo=1, routed)           0.000     8.356    clk_div_inst/counter_1hz_reg[0]_i_1_n_0
    SLICE_X2Y4           CARRY4 (Prop_carry4_CI_CO[3])
                                                      0.117     8.473 r  clk_div_inst/counter_1hz_reg[4]_i_1/CO[3]
                         net (fo=1, routed)           0.000     8.473    clk_div_inst/counter_1hz_reg[4]_i_1_n_0
    SLICE_X2Y5           CARRY4 (Prop_carry4_CI_CO[3])
                                                      0.117     8.590 r  clk_div_inst/counter_1hz_reg[8]_i_1/CO[3]
                         net (fo=1, routed)           0.000     8.590    clk_div_inst/counter_1hz_reg[8]_i_1_n_0
    SLICE_X2Y6           CARRY4 (Prop_carry4_CI_CO[3])
                                                      0.117     8.707 r  clk_div_inst/counter_1hz_reg[12]_i_1/CO[3]
                         net (fo=1, routed)           0.000     8.707    clk_div_inst/counter_1hz_reg[12]_i_1_n_0
    SLICE_X2Y7           CARRY4 (Prop_carry4_CI_CO[3])
                                                      0.117     8.824 r  clk_div_inst/counter_1hz_reg[16]_i_1/CO[3]
                         net (fo=1, routed)           0.000     8.824    clk_div_inst/counter_1hz_reg[16]_i_1_n_0
    SLICE_X2Y8           CARRY4 (Prop_carry4_CI_O[3])
                                                      0.315     9.139 r  clk_div_inst/counter_1hz_reg[20]_i_1/O[3]
                         net (fo=1, routed)           0.000     9.139    clk_div_inst/counter_1hz_reg[20]_i_1_n_4
    SLICE_X2Y8           FDCE                                         r  clk_div_inst/counter_1hz_reg[23]/D
  -------------------------------------------------------------------    -------------------

                         (clock sys_clk_pin rise edge)
                                                     10.000    10.000 r  
    R2                                                0.000    10.000 r  clk (IN)
                         net (fo=0)                   0.000    10.000    clk
    R2                   IBUF (Prop_ibuf_I_O)         0.814    10.814 r  clk_IBUF_inst/O
                         net (fo=1, routed)           1.862    12.676    clk_IBUF
    BUFGCTRL_X0Y0        BUFG (Prop_bufg_I_O)         0.091    12.767 r  clk_IBUF_BUFG_inst/O
                         net (fo=54, routed)          1.518    14.286    clk_div_inst/clk_IBUF_BUFG
    SLICE_X2Y8           FDCE                                         r  clk_div_inst/counter_1hz_reg[23]/C
                         clock pessimism              0.244    14.529    
                         clock uncertainty           -0.035    14.494    
    SLICE_X2Y8           FDCE (Setup_fdce_C_D)        0.109    14.603    clk_div_inst/counter_1hz_reg[23]
  -------------------------------------------------------------------
                         required time                         14.603    
                         arrival time                          -9.139    
  -------------------------------------------------------------------
                         slack                                  5.464    

Slack (MET) :             5.540ns  (required time - arrival time)
  Source:                 clk_div_inst/counter_1hz_reg[19]/C
                            (rising edge-triggered cell FDCE clocked by sys_clk_pin  {rise@0.000ns fall@5.000ns period=10.000ns})
  Destination:            clk_div_inst/counter_1hz_reg[22]/D
                            (rising edge-triggered cell FDCE clocked by sys_clk_pin  {rise@0.000ns fall@5.000ns period=10.000ns})
  Path Group:             sys_clk_pin
  Path Type:              Setup (Max at Slow Process Corner)
  Requirement:            10.000ns  (sys_clk_pin rise@10.000ns - sys_clk_pin rise@0.000ns)
  Data Path Delay:        4.508ns  (logic 2.023ns (44.872%)  route 2.485ns (55.128%))
  Logic Levels:           8  (CARRY4=6 LUT5=1 LUT6=1)
  Clock Path Skew:        -0.025ns (DCD - SCD + CPR)
    Destination Clock Delay (DCD):    4.286ns = ( 14.286 - 10.000 ) 
    Source Clock Delay      (SCD):    4.554ns
    Clock Pessimism Removal (CPR):    0.244ns
  Clock Uncertainty:      0.035ns  ((TSJ^2 + TIJ^2)^1/2 + DJ) / 2 + PE
    Total System Jitter     (TSJ):    0.071ns
    Total Input Jitter      (TIJ):    0.000ns
    Discrete Jitter          (DJ):    0.000ns
    Phase Error              (PE):    0.000ns

    Location             Delay type                Incr(ns)  Path(ns)    Netlist Resource(s)
  -------------------------------------------------------------------    -------------------
                         (clock sys_clk_pin rise edge)
                                                      0.000     0.000 r  
    R2                                                0.000     0.000 r  clk (IN)
                         net (fo=0)                   0.000     0.000    clk
    R2                   IBUF (Prop_ibuf_I_O)         0.854     0.854 r  clk_IBUF_inst/O
                         net (fo=1, routed)           1.967     2.821    clk_IBUF
    BUFGCTRL_X0Y0        BUFG (Prop_bufg_I_O)         0.096     2.917 r  clk_IBUF_BUFG_inst/O
                         net (fo=54, routed)          1.637     4.554    clk_div_inst/clk_IBUF_BUFG
    SLICE_X2Y7           FDCE                                         r  clk_div_inst/counter_1hz_reg[19]/C
  -------------------------------------------------------------------    -------------------
    SLICE_X2Y7           FDCE (Prop_fdce_C_Q)         0.518     5.072 f  clk_div_inst/counter_1hz_reg[19]/Q
                         net (fo=2, routed)           0.997     6.069    clk_div_inst/counter_1hz_reg[19]
    SLICE_X3Y8           LUT5 (Prop_lut5_I1_O)        0.124     6.193 r  clk_div_inst/clk_1hz_i_3/O
                         net (fo=27, routed)          1.151     7.343    clk_div_inst/clk_1hz_i_3_n_0
    SLICE_X4Y3           LUT6 (Prop_lut6_I3_O)        0.124     7.467 r  clk_div_inst/counter_1hz[0]_i_2/O
                         net (fo=1, routed)           0.338     7.806    clk_div_inst/counter_1hz[0]_i_2_n_0
    SLICE_X2Y3           CARRY4 (Prop_carry4_DI[0]_CO[3])
                                                      0.550     8.356 r  clk_div_inst/counter_1hz_reg[0]_i_1/CO[3]
                         net (fo=1, routed)           0.000     8.356    clk_div_inst/counter_1hz_reg[0]_i_1_n_0
    SLICE_X2Y4           CARRY4 (Prop_carry4_CI_CO[3])
                                                      0.117     8.473 r  clk_div_inst/counter_1hz_reg[4]_i_1/CO[3]
                         net (fo=1, routed)           0.000     8.473    clk_div_inst/counter_1hz_reg[4]_i_1_n_0
    SLICE_X2Y5           CARRY4 (Prop_carry4_CI_CO[3])
                                                      0.117     8.590 r  clk_div_inst/counter_1hz_reg[8]_i_1/CO[3]
                         net (fo=1, routed)           0.000     8.590    clk_div_inst/counter_1hz_reg[8]_i_1_n_0
    SLICE_X2Y6           CARRY4 (Prop_carry4_CI_CO[3])
                                                      0.117     8.707 r  clk_div_inst/counter_1hz_reg[12]_i_1/CO[3]
                         net (fo=1, routed)           0.000     8.707    clk_div_inst/counter_1hz_reg[12]_i_1_n_0
    SLICE_X2Y7           CARRY4 (Prop_carry4_CI_CO[3])
                                                      0.117     8.824 r  clk_div_inst/counter_1hz_reg[16]_i_1/CO[3]
                         net (fo=1, routed)           0.000     8.824    clk_div_inst/counter_1hz_reg[16]_i_1_n_0
    SLICE_X2Y8           CARRY4 (Prop_carry4_CI_O[2])
                                                      0.239     9.063 r  clk_div_inst/counter_1hz_reg[20]_i_1/O[2]
                         net (fo=1, routed)           0.000     9.063    clk_div_inst/counter_1hz_reg[20]_i_1_n_5
    SLICE_X2Y8           FDCE                                         r  clk_div_inst/counter_1hz_reg[22]/D
  -------------------------------------------------------------------    -------------------

                         (clock sys_clk_pin rise edge)
                                                     10.000    10.000 r  
    R2                                                0.000    10.000 r  clk (IN)
                         net (fo=0)                   0.000    10.000    clk
    R2                   IBUF (Prop_ibuf_I_O)         0.814    10.814 r  clk_IBUF_inst/O
                         net (fo=1, routed)           1.862    12.676    clk_IBUF
    BUFGCTRL_X0Y0        BUFG (Prop_bufg_I_O)         0.091    12.767 r  clk_IBUF_BUFG_inst/O
                         net (fo=54, routed)          1.518    14.286    clk_div_inst/clk_IBUF_BUFG
    SLICE_X2Y8           FDCE                                         r  clk_div_inst/counter_1hz_reg[22]/C
                         clock pessimism              0.244    14.529    
                         clock uncertainty           -0.035    14.494    
    SLICE_X2Y8           FDCE (Setup_fdce_C_D)        0.109    14.603    clk_div_inst/counter_1hz_reg[22]
  -------------------------------------------------------------------
                         required time                         14.603    
                         arrival time                          -9.063    
  -------------------------------------------------------------------
                         slack                                  5.540    

Slack (MET) :             5.560ns  (required time - arrival time)
  Source:                 clk_div_inst/counter_1hz_reg[19]/C
                            (rising edge-triggered cell FDCE clocked by sys_clk_pin  {rise@0.000ns fall@5.000ns period=10.000ns})
  Destination:            clk_div_inst/counter_1hz_reg[20]/D
                            (rising edge-triggered cell FDCE clocked by sys_clk_pin  {rise@0.000ns fall@5.000ns period=10.000ns})
  Path Group:             sys_clk_pin
  Path Type:              Setup (Max at Slow Process Corner)
  Requirement:            10.000ns  (sys_clk_pin rise@10.000ns - sys_clk_pin rise@0.000ns)
  Data Path Delay:        4.488ns  (logic 2.003ns (44.626%)  route 2.485ns (55.374%))
  Logic Levels:           8  (CARRY4=6 LUT5=1 LUT6=1)
  Clock Path Skew:        -0.025ns (DCD - SCD + CPR)
    Destination Clock Delay (DCD):    4.286ns = ( 14.286 - 10.000 ) 
    Source Clock Delay      (SCD):    4.554ns
    Clock Pessimism Removal (CPR):    0.244ns
  Clock Uncertainty:      0.035ns  ((TSJ^2 + TIJ^2)^1/2 + DJ) / 2 + PE
    Total System Jitter     (TSJ):    0.071ns
    Total Input Jitter      (TIJ):    0.000ns
    Discrete Jitter          (DJ):    0.000ns
    Phase Error              (PE):    0.000ns

    Location             Delay type                Incr(ns)  Path(ns)    Netlist Resource(s)
  -------------------------------------------------------------------    -------------------
                         (clock sys_clk_pin rise edge)
                                                      0.000     0.000 r  
    R2                                                0.000     0.000 r  clk (IN)
                         net (fo=0)                   0.000     0.000    clk
    R2                   IBUF (Prop_ibuf_I_O)         0.854     0.854 r  clk_IBUF_inst/O
                         net (fo=1, routed)           1.967     2.821    clk_IBUF
    BUFGCTRL_X0Y0        BUFG (Prop_bufg_I_O)         0.096     2.917 r  clk_IBUF_BUFG_inst/O
                         net (fo=54, routed)          1.637     4.554    clk_div_inst/clk_IBUF_BUFG
    SLICE_X2Y7           FDCE                                         r  clk_div_inst/counter_1hz_reg[19]/C
  -------------------------------------------------------------------    -------------------
    SLICE_X2Y7           FDCE (Prop_fdce_C_Q)         0.518     5.072 f  clk_div_inst/counter_1hz_reg[19]/Q
                         net (fo=2, routed)           0.997     6.069    clk_div_inst/counter_1hz_reg[19]
    SLICE_X3Y8           LUT5 (Prop_lut5_I1_O)        0.124     6.193 r  clk_div_inst/clk_1hz_i_3/O
                         net (fo=27, routed)          1.151     7.343    clk_div_inst/clk_1hz_i_3_n_0
    SLICE_X4Y3           LUT6 (Prop_lut6_I3_O)        0.124     7.467 r  clk_div_inst/counter_1hz[0]_i_2/O
                         net (fo=1, routed)           0.338     7.806    clk_div_inst/counter_1hz[0]_i_2_n_0
    SLICE_X2Y3           CARRY4 (Prop_carry4_DI[0]_CO[3])
                                                      0.550     8.356 r  clk_div_inst/counter_1hz_reg[0]_i_1/CO[3]
                         net (fo=1, routed)           0.000     8.356    clk_div_inst/counter_1hz_reg[0]_i_1_n_0
    SLICE_X2Y4           CARRY4 (Prop_carry4_CI_CO[3])
                                                      0.117     8.473 r  clk_div_inst/counter_1hz_reg[4]_i_1/CO[3]
                         net (fo=1, routed)           0.000     8.473    clk_div_inst/counter_1hz_reg[4]_i_1_n_0
    SLICE_X2Y5           CARRY4 (Prop_carry4_CI_CO[3])
                                                      0.117     8.590 r  clk_div_inst/counter_1hz_reg[8]_i_1/CO[3]
                         net (fo=1, routed)           0.000     8.590    clk_div_inst/counter_1hz_reg[8]_i_1_n_0
    SLICE_X2Y6           CARRY4 (Prop_carry4_CI_CO[3])
                                                      0.117     8.707 r  clk_div_inst/counter_1hz_reg[12]_i_1/CO[3]
                         net (fo=1, routed)           0.000     8.707    clk_div_inst/counter_1hz_reg[12]_i_1_n_0
    SLICE_X2Y7           CARRY4 (Prop_carry4_CI_CO[3])
                                                      0.117     8.824 r  clk_div_inst/counter_1hz_reg[16]_i_1/CO[3]
                         net (fo=1, routed)           0.000     8.824    clk_div_inst/counter_1hz_reg[16]_i_1_n_0
    SLICE_X2Y8           CARRY4 (Prop_carry4_CI_O[0])
                                                      0.219     9.043 r  clk_div_inst/counter_1hz_reg[20]_i_1/O[0]
                         net (fo=1, routed)           0.000     9.043    clk_div_inst/counter_1hz_reg[20]_i_1_n_7
    SLICE_X2Y8           FDCE                                         r  clk_div_inst/counter_1hz_reg[20]/D
  -------------------------------------------------------------------    -------------------

                         (clock sys_clk_pin rise edge)
                                                     10.000    10.000 r  
    R2                                                0.000    10.000 r  clk (IN)
                         net (fo=0)                   0.000    10.000    clk
    R2                   IBUF (Prop_ibuf_I_O)         0.814    10.814 r  clk_IBUF_inst/O
                         net (fo=1, routed)           1.862    12.676    clk_IBUF
    BUFGCTRL_X0Y0        BUFG (Prop_bufg_I_O)         0.091    12.767 r  clk_IBUF_BUFG_inst/O
                         net (fo=54, routed)          1.518    14.286    clk_div_inst/clk_IBUF_BUFG
    SLICE_X2Y8           FDCE                                         r  clk_div_inst/counter_1hz_reg[20]/C
                         clock pessimism              0.244    14.529    
                         clock uncertainty           -0.035    14.494    
    SLICE_X2Y8           FDCE (Setup_fdce_C_D)        0.109    14.603    clk_div_inst/counter_1hz_reg[20]
  -------------------------------------------------------------------
                         required time                         14.603    
                         arrival time                          -9.043    
  -------------------------------------------------------------------
                         slack                                  5.560    

Slack (MET) :             5.598ns  (required time - arrival time)
  Source:                 clk_div_inst/counter_1hz_reg[19]/C
                            (rising edge-triggered cell FDCE clocked by sys_clk_pin  {rise@0.000ns fall@5.000ns period=10.000ns})
  Destination:            clk_div_inst/counter_1hz_reg[17]/D
                            (rising edge-triggered cell FDCE clocked by sys_clk_pin  {rise@0.000ns fall@5.000ns period=10.000ns})
  Path Group:             sys_clk_pin
  Path Type:              Setup (Max at Slow Process Corner)
  Requirement:            10.000ns  (sys_clk_pin rise@10.000ns - sys_clk_pin rise@0.000ns)
  Data Path Delay:        4.475ns  (logic 1.990ns (44.465%)  route 2.485ns (55.535%))
  Logic Levels:           7  (CARRY4=5 LUT5=1 LUT6=1)
  Clock Path Skew:        0.000ns (DCD - SCD + CPR)
    Destination Clock Delay (DCD):    4.286ns = ( 14.286 - 10.000 ) 
    Source Clock Delay      (SCD):    4.554ns
    Clock Pessimism Removal (CPR):    0.269ns
  Clock Uncertainty:      0.035ns  ((TSJ^2 + TIJ^2)^1/2 + DJ) / 2 + PE
    Total System Jitter     (TSJ):    0.071ns
    Total Input Jitter      (TIJ):    0.000ns
    Discrete Jitter          (DJ):    0.000ns
    Phase Error              (PE):    0.000ns

    Location             Delay type                Incr(ns)  Path(ns)    Netlist Resource(s)
  -------------------------------------------------------------------    -------------------
                         (clock sys_clk_pin rise edge)
                                                      0.000     0.000 r  
    R2                                                0.000     0.000 r  clk (IN)
                         net (fo=0)                   0.000     0.000    clk
    R2                   IBUF (Prop_ibuf_I_O)         0.854     0.854 r  clk_IBUF_inst/O
                         net (fo=1, routed)           1.967     2.821    clk_IBUF
    BUFGCTRL_X0Y0        BUFG (Prop_bufg_I_O)         0.096     2.917 r  clk_IBUF_BUFG_inst/O
                         net (fo=54, routed)          1.637     4.554    clk_div_inst/clk_IBUF_BUFG
    SLICE_X2Y7           FDCE                                         r  clk_div_inst/counter_1hz_reg[19]/C
  -------------------------------------------------------------------    -------------------
    SLICE_X2Y7           FDCE (Prop_fdce_C_Q)         0.518     5.072 f  clk_div_inst/counter_1hz_reg[19]/Q
                         net (fo=2, routed)           0.997     6.069    clk_div_inst/counter_1hz_reg[19]
    SLICE_X3Y8           LUT5 (Prop_lut5_I1_O)        0.124     6.193 r  clk_div_inst/clk_1hz_i_3/O
                         net (fo=27, routed)          1.151     7.343    clk_div_inst/clk_1hz_i_3_n_0
    SLICE_X4Y3           LUT6 (Prop_lut6_I3_O)        0.124     7.467 r  clk_div_inst/counter_1hz[0]_i_2/O
                         net (fo=1, routed)           0.338     7.806    clk_div_inst/counter_1hz[0]_i_2_n_0
    SLICE_X2Y3           CARRY4 (Prop_carry4_DI[0]_CO[3])
                                                      0.550     8.356 r  clk_div_inst/counter_1hz_reg[0]_i_1/CO[3]
                         net (fo=1, routed)           0.000     8.356    clk_div_inst/counter_1hz_reg[0]_i_1_n_0
    SLICE_X2Y4           CARRY4 (Prop_carry4_CI_CO[3])
                                                      0.117     8.473 r  clk_div_inst/counter_1hz_reg[4]_i_1/CO[3]
                         net (fo=1, routed)           0.000     8.473    clk_div_inst/counter_1hz_reg[4]_i_1_n_0
    SLICE_X2Y5           CARRY4 (Prop_carry4_CI_CO[3])
                                                      0.117     8.590 r  clk_div_inst/counter_1hz_reg[8]_i_1/CO[3]
                         net (fo=1, routed)           0.000     8.590    clk_div_inst/counter_1hz_reg[8]_i_1_n_0
    SLICE_X2Y6           CARRY4 (Prop_carry4_CI_CO[3])
                                                      0.117     8.707 r  clk_div_inst/counter_1hz_reg[12]_i_1/CO[3]
                         net (fo=1, routed)           0.000     8.707    clk_div_inst/counter_1hz_reg[12]_i_1_n_0
    SLICE_X2Y7           CARRY4 (Prop_carry4_CI_O[1])
                                                      0.323     9.030 r  clk_div_inst/counter_1hz_reg[16]_i_1/O[1]
                         net (fo=1, routed)           0.000     9.030    clk_div_inst/counter_1hz_reg[16]_i_1_n_6
    SLICE_X2Y7           FDCE                                         r  clk_div_inst/counter_1hz_reg[17]/D
  -------------------------------------------------------------------    -------------------

                         (clock sys_clk_pin rise edge)
                                                     10.000    10.000 r  
    R2                                                0.000    10.000 r  clk (IN)
                         net (fo=0)                   0.000    10.000    clk
    R2                   IBUF (Prop_ibuf_I_O)         0.814    10.814 r  clk_IBUF_inst/O
                         net (fo=1, routed)           1.862    12.676    clk_IBUF
    BUFGCTRL_X0Y0        BUFG (Prop_bufg_I_O)         0.091    12.767 r  clk_IBUF_BUFG_inst/O
                         net (fo=54, routed)          1.518    14.286    clk_div_inst/clk_IBUF_BUFG
    SLICE_X2Y7           FDCE                                         r  clk_div_inst/counter_1hz_reg[17]/C
                         clock pessimism              0.269    14.554    
                         clock uncertainty           -0.035    14.519    
    SLICE_X2Y7           FDCE (Setup_fdce_C_D)        0.109    14.628    clk_div_inst/counter_1hz_reg[17]
  -------------------------------------------------------------------
                         required time                         14.628    
                         arrival time                          -9.030    
  -------------------------------------------------------------------
                         slack                                  5.598    

Slack (MET) :             5.606ns  (required time - arrival time)
  Source:                 clk_div_inst/counter_1hz_reg[19]/C
                            (rising edge-triggered cell FDCE clocked by sys_clk_pin  {rise@0.000ns fall@5.000ns period=10.000ns})
  Destination:            clk_div_inst/counter_1hz_reg[19]/D
                            (rising edge-triggered cell FDCE clocked by sys_clk_pin  {rise@0.000ns fall@5.000ns period=10.000ns})
  Path Group:             sys_clk_pin
  Path Type:              Setup (Max at Slow Process Corner)
  Requirement:            10.000ns  (sys_clk_pin rise@10.000ns - sys_clk_pin rise@0.000ns)
  Data Path Delay:        4.467ns  (logic 1.982ns (44.366%)  route 2.485ns (55.634%))
  Logic Levels:           7  (CARRY4=5 LUT5=1 LUT6=1)
  Clock Path Skew:        0.000ns (DCD - SCD + CPR)
    Destination Clock Delay (DCD):    4.286ns = ( 14.286 - 10.000 ) 
    Source Clock Delay      (SCD):    4.554ns
    Clock Pessimism Removal (CPR):    0.269ns
  Clock Uncertainty:      0.035ns  ((TSJ^2 + TIJ^2)^1/2 + DJ) / 2 + PE
    Total System Jitter     (TSJ):    0.071ns
    Total Input Jitter      (TIJ):    0.000ns
    Discrete Jitter          (DJ):    0.000ns
    Phase Error              (PE):    0.000ns

    Location             Delay type                Incr(ns)  Path(ns)    Netlist Resource(s)
  -------------------------------------------------------------------    -------------------
                         (clock sys_clk_pin rise edge)
                                                      0.000     0.000 r  
    R2                                                0.000     0.000 r  clk (IN)
                         net (fo=0)                   0.000     0.000    clk
    R2                   IBUF (Prop_ibuf_I_O)         0.854     0.854 r  clk_IBUF_inst/O
                         net (fo=1, routed)           1.967     2.821    clk_IBUF
    BUFGCTRL_X0Y0        BUFG (Prop_bufg_I_O)         0.096     2.917 r  clk_IBUF_BUFG_inst/O
                         net (fo=54, routed)          1.637     4.554    clk_div_inst/clk_IBUF_BUFG
    SLICE_X2Y7           FDCE                                         r  clk_div_inst/counter_1hz_reg[19]/C
  -------------------------------------------------------------------    -------------------
    SLICE_X2Y7           FDCE (Prop_fdce_C_Q)         0.518     5.072 f  clk_div_inst/counter_1hz_reg[19]/Q
                         net (fo=2, routed)           0.997     6.069    clk_div_inst/counter_1hz_reg[19]
    SLICE_X3Y8           LUT5 (Prop_lut5_I1_O)        0.124     6.193 r  clk_div_inst/clk_1hz_i_3/O
                         net (fo=27, routed)          1.151     7.343    clk_div_inst/clk_1hz_i_3_n_0
    SLICE_X4Y3           LUT6 (Prop_lut6_I3_O)        0.124     7.467 r  clk_div_inst/counter_1hz[0]_i_2/O
                         net (fo=1, routed)           0.338     7.806    clk_div_inst/counter_1hz[0]_i_2_n_0
    SLICE_X2Y3           CARRY4 (Prop_carry4_DI[0]_CO[3])
                                                      0.550     8.356 r  clk_div_inst/counter_1hz_reg[0]_i_1/CO[3]
                         net (fo=1, routed)           0.000     8.356    clk_div_inst/counter_1hz_reg[0]_i_1_n_0
    SLICE_X2Y4           CARRY4 (Prop_carry4_CI_CO[3])
                                                      0.117     8.473 r  clk_div_inst/counter_1hz_reg[4]_i_1/CO[3]
                         net (fo=1, routed)           0.000     8.473    clk_div_inst/counter_1hz_reg[4]_i_1_n_0
    SLICE_X2Y5           CARRY4 (Prop_carry4_CI_CO[3])
                                                      0.117     8.590 r  clk_div_inst/counter_1hz_reg[8]_i_1/CO[3]
                         net (fo=1, routed)           0.000     8.590    clk_div_inst/counter_1hz_reg[8]_i_1_n_0
    SLICE_X2Y6           CARRY4 (Prop_carry4_CI_CO[3])
                                                      0.117     8.707 r  clk_div_inst/counter_1hz_reg[12]_i_1/CO[3]
                         net (fo=1, routed)           0.000     8.707    clk_div_inst/counter_1hz_reg[12]_i_1_n_0
    SLICE_X2Y7           CARRY4 (Prop_carry4_CI_O[3])
                                                      0.315     9.022 r  clk_div_inst/counter_1hz_reg[16]_i_1/O[3]
                         net (fo=1, routed)           0.000     9.022    clk_div_inst/counter_1hz_reg[16]_i_1_n_4
    SLICE_X2Y7           FDCE                                         r  clk_div_inst/counter_1hz_reg[19]/D
  -------------------------------------------------------------------    -------------------

                         (clock sys_clk_pin rise edge)
                                                     10.000    10.000 r  
    R2                                                0.000    10.000 r  clk (IN)
                         net (fo=0)                   0.000    10.000    clk
    R2                   IBUF (Prop_ibuf_I_O)         0.814    10.814 r  clk_IBUF_inst/O
                         net (fo=1, routed)           1.862    12.676    clk_IBUF
    BUFGCTRL_X0Y0        BUFG (Prop_bufg_I_O)         0.091    12.767 r  clk_IBUF_BUFG_inst/O
                         net (fo=54, routed)          1.518    14.286    clk_div_inst/clk_IBUF_BUFG
    SLICE_X2Y7           FDCE                                         r  clk_div_inst/counter_1hz_reg[19]/C
                         clock pessimism              0.269    14.554    
                         clock uncertainty           -0.035    14.519    
    SLICE_X2Y7           FDCE (Setup_fdce_C_D)        0.109    14.628    clk_div_inst/counter_1hz_reg[19]
  -------------------------------------------------------------------
                         required time                         14.628    
                         arrival time                          -9.022    
  -------------------------------------------------------------------
                         slack                                  5.606    

Slack (MET) :             5.682ns  (required time - arrival time)
  Source:                 clk_div_inst/counter_1hz_reg[19]/C
                            (rising edge-triggered cell FDCE clocked by sys_clk_pin  {rise@0.000ns fall@5.000ns period=10.000ns})
  Destination:            clk_div_inst/counter_1hz_reg[18]/D
                            (rising edge-triggered cell FDCE clocked by sys_clk_pin  {rise@0.000ns fall@5.000ns period=10.000ns})
  Path Group:             sys_clk_pin
  Path Type:              Setup (Max at Slow Process Corner)
  Requirement:            10.000ns  (sys_clk_pin rise@10.000ns - sys_clk_pin rise@0.000ns)
  Data Path Delay:        4.391ns  (logic 1.906ns (43.403%)  route 2.485ns (56.597%))
  Logic Levels:           7  (CARRY4=5 LUT5=1 LUT6=1)
  Clock Path Skew:        0.000ns (DCD - SCD + CPR)
    Destination Clock Delay (DCD):    4.286ns = ( 14.286 - 10.000 ) 
    Source Clock Delay      (SCD):    4.554ns
    Clock Pessimism Removal (CPR):    0.269ns
  Clock Uncertainty:      0.035ns  ((TSJ^2 + TIJ^2)^1/2 + DJ) / 2 + PE
    Total System Jitter     (TSJ):    0.071ns
    Total Input Jitter      (TIJ):    0.000ns
    Discrete Jitter          (DJ):    0.000ns
    Phase Error              (PE):    0.000ns

    Location             Delay type                Incr(ns)  Path(ns)    Netlist Resource(s)
  -------------------------------------------------------------------    -------------------
                         (clock sys_clk_pin rise edge)
                                                      0.000     0.000 r  
    R2                                                0.000     0.000 r  clk (IN)
                         net (fo=0)                   0.000     0.000    clk
    R2                   IBUF (Prop_ibuf_I_O)         0.854     0.854 r  clk_IBUF_inst/O
                         net (fo=1, routed)           1.967     2.821    clk_IBUF
    BUFGCTRL_X0Y0        BUFG (Prop_bufg_I_O)         0.096     2.917 r  clk_IBUF_BUFG_inst/O
                         net (fo=54, routed)          1.637     4.554    clk_div_inst/clk_IBUF_BUFG
    SLICE_X2Y7           FDCE                                         r  clk_div_inst/counter_1hz_reg[19]/C
  -------------------------------------------------------------------    -------------------
    SLICE_X2Y7           FDCE (Prop_fdce_C_Q)         0.518     5.072 f  clk_div_inst/counter_1hz_reg[19]/Q
                         net (fo=2, routed)           0.997     6.069    clk_div_inst/counter_1hz_reg[19]
    SLICE_X3Y8           LUT5 (Prop_lut5_I1_O)        0.124     6.193 r  clk_div_inst/clk_1hz_i_3/O
                         net (fo=27, routed)          1.151     7.343    clk_div_inst/clk_1hz_i_3_n_0
    SLICE_X4Y3           LUT6 (Prop_lut6_I3_O)        0.124     7.467 r  clk_div_inst/counter_1hz[0]_i_2/O
                         net (fo=1, routed)           0.338     7.806    clk_div_inst/counter_1hz[0]_i_2_n_0
    SLICE_X2Y3           CARRY4 (Prop_carry4_DI[0]_CO[3])
                                                      0.550     8.356 r  clk_div_inst/counter_1hz_reg[0]_i_1/CO[3]
                         net (fo=1, routed)           0.000     8.356    clk_div_inst/counter_1hz_reg[0]_i_1_n_0
    SLICE_X2Y4           CARRY4 (Prop_carry4_CI_CO[3])
                                                      0.117     8.473 r  clk_div_inst/counter_1hz_reg[4]_i_1/CO[3]
                         net (fo=1, routed)           0.000     8.473    clk_div_inst/counter_1hz_reg[4]_i_1_n_0
    SLICE_X2Y5           CARRY4 (Prop_carry4_CI_CO[3])
                                                      0.117     8.590 r  clk_div_inst/counter_1hz_reg[8]_i_1/CO[3]
                         net (fo=1, routed)           0.000     8.590    clk_div_inst/counter_1hz_reg[8]_i_1_n_0
    SLICE_X2Y6           CARRY4 (Prop_carry4_CI_CO[3])
                                                      0.117     8.707 r  clk_div_inst/counter_1hz_reg[12]_i_1/CO[3]
                         net (fo=1, routed)           0.000     8.707    clk_div_inst/counter_1hz_reg[12]_i_1_n_0
    SLICE_X2Y7           CARRY4 (Prop_carry4_CI_O[2])
                                                      0.239     8.946 r  clk_div_inst/counter_1hz_reg[16]_i_1/O[2]
                         net (fo=1, routed)           0.000     8.946    clk_div_inst/counter_1hz_reg[16]_i_1_n_5
    SLICE_X2Y7           FDCE                                         r  clk_div_inst/counter_1hz_reg[18]/D
  -------------------------------------------------------------------    -------------------

                         (clock sys_clk_pin rise edge)
                                                     10.000    10.000 r  
    R2                                                0.000    10.000 r  clk (IN)
                         net (fo=0)                   0.000    10.000    clk
    R2                   IBUF (Prop_ibuf_I_O)         0.814    10.814 r  clk_IBUF_inst/O
                         net (fo=1, routed)           1.862    12.676    clk_IBUF
    BUFGCTRL_X0Y0        BUFG (Prop_bufg_I_O)         0.091    12.767 r  clk_IBUF_BUFG_inst/O
                         net (fo=54, routed)          1.518    14.286    clk_div_inst/clk_IBUF_BUFG
    SLICE_X2Y7           FDCE                                         r  clk_div_inst/counter_1hz_reg[18]/C
                         clock pessimism              0.269    14.554    
                         clock uncertainty           -0.035    14.519    
    SLICE_X2Y7           FDCE (Setup_fdce_C_D)        0.109    14.628    clk_div_inst/counter_1hz_reg[18]
  -------------------------------------------------------------------
                         required time                         14.628    
                         arrival time                          -8.946    
  -------------------------------------------------------------------
                         slack                                  5.682    

Slack (MET) :             5.691ns  (required time - arrival time)
  Source:                 clk_div_inst/counter_1hz_reg[19]/C
                            (rising edge-triggered cell FDCE clocked by sys_clk_pin  {rise@0.000ns fall@5.000ns period=10.000ns})
  Destination:            clk_div_inst/counter_1hz_reg[13]/D
                            (rising edge-triggered cell FDCE clocked by sys_clk_pin  {rise@0.000ns fall@5.000ns period=10.000ns})
  Path Group:             sys_clk_pin
  Path Type:              Setup (Max at Slow Process Corner)
  Requirement:            10.000ns  (sys_clk_pin rise@10.000ns - sys_clk_pin rise@0.000ns)
  Data Path Delay:        4.358ns  (logic 1.873ns (42.975%)  route 2.485ns (57.025%))
  Logic Levels:           6  (CARRY4=4 LUT5=1 LUT6=1)
  Clock Path Skew:        -0.024ns (DCD - SCD + CPR)
    Destination Clock Delay (DCD):    4.287ns = ( 14.287 - 10.000 ) 
    Source Clock Delay      (SCD):    4.554ns
    Clock Pessimism Removal (CPR):    0.244ns
  Clock Uncertainty:      0.035ns  ((TSJ^2 + TIJ^2)^1/2 + DJ) / 2 + PE
    Total System Jitter     (TSJ):    0.071ns
    Total Input Jitter      (TIJ):    0.000ns
    Discrete Jitter          (DJ):    0.000ns
    Phase Error              (PE):    0.000ns

    Location             Delay type                Incr(ns)  Path(ns)    Netlist Resource(s)
  -------------------------------------------------------------------    -------------------
                         (clock sys_clk_pin rise edge)
                                                      0.000     0.000 r  
    R2                                                0.000     0.000 r  clk (IN)
                         net (fo=0)                   0.000     0.000    clk
    R2                   IBUF (Prop_ibuf_I_O)         0.854     0.854 r  clk_IBUF_inst/O
                         net (fo=1, routed)           1.967     2.821    clk_IBUF
    BUFGCTRL_X0Y0        BUFG (Prop_bufg_I_O)         0.096     2.917 r  clk_IBUF_BUFG_inst/O
                         net (fo=54, routed)          1.637     4.554    clk_div_inst/clk_IBUF_BUFG
    SLICE_X2Y7           FDCE                                         r  clk_div_inst/counter_1hz_reg[19]/C
  -------------------------------------------------------------------    -------------------
    SLICE_X2Y7           FDCE (Prop_fdce_C_Q)         0.518     5.072 f  clk_div_inst/counter_1hz_reg[19]/Q
                         net (fo=2, routed)           0.997     6.069    clk_div_inst/counter_1hz_reg[19]
    SLICE_X3Y8           LUT5 (Prop_lut5_I1_O)        0.124     6.193 r  clk_div_inst/clk_1hz_i_3/O
                         net (fo=27, routed)          1.151     7.343    clk_div_inst/clk_1hz_i_3_n_0
    SLICE_X4Y3           LUT6 (Prop_lut6_I3_O)        0.124     7.467 r  clk_div_inst/counter_1hz[0]_i_2/O
                         net (fo=1, routed)           0.338     7.806    clk_div_inst/counter_1hz[0]_i_2_n_0
    SLICE_X2Y3           CARRY4 (Prop_carry4_DI[0]_CO[3])
                                                      0.550     8.356 r  clk_div_inst/counter_1hz_reg[0]_i_1/CO[3]
                         net (fo=1, routed)           0.000     8.356    clk_div_inst/counter_1hz_reg[0]_i_1_n_0
    SLICE_X2Y4           CARRY4 (Prop_carry4_CI_CO[3])
                                                      0.117     8.473 r  clk_div_inst/counter_1hz_reg[4]_i_1/CO[3]
                         net (fo=1, routed)           0.000     8.473    clk_div_inst/counter_1hz_reg[4]_i_1_n_0
    SLICE_X2Y5           CARRY4 (Prop_carry4_CI_CO[3])
                                                      0.117     8.590 r  clk_div_inst/counter_1hz_reg[8]_i_1/CO[3]
                         net (fo=1, routed)           0.000     8.590    clk_div_inst/counter_1hz_reg[8]_i_1_n_0
    SLICE_X2Y6           CARRY4 (Prop_carry4_CI_O[1])
                                                      0.323     8.913 r  clk_div_inst/counter_1hz_reg[12]_i_1/O[1]
                         net (fo=1, routed)           0.000     8.913    clk_div_inst/counter_1hz_reg[12]_i_1_n_6
    SLICE_X2Y6           FDCE                                         r  clk_div_inst/counter_1hz_reg[13]/D
  -------------------------------------------------------------------    -------------------

                         (clock sys_clk_pin rise edge)
                                                     10.000    10.000 r  
    R2                                                0.000    10.000 r  clk (IN)
                         net (fo=0)                   0.000    10.000    clk
    R2                   IBUF (Prop_ibuf_I_O)         0.814    10.814 r  clk_IBUF_inst/O
                         net (fo=1, routed)           1.862    12.676    clk_IBUF
    BUFGCTRL_X0Y0        BUFG (Prop_bufg_I_O)         0.091    12.767 r  clk_IBUF_BUFG_inst/O
                         net (fo=54, routed)          1.519    14.287    clk_div_inst/clk_IBUF_BUFG
    SLICE_X2Y6           FDCE                                         r  clk_div_inst/counter_1hz_reg[13]/C
                         clock pessimism              0.244    14.530    
                         clock uncertainty           -0.035    14.495    
    SLICE_X2Y6           FDCE (Setup_fdce_C_D)        0.109    14.604    clk_div_inst/counter_1hz_reg[13]
  -------------------------------------------------------------------
                         required time                         14.604    
                         arrival time                          -8.913    
  -------------------------------------------------------------------
                         slack                                  5.691    





Min Delay Paths
--------------------------------------------------------------------------------------
Slack (MET) :             0.246ns  (arrival time - required time)
  Source:                 clk_div_inst/counter_1hz_reg[24]/C
                            (rising edge-triggered cell FDCE clocked by sys_clk_pin  {rise@0.000ns fall@5.000ns period=10.000ns})
  Destination:            clk_div_inst/clk_1hz_reg/D
                            (rising edge-triggered cell FDCE clocked by sys_clk_pin  {rise@0.000ns fall@5.000ns period=10.000ns})
  Path Group:             sys_clk_pin
  Path Type:              Hold (Min at Fast Process Corner)
  Requirement:            0.000ns  (sys_clk_pin rise@0.000ns - sys_clk_pin rise@0.000ns)
  Data Path Delay:        0.350ns  (logic 0.209ns (59.752%)  route 0.141ns (40.248%))
  Logic Levels:           1  (LUT6=1)
  Clock Path Skew:        0.013ns (DCD - SCD - CPR)
    Destination Clock Delay (DCD):    1.928ns
    Source Clock Delay      (SCD):    1.570ns
    Clock Pessimism Removal (CPR):    0.345ns

    Location             Delay type                Incr(ns)  Path(ns)    Netlist Resource(s)
  -------------------------------------------------------------------    -------------------
                         (clock sys_clk_pin rise edge)
                                                      0.000     0.000 r  
    R2                                                0.000     0.000 r  clk (IN)
                         net (fo=0)                   0.000     0.000    clk
    R2                   IBUF (Prop_ibuf_I_O)         0.320     0.320 r  clk_IBUF_inst/O
                         net (fo=1, routed)           0.631     0.951    clk_IBUF
    BUFGCTRL_X0Y0        BUFG (Prop_bufg_I_O)         0.026     0.977 r  clk_IBUF_BUFG_inst/O
                         net (fo=54, routed)          0.594     1.570    clk_div_inst/clk_IBUF_BUFG
    SLICE_X2Y9           FDCE                                         r  clk_div_inst/counter_1hz_reg[24]/C
  -------------------------------------------------------------------    -------------------
    SLICE_X2Y9           FDCE (Prop_fdce_C_Q)         0.164     1.734 r  clk_div_inst/counter_1hz_reg[24]/Q
                         net (fo=28, routed)          0.141     1.875    clk_div_inst/counter_1hz_reg[24]
    SLICE_X3Y9           LUT6 (Prop_lut6_I3_O)        0.045     1.920 r  clk_div_inst/clk_1hz_i_1/O
                         net (fo=1, routed)           0.000     1.920    clk_div_inst/clk_1hz_i_1_n_0
    SLICE_X3Y9           FDCE                                         r  clk_div_inst/clk_1hz_reg/D
  -------------------------------------------------------------------    -------------------

                         (clock sys_clk_pin rise edge)
                                                      0.000     0.000 r  
    R2                                                0.000     0.000 r  clk (IN)
                         net (fo=0)                   0.000     0.000    clk
    R2                   IBUF (Prop_ibuf_I_O)         0.350     0.350 r  clk_IBUF_inst/O
                         net (fo=1, routed)           0.685     1.035    clk_IBUF
    BUFGCTRL_X0Y0        BUFG (Prop_bufg_I_O)         0.029     1.064 r  clk_IBUF_BUFG_inst/O
                         net (fo=54, routed)          0.865     1.928    clk_div_inst/clk_IBUF_BUFG
    SLICE_X3Y9           FDCE                                         r  clk_div_inst/clk_1hz_reg/C
                         clock pessimism             -0.345     1.583    
    SLICE_X3Y9           FDCE (Hold_fdce_C_D)         0.091     1.674    clk_div_inst/clk_1hz_reg
  -------------------------------------------------------------------
                         required time                         -1.674    
                         arrival time                           1.920    
  -------------------------------------------------------------------
                         slack                                  0.246    

Slack (MET) :             0.274ns  (arrival time - required time)
  Source:                 debouncer_1/q1_reg/C
                            (rising edge-triggered cell FDRE clocked by sys_clk_pin  {rise@0.000ns fall@5.000ns period=10.000ns})
  Destination:            debouncer_1/q2_reg/D
                            (rising edge-triggered cell FDRE clocked by sys_clk_pin  {rise@0.000ns fall@5.000ns period=10.000ns})
  Path Group:             sys_clk_pin
  Path Type:              Hold (Min at Fast Process Corner)
  Requirement:            0.000ns  (sys_clk_pin rise@0.000ns - sys_clk_pin rise@0.000ns)
  Data Path Delay:        0.340ns  (logic 0.141ns (41.500%)  route 0.199ns (58.500%))
  Logic Levels:           0  
  Clock Path Skew:        0.000ns (DCD - SCD - CPR)
    Destination Clock Delay (DCD):    1.924ns
    Source Clock Delay      (SCD):    1.567ns
    Clock Pessimism Removal (CPR):    0.357ns

    Location             Delay type                Incr(ns)  Path(ns)    Netlist Resource(s)
  -------------------------------------------------------------------    -------------------
                         (clock sys_clk_pin rise edge)
                                                      0.000     0.000 r  
    R2                                                0.000     0.000 r  clk (IN)
                         net (fo=0)                   0.000     0.000    clk
    R2                   IBUF (Prop_ibuf_I_O)         0.320     0.320 r  clk_IBUF_inst/O
                         net (fo=1, routed)           0.631     0.951    clk_IBUF
    BUFGCTRL_X0Y0        BUFG (Prop_bufg_I_O)         0.026     0.977 r  clk_IBUF_BUFG_inst/O
                         net (fo=54, routed)          0.591     1.567    debouncer_1/clk_IBUF_BUFG
    SLICE_X3Y13          FDRE                                         r  debouncer_1/q1_reg/C
  -------------------------------------------------------------------    -------------------
    SLICE_X3Y13          FDRE (Prop_fdre_C_Q)         0.141     1.708 r  debouncer_1/q1_reg/Q
                         net (fo=1, routed)           0.199     1.907    debouncer_1/q1
    SLICE_X3Y13          FDRE                                         r  debouncer_1/q2_reg/D
  -------------------------------------------------------------------    -------------------

                         (clock sys_clk_pin rise edge)
                                                      0.000     0.000 r  
    R2                                                0.000     0.000 r  clk (IN)
                         net (fo=0)                   0.000     0.000    clk
    R2                   IBUF (Prop_ibuf_I_O)         0.350     0.350 r  clk_IBUF_inst/O
                         net (fo=1, routed)           0.685     1.035    clk_IBUF
    BUFGCTRL_X0Y0        BUFG (Prop_bufg_I_O)         0.029     1.064 r  clk_IBUF_BUFG_inst/O
                         net (fo=54, routed)          0.861     1.924    debouncer_1/clk_IBUF_BUFG
    SLICE_X3Y13          FDRE                                         r  debouncer_1/q2_reg/C
                         clock pessimism             -0.357     1.567    
    SLICE_X3Y13          FDRE (Hold_fdre_C_D)         0.066     1.633    debouncer_1/q2_reg
  -------------------------------------------------------------------
                         required time                         -1.633    
                         arrival time                           1.907    
  -------------------------------------------------------------------
                         slack                                  0.274    

Slack (MET) :             0.282ns  (arrival time - required time)
  Source:                 debouncer_2/q1_reg/C
                            (rising edge-triggered cell FDRE clocked by sys_clk_pin  {rise@0.000ns fall@5.000ns period=10.000ns})
  Destination:            debouncer_2/q2_reg/D
                            (rising edge-triggered cell FDRE clocked by sys_clk_pin  {rise@0.000ns fall@5.000ns period=10.000ns})
  Path Group:             sys_clk_pin
  Path Type:              Hold (Min at Fast Process Corner)
  Requirement:            0.000ns  (sys_clk_pin rise@0.000ns - sys_clk_pin rise@0.000ns)
  Data Path Delay:        0.334ns  (logic 0.164ns (49.062%)  route 0.170ns (50.938%))
  Logic Levels:           0  
  Clock Path Skew:        0.000ns (DCD - SCD - CPR)
    Destination Clock Delay (DCD):    1.924ns
    Source Clock Delay      (SCD):    1.567ns
    Clock Pessimism Removal (CPR):    0.357ns

    Location             Delay type                Incr(ns)  Path(ns)    Netlist Resource(s)
  -------------------------------------------------------------------    -------------------
                         (clock sys_clk_pin rise edge)
                                                      0.000     0.000 r  
    R2                                                0.000     0.000 r  clk (IN)
                         net (fo=0)                   0.000     0.000    clk
    R2                   IBUF (Prop_ibuf_I_O)         0.320     0.320 r  clk_IBUF_inst/O
                         net (fo=1, routed)           0.631     0.951    clk_IBUF
    BUFGCTRL_X0Y0        BUFG (Prop_bufg_I_O)         0.026     0.977 r  clk_IBUF_BUFG_inst/O
                         net (fo=54, routed)          0.591     1.567    debouncer_2/clk_IBUF_BUFG
    SLICE_X2Y13          FDRE                                         r  debouncer_2/q1_reg/C
  -------------------------------------------------------------------    -------------------
    SLICE_X2Y13          FDRE (Prop_fdre_C_Q)         0.164     1.731 r  debouncer_2/q1_reg/Q
                         net (fo=1, routed)           0.170     1.902    debouncer_2/q1_reg_n_0
    SLICE_X2Y13          FDRE                                         r  debouncer_2/q2_reg/D
  -------------------------------------------------------------------    -------------------

                         (clock sys_clk_pin rise edge)
                                                      0.000     0.000 r  
    R2                                                0.000     0.000 r  clk (IN)
                         net (fo=0)                   0.000     0.000    clk
    R2                   IBUF (Prop_ibuf_I_O)         0.350     0.350 r  clk_IBUF_inst/O
                         net (fo=1, routed)           0.685     1.035    clk_IBUF
    BUFGCTRL_X0Y0        BUFG (Prop_bufg_I_O)         0.029     1.064 r  clk_IBUF_BUFG_inst/O
                         net (fo=54, routed)          0.861     1.924    debouncer_2/clk_IBUF_BUFG
    SLICE_X2Y13          FDRE                                         r  debouncer_2/q2_reg/C
                         clock pessimism             -0.357     1.567    
    SLICE_X2Y13          FDRE (Hold_fdre_C_D)         0.052     1.619    debouncer_2/q2_reg
  -------------------------------------------------------------------
                         required time                         -1.619    
                         arrival time                           1.902    
  -------------------------------------------------------------------
                         slack                                  0.282    

Slack (MET) :             0.286ns  (arrival time - required time)
  Source:                 clk_div_inst/counter_50hz_reg[19]/C
                            (rising edge-triggered cell FDCE clocked by sys_clk_pin  {rise@0.000ns fall@5.000ns period=10.000ns})
  Destination:            clk_div_inst/counter_50hz_reg[15]/D
                            (rising edge-triggered cell FDCE clocked by sys_clk_pin  {rise@0.000ns fall@5.000ns period=10.000ns})
  Path Group:             sys_clk_pin
  Path Type:              Hold (Min at Fast Process Corner)
  Requirement:            0.000ns  (sys_clk_pin rise@0.000ns - sys_clk_pin rise@0.000ns)
  Data Path Delay:        0.408ns  (logic 0.249ns (60.968%)  route 0.159ns (39.032%))
  Logic Levels:           2  (CARRY4=1 LUT5=1)
  Clock Path Skew:        0.017ns (DCD - SCD - CPR)
    Destination Clock Delay (DCD):    1.929ns
    Source Clock Delay      (SCD):    1.570ns
    Clock Pessimism Removal (CPR):    0.342ns

    Location             Delay type                Incr(ns)  Path(ns)    Netlist Resource(s)
  -------------------------------------------------------------------    -------------------
                         (clock sys_clk_pin rise edge)
                                                      0.000     0.000 r  
    R2                                                0.000     0.000 r  clk (IN)
                         net (fo=0)                   0.000     0.000    clk
    R2                   IBUF (Prop_ibuf_I_O)         0.320     0.320 r  clk_IBUF_inst/O
                         net (fo=1, routed)           0.631     0.951    clk_IBUF
    BUFGCTRL_X0Y0        BUFG (Prop_bufg_I_O)         0.026     0.977 r  clk_IBUF_BUFG_inst/O
                         net (fo=54, routed)          0.594     1.570    clk_div_inst/clk_IBUF_BUFG
    SLICE_X3Y7           FDCE                                         r  clk_div_inst/counter_50hz_reg[19]/C
  -------------------------------------------------------------------    -------------------
    SLICE_X3Y7           FDCE (Prop_fdce_C_Q)         0.141     1.711 f  clk_div_inst/counter_50hz_reg[19]/Q
                         net (fo=3, routed)           0.159     1.871    clk_div_inst/counter_50hz_reg[19]
    SLICE_X3Y6           LUT5 (Prop_lut5_I4_O)        0.045     1.916 r  clk_div_inst/counter_50hz[12]_i_2/O
                         net (fo=1, routed)           0.000     1.916    clk_div_inst/counter_50hz[12]_i_2_n_0
    SLICE_X3Y6           CARRY4 (Prop_carry4_S[3]_O[3])
                                                      0.063     1.979 r  clk_div_inst/counter_50hz_reg[12]_i_1/O[3]
                         net (fo=1, routed)           0.000     1.979    clk_div_inst/counter_50hz_reg[12]_i_1_n_4
    SLICE_X3Y6           FDCE                                         r  clk_div_inst/counter_50hz_reg[15]/D
  -------------------------------------------------------------------    -------------------

                         (clock sys_clk_pin rise edge)
                                                      0.000     0.000 r  
    R2                                                0.000     0.000 r  clk (IN)
                         net (fo=0)                   0.000     0.000    clk
    R2                   IBUF (Prop_ibuf_I_O)         0.350     0.350 r  clk_IBUF_inst/O
                         net (fo=1, routed)           0.685     1.035    clk_IBUF
    BUFGCTRL_X0Y0        BUFG (Prop_bufg_I_O)         0.029     1.064 r  clk_IBUF_BUFG_inst/O
                         net (fo=54, routed)          0.866     1.929    clk_div_inst/clk_IBUF_BUFG
    SLICE_X3Y6           FDCE                                         r  clk_div_inst/counter_50hz_reg[15]/C
                         clock pessimism             -0.342     1.587    
    SLICE_X3Y6           FDCE (Hold_fdce_C_D)         0.105     1.692    clk_div_inst/counter_50hz_reg[15]
  -------------------------------------------------------------------
                         required time                         -1.692    
                         arrival time                           1.979    
  -------------------------------------------------------------------
                         slack                                  0.286    

Slack (MET) :             0.287ns  (arrival time - required time)
  Source:                 clk_div_inst/counter_1hz_reg[23]/C
                            (rising edge-triggered cell FDCE clocked by sys_clk_pin  {rise@0.000ns fall@5.000ns period=10.000ns})
  Destination:            clk_div_inst/counter_1hz_reg[23]/D
                            (rising edge-triggered cell FDCE clocked by sys_clk_pin  {rise@0.000ns fall@5.000ns period=10.000ns})
  Path Group:             sys_clk_pin
  Path Type:              Hold (Min at Fast Process Corner)
  Requirement:            0.000ns  (sys_clk_pin rise@0.000ns - sys_clk_pin rise@0.000ns)
  Data Path Delay:        0.421ns  (logic 0.273ns (64.814%)  route 0.148ns (35.186%))
  Logic Levels:           2  (CARRY4=1 LUT6=1)
  Clock Path Skew:        0.000ns (DCD - SCD - CPR)
    Destination Clock Delay (DCD):    1.928ns
    Source Clock Delay      (SCD):    1.570ns
    Clock Pessimism Removal (CPR):    0.358ns

    Location             Delay type                Incr(ns)  Path(ns)    Netlist Resource(s)
  -------------------------------------------------------------------    -------------------
                         (clock sys_clk_pin rise edge)
                                                      0.000     0.000 r  
    R2                                                0.000     0.000 r  clk (IN)
                         net (fo=0)                   0.000     0.000    clk
    R2                   IBUF (Prop_ibuf_I_O)         0.320     0.320 r  clk_IBUF_inst/O
                         net (fo=1, routed)           0.631     0.951    clk_IBUF
    BUFGCTRL_X0Y0        BUFG (Prop_bufg_I_O)         0.026     0.977 r  clk_IBUF_BUFG_inst/O
                         net (fo=54, routed)          0.594     1.570    clk_div_inst/clk_IBUF_BUFG
    SLICE_X2Y8           FDCE                                         r  clk_div_inst/counter_1hz_reg[23]/C
  -------------------------------------------------------------------    -------------------
    SLICE_X2Y8           FDCE (Prop_fdce_C_Q)         0.164     1.734 r  clk_div_inst/counter_1hz_reg[23]/Q
                         net (fo=2, routed)           0.148     1.882    clk_div_inst/counter_1hz_reg[23]
    SLICE_X2Y8           LUT6 (Prop_lut6_I0_O)        0.045     1.927 r  clk_div_inst/counter_1hz[20]_i_2/O
                         net (fo=1, routed)           0.000     1.927    clk_div_inst/counter_1hz[20]_i_2_n_0
    SLICE_X2Y8           CARRY4 (Prop_carry4_S[3]_O[3])
                                                      0.064     1.991 r  clk_div_inst/counter_1hz_reg[20]_i_1/O[3]
                         net (fo=1, routed)           0.000     1.991    clk_div_inst/counter_1hz_reg[20]_i_1_n_4
    SLICE_X2Y8           FDCE                                         r  clk_div_inst/counter_1hz_reg[23]/D
  -------------------------------------------------------------------    -------------------

                         (clock sys_clk_pin rise edge)
                                                      0.000     0.000 r  
    R2                                                0.000     0.000 r  clk (IN)
                         net (fo=0)                   0.000     0.000    clk
    R2                   IBUF (Prop_ibuf_I_O)         0.350     0.350 r  clk_IBUF_inst/O
                         net (fo=1, routed)           0.685     1.035    clk_IBUF
    BUFGCTRL_X0Y0        BUFG (Prop_bufg_I_O)         0.029     1.064 r  clk_IBUF_BUFG_inst/O
                         net (fo=54, routed)          0.865     1.928    clk_div_inst/clk_IBUF_BUFG
    SLICE_X2Y8           FDCE                                         r  clk_div_inst/counter_1hz_reg[23]/C
                         clock pessimism             -0.358     1.570    
    SLICE_X2Y8           FDCE (Hold_fdce_C_D)         0.134     1.704    clk_div_inst/counter_1hz_reg[23]
  -------------------------------------------------------------------
                         required time                         -1.704    
                         arrival time                           1.991    
  -------------------------------------------------------------------
                         slack                                  0.287    

Slack (MET) :             0.288ns  (arrival time - required time)
  Source:                 clk_div_inst/counter_1hz_reg[19]/C
                            (rising edge-triggered cell FDCE clocked by sys_clk_pin  {rise@0.000ns fall@5.000ns period=10.000ns})
  Destination:            clk_div_inst/counter_1hz_reg[19]/D
                            (rising edge-triggered cell FDCE clocked by sys_clk_pin  {rise@0.000ns fall@5.000ns period=10.000ns})
  Path Group:             sys_clk_pin
  Path Type:              Hold (Min at Fast Process Corner)
  Requirement:            0.000ns  (sys_clk_pin rise@0.000ns - sys_clk_pin rise@0.000ns)
  Data Path Delay:        0.422ns  (logic 0.273ns (64.655%)  route 0.149ns (35.345%))
  Logic Levels:           2  (CARRY4=1 LUT6=1)
  Clock Path Skew:        0.000ns (DCD - SCD - CPR)
    Destination Clock Delay (DCD):    1.928ns
    Source Clock Delay      (SCD):    1.570ns
    Clock Pessimism Removal (CPR):    0.358ns

    Location             Delay type                Incr(ns)  Path(ns)    Netlist Resource(s)
  -------------------------------------------------------------------    -------------------
                         (clock sys_clk_pin rise edge)
                                                      0.000     0.000 r  
    R2                                                0.000     0.000 r  clk (IN)
                         net (fo=0)                   0.000     0.000    clk
    R2                   IBUF (Prop_ibuf_I_O)         0.320     0.320 r  clk_IBUF_inst/O
                         net (fo=1, routed)           0.631     0.951    clk_IBUF
    BUFGCTRL_X0Y0        BUFG (Prop_bufg_I_O)         0.026     0.977 r  clk_IBUF_BUFG_inst/O
                         net (fo=54, routed)          0.594     1.570    clk_div_inst/clk_IBUF_BUFG
    SLICE_X2Y7           FDCE                                         r  clk_div_inst/counter_1hz_reg[19]/C
  -------------------------------------------------------------------    -------------------
    SLICE_X2Y7           FDCE (Prop_fdce_C_Q)         0.164     1.734 r  clk_div_inst/counter_1hz_reg[19]/Q
                         net (fo=2, routed)           0.149     1.883    clk_div_inst/counter_1hz_reg[19]
    SLICE_X2Y7           LUT6 (Prop_lut6_I0_O)        0.045     1.928 r  clk_div_inst/counter_1hz[16]_i_2/O
                         net (fo=1, routed)           0.000     1.928    clk_div_inst/counter_1hz[16]_i_2_n_0
    SLICE_X2Y7           CARRY4 (Prop_carry4_S[3]_O[3])
                                                      0.064     1.992 r  clk_div_inst/counter_1hz_reg[16]_i_1/O[3]
                         net (fo=1, routed)           0.000     1.992    clk_div_inst/counter_1hz_reg[16]_i_1_n_4
    SLICE_X2Y7           FDCE                                         r  clk_div_inst/counter_1hz_reg[19]/D
  -------------------------------------------------------------------    -------------------

                         (clock sys_clk_pin rise edge)
                                                      0.000     0.000 r  
    R2                                                0.000     0.000 r  clk (IN)
                         net (fo=0)                   0.000     0.000    clk
    R2                   IBUF (Prop_ibuf_I_O)         0.350     0.350 r  clk_IBUF_inst/O
                         net (fo=1, routed)           0.685     1.035    clk_IBUF
    BUFGCTRL_X0Y0        BUFG (Prop_bufg_I_O)         0.029     1.064 r  clk_IBUF_BUFG_inst/O
                         net (fo=54, routed)          0.865     1.928    clk_div_inst/clk_IBUF_BUFG
    SLICE_X2Y7           FDCE                                         r  clk_div_inst/counter_1hz_reg[19]/C
                         clock pessimism             -0.358     1.570    
    SLICE_X2Y7           FDCE (Hold_fdce_C_D)         0.134     1.704    clk_div_inst/counter_1hz_reg[19]
  -------------------------------------------------------------------
                         required time                         -1.704    
                         arrival time                           1.992    
  -------------------------------------------------------------------
                         slack                                  0.288    

Slack (MET) :             0.288ns  (arrival time - required time)
  Source:                 clk_div_inst/counter_1hz_reg[15]/C
                            (rising edge-triggered cell FDCE clocked by sys_clk_pin  {rise@0.000ns fall@5.000ns period=10.000ns})
  Destination:            clk_div_inst/counter_1hz_reg[15]/D
                            (rising edge-triggered cell FDCE clocked by sys_clk_pin  {rise@0.000ns fall@5.000ns period=10.000ns})
  Path Group:             sys_clk_pin
  Path Type:              Hold (Min at Fast Process Corner)
  Requirement:            0.000ns  (sys_clk_pin rise@0.000ns - sys_clk_pin rise@0.000ns)
  Data Path Delay:        0.422ns  (logic 0.273ns (64.655%)  route 0.149ns (35.345%))
  Logic Levels:           2  (CARRY4=1 LUT6=1)
  Clock Path Skew:        0.000ns (DCD - SCD - CPR)
    Destination Clock Delay (DCD):    1.929ns
    Source Clock Delay      (SCD):    1.571ns
    Clock Pessimism Removal (CPR):    0.358ns

    Location             Delay type                Incr(ns)  Path(ns)    Netlist Resource(s)
  -------------------------------------------------------------------    -------------------
                         (clock sys_clk_pin rise edge)
                                                      0.000     0.000 r  
    R2                                                0.000     0.000 r  clk (IN)
                         net (fo=0)                   0.000     0.000    clk
    R2                   IBUF (Prop_ibuf_I_O)         0.320     0.320 r  clk_IBUF_inst/O
                         net (fo=1, routed)           0.631     0.951    clk_IBUF
    BUFGCTRL_X0Y0        BUFG (Prop_bufg_I_O)         0.026     0.977 r  clk_IBUF_BUFG_inst/O
                         net (fo=54, routed)          0.595     1.571    clk_div_inst/clk_IBUF_BUFG
    SLICE_X2Y6           FDCE                                         r  clk_div_inst/counter_1hz_reg[15]/C
  -------------------------------------------------------------------    -------------------
    SLICE_X2Y6           FDCE (Prop_fdce_C_Q)         0.164     1.735 r  clk_div_inst/counter_1hz_reg[15]/Q
                         net (fo=2, routed)           0.149     1.884    clk_div_inst/counter_1hz_reg[15]
    SLICE_X2Y6           LUT6 (Prop_lut6_I0_O)        0.045     1.929 r  clk_div_inst/counter_1hz[12]_i_2/O
                         net (fo=1, routed)           0.000     1.929    clk_div_inst/counter_1hz[12]_i_2_n_0
    SLICE_X2Y6           CARRY4 (Prop_carry4_S[3]_O[3])
                                                      0.064     1.993 r  clk_div_inst/counter_1hz_reg[12]_i_1/O[3]
                         net (fo=1, routed)           0.000     1.993    clk_div_inst/counter_1hz_reg[12]_i_1_n_4
    SLICE_X2Y6           FDCE                                         r  clk_div_inst/counter_1hz_reg[15]/D
  -------------------------------------------------------------------    -------------------

                         (clock sys_clk_pin rise edge)
                                                      0.000     0.000 r  
    R2                                                0.000     0.000 r  clk (IN)
                         net (fo=0)                   0.000     0.000    clk
    R2                   IBUF (Prop_ibuf_I_O)         0.350     0.350 r  clk_IBUF_inst/O
                         net (fo=1, routed)           0.685     1.035    clk_IBUF
    BUFGCTRL_X0Y0        BUFG (Prop_bufg_I_O)         0.029     1.064 r  clk_IBUF_BUFG_inst/O
                         net (fo=54, routed)          0.866     1.929    clk_div_inst/clk_IBUF_BUFG
    SLICE_X2Y6           FDCE                                         r  clk_div_inst/counter_1hz_reg[15]/C
                         clock pessimism             -0.358     1.571    
    SLICE_X2Y6           FDCE (Hold_fdce_C_D)         0.134     1.705    clk_div_inst/counter_1hz_reg[15]
  -------------------------------------------------------------------
                         required time                         -1.705    
                         arrival time                           1.993    
  -------------------------------------------------------------------
                         slack                                  0.288    

Slack (MET) :             0.288ns  (arrival time - required time)
  Source:                 clk_div_inst/counter_1hz_reg[3]/C
                            (rising edge-triggered cell FDCE clocked by sys_clk_pin  {rise@0.000ns fall@5.000ns period=10.000ns})
  Destination:            clk_div_inst/counter_1hz_reg[3]/D
                            (rising edge-triggered cell FDCE clocked by sys_clk_pin  {rise@0.000ns fall@5.000ns period=10.000ns})
  Path Group:             sys_clk_pin
  Path Type:              Hold (Min at Fast Process Corner)
  Requirement:            0.000ns  (sys_clk_pin rise@0.000ns - sys_clk_pin rise@0.000ns)
  Data Path Delay:        0.422ns  (logic 0.273ns (64.655%)  route 0.149ns (35.345%))
  Logic Levels:           2  (CARRY4=1 LUT6=1)
  Clock Path Skew:        0.000ns (DCD - SCD - CPR)
    Destination Clock Delay (DCD):    1.929ns
    Source Clock Delay      (SCD):    1.571ns
    Clock Pessimism Removal (CPR):    0.358ns

    Location             Delay type                Incr(ns)  Path(ns)    Netlist Resource(s)
  -------------------------------------------------------------------    -------------------
                         (clock sys_clk_pin rise edge)
                                                      0.000     0.000 r  
    R2                                                0.000     0.000 r  clk (IN)
                         net (fo=0)                   0.000     0.000    clk
    R2                   IBUF (Prop_ibuf_I_O)         0.320     0.320 r  clk_IBUF_inst/O
                         net (fo=1, routed)           0.631     0.951    clk_IBUF
    BUFGCTRL_X0Y0        BUFG (Prop_bufg_I_O)         0.026     0.977 r  clk_IBUF_BUFG_inst/O
                         net (fo=54, routed)          0.595     1.571    clk_div_inst/clk_IBUF_BUFG
    SLICE_X2Y3           FDCE                                         r  clk_div_inst/counter_1hz_reg[3]/C
  -------------------------------------------------------------------    -------------------
    SLICE_X2Y3           FDCE (Prop_fdce_C_Q)         0.164     1.735 r  clk_div_inst/counter_1hz_reg[3]/Q
                         net (fo=2, routed)           0.149     1.884    clk_div_inst/counter_1hz_reg[3]
    SLICE_X2Y3           LUT6 (Prop_lut6_I0_O)        0.045     1.929 r  clk_div_inst/counter_1hz[0]_i_3/O
                         net (fo=1, routed)           0.000     1.929    clk_div_inst/counter_1hz[0]_i_3_n_0
    SLICE_X2Y3           CARRY4 (Prop_carry4_S[3]_O[3])
                                                      0.064     1.993 r  clk_div_inst/counter_1hz_reg[0]_i_1/O[3]
                         net (fo=1, routed)           0.000     1.993    clk_div_inst/counter_1hz_reg[0]_i_1_n_4
    SLICE_X2Y3           FDCE                                         r  clk_div_inst/counter_1hz_reg[3]/D
  -------------------------------------------------------------------    -------------------

                         (clock sys_clk_pin rise edge)
                                                      0.000     0.000 r  
    R2                                                0.000     0.000 r  clk (IN)
                         net (fo=0)                   0.000     0.000    clk
    R2                   IBUF (Prop_ibuf_I_O)         0.350     0.350 r  clk_IBUF_inst/O
                         net (fo=1, routed)           0.685     1.035    clk_IBUF
    BUFGCTRL_X0Y0        BUFG (Prop_bufg_I_O)         0.029     1.064 r  clk_IBUF_BUFG_inst/O
                         net (fo=54, routed)          0.866     1.929    clk_div_inst/clk_IBUF_BUFG
    SLICE_X2Y3           FDCE                                         r  clk_div_inst/counter_1hz_reg[3]/C
                         clock pessimism             -0.358     1.571    
    SLICE_X2Y3           FDCE (Hold_fdce_C_D)         0.134     1.705    clk_div_inst/counter_1hz_reg[3]
  -------------------------------------------------------------------
                         required time                         -1.705    
                         arrival time                           1.993    
  -------------------------------------------------------------------
                         slack                                  0.288    

Slack (MET) :             0.288ns  (arrival time - required time)
  Source:                 clk_div_inst/counter_1hz_reg[7]/C
                            (rising edge-triggered cell FDCE clocked by sys_clk_pin  {rise@0.000ns fall@5.000ns period=10.000ns})
  Destination:            clk_div_inst/counter_1hz_reg[7]/D
                            (rising edge-triggered cell FDCE clocked by sys_clk_pin  {rise@0.000ns fall@5.000ns period=10.000ns})
  Path Group:             sys_clk_pin
  Path Type:              Hold (Min at Fast Process Corner)
  Requirement:            0.000ns  (sys_clk_pin rise@0.000ns - sys_clk_pin rise@0.000ns)
  Data Path Delay:        0.422ns  (logic 0.273ns (64.655%)  route 0.149ns (35.345%))
  Logic Levels:           2  (CARRY4=1 LUT6=1)
  Clock Path Skew:        0.000ns (DCD - SCD - CPR)
    Destination Clock Delay (DCD):    1.929ns
    Source Clock Delay      (SCD):    1.571ns
    Clock Pessimism Removal (CPR):    0.358ns

    Location             Delay type                Incr(ns)  Path(ns)    Netlist Resource(s)
  -------------------------------------------------------------------    -------------------
                         (clock sys_clk_pin rise edge)
                                                      0.000     0.000 r  
    R2                                                0.000     0.000 r  clk (IN)
                         net (fo=0)                   0.000     0.000    clk
    R2                   IBUF (Prop_ibuf_I_O)         0.320     0.320 r  clk_IBUF_inst/O
                         net (fo=1, routed)           0.631     0.951    clk_IBUF
    BUFGCTRL_X0Y0        BUFG (Prop_bufg_I_O)         0.026     0.977 r  clk_IBUF_BUFG_inst/O
                         net (fo=54, routed)          0.595     1.571    clk_div_inst/clk_IBUF_BUFG
    SLICE_X2Y4           FDCE                                         r  clk_div_inst/counter_1hz_reg[7]/C
  -------------------------------------------------------------------    -------------------
    SLICE_X2Y4           FDCE (Prop_fdce_C_Q)         0.164     1.735 r  clk_div_inst/counter_1hz_reg[7]/Q
                         net (fo=2, routed)           0.149     1.884    clk_div_inst/counter_1hz_reg[7]
    SLICE_X2Y4           LUT6 (Prop_lut6_I0_O)        0.045     1.929 r  clk_div_inst/counter_1hz[4]_i_2/O
                         net (fo=1, routed)           0.000     1.929    clk_div_inst/counter_1hz[4]_i_2_n_0
    SLICE_X2Y4           CARRY4 (Prop_carry4_S[3]_O[3])
                                                      0.064     1.993 r  clk_div_inst/counter_1hz_reg[4]_i_1/O[3]
                         net (fo=1, routed)           0.000     1.993    clk_div_inst/counter_1hz_reg[4]_i_1_n_4
    SLICE_X2Y4           FDCE                                         r  clk_div_inst/counter_1hz_reg[7]/D
  -------------------------------------------------------------------    -------------------

                         (clock sys_clk_pin rise edge)
                                                      0.000     0.000 r  
    R2                                                0.000     0.000 r  clk (IN)
                         net (fo=0)                   0.000     0.000    clk
    R2                   IBUF (Prop_ibuf_I_O)         0.350     0.350 r  clk_IBUF_inst/O
                         net (fo=1, routed)           0.685     1.035    clk_IBUF
    BUFGCTRL_X0Y0        BUFG (Prop_bufg_I_O)         0.029     1.064 r  clk_IBUF_BUFG_inst/O
                         net (fo=54, routed)          0.866     1.929    clk_div_inst/clk_IBUF_BUFG
    SLICE_X2Y4           FDCE                                         r  clk_div_inst/counter_1hz_reg[7]/C
                         clock pessimism             -0.358     1.571    
    SLICE_X2Y4           FDCE (Hold_fdce_C_D)         0.134     1.705    clk_div_inst/counter_1hz_reg[7]
  -------------------------------------------------------------------
                         required time                         -1.705    
                         arrival time                           1.993    
  -------------------------------------------------------------------
                         slack                                  0.288    

Slack (MET) :             0.288ns  (arrival time - required time)
  Source:                 clk_div_inst/counter_1hz_reg[11]/C
                            (rising edge-triggered cell FDCE clocked by sys_clk_pin  {rise@0.000ns fall@5.000ns period=10.000ns})
  Destination:            clk_div_inst/counter_1hz_reg[11]/D
                            (rising edge-triggered cell FDCE clocked by sys_clk_pin  {rise@0.000ns fall@5.000ns period=10.000ns})
  Path Group:             sys_clk_pin
  Path Type:              Hold (Min at Fast Process Corner)
  Requirement:            0.000ns  (sys_clk_pin rise@0.000ns - sys_clk_pin rise@0.000ns)
  Data Path Delay:        0.422ns  (logic 0.273ns (64.646%)  route 0.149ns (35.354%))
  Logic Levels:           2  (CARRY4=1 LUT6=1)
  Clock Path Skew:        0.000ns (DCD - SCD - CPR)
    Destination Clock Delay (DCD):    1.929ns
    Source Clock Delay      (SCD):    1.571ns
    Clock Pessimism Removal (CPR):    0.358ns

    Location             Delay type                Incr(ns)  Path(ns)    Netlist Resource(s)
  -------------------------------------------------------------------    -------------------
                         (clock sys_clk_pin rise edge)
                                                      0.000     0.000 r  
    R2                                                0.000     0.000 r  clk (IN)
                         net (fo=0)                   0.000     0.000    clk
    R2                   IBUF (Prop_ibuf_I_O)         0.320     0.320 r  clk_IBUF_inst/O
                         net (fo=1, routed)           0.631     0.951    clk_IBUF
    BUFGCTRL_X0Y0        BUFG (Prop_bufg_I_O)         0.026     0.977 r  clk_IBUF_BUFG_inst/O
                         net (fo=54, routed)          0.595     1.571    clk_div_inst/clk_IBUF_BUFG
    SLICE_X2Y5           FDCE                                         r  clk_div_inst/counter_1hz_reg[11]/C
  -------------------------------------------------------------------    -------------------
    SLICE_X2Y5           FDCE (Prop_fdce_C_Q)         0.164     1.735 r  clk_div_inst/counter_1hz_reg[11]/Q
                         net (fo=2, routed)           0.149     1.885    clk_div_inst/counter_1hz_reg[11]
    SLICE_X2Y5           LUT6 (Prop_lut6_I0_O)        0.045     1.930 r  clk_div_inst/counter_1hz[8]_i_2/O
                         net (fo=1, routed)           0.000     1.930    clk_div_inst/counter_1hz[8]_i_2_n_0
    SLICE_X2Y5           CARRY4 (Prop_carry4_S[3]_O[3])
                                                      0.064     1.994 r  clk_div_inst/counter_1hz_reg[8]_i_1/O[3]
                         net (fo=1, routed)           0.000     1.994    clk_div_inst/counter_1hz_reg[8]_i_1_n_4
    SLICE_X2Y5           FDCE                                         r  clk_div_inst/counter_1hz_reg[11]/D
  -------------------------------------------------------------------    -------------------

                         (clock sys_clk_pin rise edge)
                                                      0.000     0.000 r  
    R2                                                0.000     0.000 r  clk (IN)
                         net (fo=0)                   0.000     0.000    clk
    R2                   IBUF (Prop_ibuf_I_O)         0.350     0.350 r  clk_IBUF_inst/O
                         net (fo=1, routed)           0.685     1.035    clk_IBUF
    BUFGCTRL_X0Y0        BUFG (Prop_bufg_I_O)         0.029     1.064 r  clk_IBUF_BUFG_inst/O
                         net (fo=54, routed)          0.866     1.929    clk_div_inst/clk_IBUF_BUFG
    SLICE_X2Y5           FDCE                                         r  clk_div_inst/counter_1hz_reg[11]/C
                         clock pessimism             -0.358     1.571    
    SLICE_X2Y5           FDCE (Hold_fdce_C_D)         0.134     1.705    clk_div_inst/counter_1hz_reg[11]
  -------------------------------------------------------------------
                         required time                         -1.705    
                         arrival time                           1.994    
  -------------------------------------------------------------------
                         slack                                  0.288    





Pulse Width Checks
--------------------------------------------------------------------------------------
Clock Name:         sys_clk_pin
Waveform(ns):       { 0.000 5.000 }
Period(ns):         10.000
Sources:            { clk }

Check Type        Corner  Lib Pin  Reference Pin  Required(ns)  Actual(ns)  Slack(ns)  Location       Pin
Min Period        n/a     BUFG/I   n/a            2.155         10.000      7.845      BUFGCTRL_X0Y0  clk_IBUF_BUFG_inst/I
Min Period        n/a     FDCE/C   n/a            1.000         10.000      9.000      SLICE_X3Y9     clk_div_inst/clk_1hz_reg/C
Min Period        n/a     FDCE/C   n/a            1.000         10.000      9.000      SLICE_X3Y8     clk_div_inst/clk_50hz_reg/C
Min Period        n/a     FDCE/C   n/a            1.000         10.000      9.000      SLICE_X2Y3     clk_div_inst/counter_1hz_reg[0]/C
Min Period        n/a     FDCE/C   n/a            1.000         10.000      9.000      SLICE_X2Y5     clk_div_inst/counter_1hz_reg[10]/C
Min Period        n/a     FDCE/C   n/a            1.000         10.000      9.000      SLICE_X2Y5     clk_div_inst/counter_1hz_reg[11]/C
Min Period        n/a     FDCE/C   n/a            1.000         10.000      9.000      SLICE_X2Y6     clk_div_inst/counter_1hz_reg[12]/C
Min Period        n/a     FDCE/C   n/a            1.000         10.000      9.000      SLICE_X2Y6     clk_div_inst/counter_1hz_reg[13]/C
Min Period        n/a     FDCE/C   n/a            1.000         10.000      9.000      SLICE_X2Y6     clk_div_inst/counter_1hz_reg[14]/C
Min Period        n/a     FDCE/C   n/a            1.000         10.000      9.000      SLICE_X2Y6     clk_div_inst/counter_1hz_reg[15]/C
Low Pulse Width   Slow    FDCE/C   n/a            0.500         5.000       4.500      SLICE_X3Y9     clk_div_inst/clk_1hz_reg/C
Low Pulse Width   Fast    FDCE/C   n/a            0.500         5.000       4.500      SLICE_X3Y9     clk_div_inst/clk_1hz_reg/C
Low Pulse Width   Slow    FDCE/C   n/a            0.500         5.000       4.500      SLICE_X3Y8     clk_div_inst/clk_50hz_reg/C
Low Pulse Width   Fast    FDCE/C   n/a            0.500         5.000       4.500      SLICE_X3Y8     clk_div_inst/clk_50hz_reg/C
Low Pulse Width   Slow    FDCE/C   n/a            0.500         5.000       4.500      SLICE_X2Y3     clk_div_inst/counter_1hz_reg[0]/C
Low Pulse Width   Fast    FDCE/C   n/a            0.500         5.000       4.500      SLICE_X2Y3     clk_div_inst/counter_1hz_reg[0]/C
Low Pulse Width   Slow    FDCE/C   n/a            0.500         5.000       4.500      SLICE_X2Y5     clk_div_inst/counter_1hz_reg[10]/C
Low Pulse Width   Fast    FDCE/C   n/a            0.500         5.000       4.500      SLICE_X2Y5     clk_div_inst/counter_1hz_reg[10]/C
Low Pulse Width   Slow    FDCE/C   n/a            0.500         5.000       4.500      SLICE_X2Y5     clk_div_inst/counter_1hz_reg[11]/C
Low Pulse Width   Fast    FDCE/C   n/a            0.500         5.000       4.500      SLICE_X2Y5     clk_div_inst/counter_1hz_reg[11]/C
High Pulse Width  Slow    FDCE/C   n/a            0.500         5.000       4.500      SLICE_X3Y9     clk_div_inst/clk_1hz_reg/C
High Pulse Width  Fast    FDCE/C   n/a            0.500         5.000       4.500      SLICE_X3Y9     clk_div_inst/clk_1hz_reg/C
High Pulse Width  Slow    FDCE/C   n/a            0.500         5.000       4.500      SLICE_X3Y8     clk_div_inst/clk_50hz_reg/C
High Pulse Width  Fast    FDCE/C   n/a            0.500         5.000       4.500      SLICE_X3Y8     clk_div_inst/clk_50hz_reg/C
High Pulse Width  Slow    FDCE/C   n/a            0.500         5.000       4.500      SLICE_X2Y3     clk_div_inst/counter_1hz_reg[0]/C
High Pulse Width  Fast    FDCE/C   n/a            0.500         5.000       4.500      SLICE_X2Y3     clk_div_inst/counter_1hz_reg[0]/C
High Pulse Width  Slow    FDCE/C   n/a            0.500         5.000       4.500      SLICE_X2Y5     clk_div_inst/counter_1hz_reg[10]/C
High Pulse Width  Fast    FDCE/C   n/a            0.500         5.000       4.500      SLICE_X2Y5     clk_div_inst/counter_1hz_reg[10]/C
High Pulse Width  Slow    FDCE/C   n/a            0.500         5.000       4.500      SLICE_X2Y5     clk_div_inst/counter_1hz_reg[11]/C
High Pulse Width  Fast    FDCE/C   n/a            0.500         5.000       4.500      SLICE_X2Y5     clk_div_inst/counter_1hz_reg[11]/C



---------------------------------------------------------------------------------------------------
Path Group:  **async_default**
From Clock:  sys_clk_pin
  To Clock:  sys_clk_pin

Setup :            0  Failing Endpoints,  Worst Slack        7.162ns,  Total Violation        0.000ns
Hold  :            0  Failing Endpoints,  Worst Slack        0.734ns,  Total Violation        0.000ns
---------------------------------------------------------------------------------------------------


Max Delay Paths
--------------------------------------------------------------------------------------
Slack (MET) :             7.162ns  (required time - arrival time)
  Source:                 debouncer_1/q2_reg/C
                            (rising edge-triggered cell FDRE clocked by sys_clk_pin  {rise@0.000ns fall@5.000ns period=10.000ns})
  Destination:            clk_div_inst/counter_50hz_reg[0]/CLR
                            (recovery check against rising-edge clock sys_clk_pin  {rise@0.000ns fall@5.000ns period=10.000ns})
  Path Group:             **async_default**
  Path Type:              Recovery (Max at Slow Process Corner)
  Requirement:            10.000ns  (sys_clk_pin rise@10.000ns - sys_clk_pin rise@0.000ns)
  Data Path Delay:        2.378ns  (logic 0.580ns (24.394%)  route 1.798ns (75.606%))
  Logic Levels:           1  (LUT1=1)
  Clock Path Skew:        -0.020ns (DCD - SCD + CPR)
    Destination Clock Delay (DCD):    4.287ns = ( 14.287 - 10.000 ) 
    Source Clock Delay      (SCD):    4.550ns
    Clock Pessimism Removal (CPR):    0.244ns
  Clock Uncertainty:      0.035ns  ((TSJ^2 + TIJ^2)^1/2 + DJ) / 2 + PE
    Total System Jitter     (TSJ):    0.071ns
    Total Input Jitter      (TIJ):    0.000ns
    Discrete Jitter          (DJ):    0.000ns
    Phase Error              (PE):    0.000ns

    Location             Delay type                Incr(ns)  Path(ns)    Netlist Resource(s)
  -------------------------------------------------------------------    -------------------
                         (clock sys_clk_pin rise edge)
                                                      0.000     0.000 r  
    R2                                                0.000     0.000 r  clk (IN)
                         net (fo=0)                   0.000     0.000    clk
    R2                   IBUF (Prop_ibuf_I_O)         0.854     0.854 r  clk_IBUF_inst/O
                         net (fo=1, routed)           1.967     2.821    clk_IBUF
    BUFGCTRL_X0Y0        BUFG (Prop_bufg_I_O)         0.096     2.917 r  clk_IBUF_BUFG_inst/O
                         net (fo=54, routed)          1.633     4.550    debouncer_1/clk_IBUF_BUFG
    SLICE_X3Y13          FDRE                                         r  debouncer_1/q2_reg/C
  -------------------------------------------------------------------    -------------------
    SLICE_X3Y13          FDRE (Prop_fdre_C_Q)         0.456     5.006 r  debouncer_1/q2_reg/Q
                         net (fo=1, routed)           0.667     5.673    debouncer_1/resetn_clean
    SLICE_X2Y12          LUT1 (Prop_lut1_I0_O)        0.124     5.797 f  debouncer_1/FSM_sequential_state[1]_i_2/O
                         net (fo=56, routed)          1.130     6.928    clk_div_inst/clk_50hz_reg_0
    SLICE_X3Y3           FDCE                                         f  clk_div_inst/counter_50hz_reg[0]/CLR
  -------------------------------------------------------------------    -------------------

                         (clock sys_clk_pin rise edge)
                                                     10.000    10.000 r  
    R2                                                0.000    10.000 r  clk (IN)
                         net (fo=0)                   0.000    10.000    clk
    R2                   IBUF (Prop_ibuf_I_O)         0.814    10.814 r  clk_IBUF_inst/O
                         net (fo=1, routed)           1.862    12.676    clk_IBUF
    BUFGCTRL_X0Y0        BUFG (Prop_bufg_I_O)         0.091    12.767 r  clk_IBUF_BUFG_inst/O
                         net (fo=54, routed)          1.519    14.287    clk_div_inst/clk_IBUF_BUFG
    SLICE_X3Y3           FDCE                                         r  clk_div_inst/counter_50hz_reg[0]/C
                         clock pessimism              0.244    14.530    
                         clock uncertainty           -0.035    14.495    
    SLICE_X3Y3           FDCE (Recov_fdce_C_CLR)     -0.405    14.090    clk_div_inst/counter_50hz_reg[0]
  -------------------------------------------------------------------
                         required time                         14.090    
                         arrival time                          -6.928    
  -------------------------------------------------------------------
                         slack                                  7.162    

Slack (MET) :             7.162ns  (required time - arrival time)
  Source:                 debouncer_1/q2_reg/C
                            (rising edge-triggered cell FDRE clocked by sys_clk_pin  {rise@0.000ns fall@5.000ns period=10.000ns})
  Destination:            clk_div_inst/counter_50hz_reg[1]/CLR
                            (recovery check against rising-edge clock sys_clk_pin  {rise@0.000ns fall@5.000ns period=10.000ns})
  Path Group:             **async_default**
  Path Type:              Recovery (Max at Slow Process Corner)
  Requirement:            10.000ns  (sys_clk_pin rise@10.000ns - sys_clk_pin rise@0.000ns)
  Data Path Delay:        2.378ns  (logic 0.580ns (24.394%)  route 1.798ns (75.606%))
  Logic Levels:           1  (LUT1=1)
  Clock Path Skew:        -0.020ns (DCD - SCD + CPR)
    Destination Clock Delay (DCD):    4.287ns = ( 14.287 - 10.000 ) 
    Source Clock Delay      (SCD):    4.550ns
    Clock Pessimism Removal (CPR):    0.244ns
  Clock Uncertainty:      0.035ns  ((TSJ^2 + TIJ^2)^1/2 + DJ) / 2 + PE
    Total System Jitter     (TSJ):    0.071ns
    Total Input Jitter      (TIJ):    0.000ns
    Discrete Jitter          (DJ):    0.000ns
    Phase Error              (PE):    0.000ns

    Location             Delay type                Incr(ns)  Path(ns)    Netlist Resource(s)
  -------------------------------------------------------------------    -------------------
                         (clock sys_clk_pin rise edge)
                                                      0.000     0.000 r  
    R2                                                0.000     0.000 r  clk (IN)
                         net (fo=0)                   0.000     0.000    clk
    R2                   IBUF (Prop_ibuf_I_O)         0.854     0.854 r  clk_IBUF_inst/O
                         net (fo=1, routed)           1.967     2.821    clk_IBUF
    BUFGCTRL_X0Y0        BUFG (Prop_bufg_I_O)         0.096     2.917 r  clk_IBUF_BUFG_inst/O
                         net (fo=54, routed)          1.633     4.550    debouncer_1/clk_IBUF_BUFG
    SLICE_X3Y13          FDRE                                         r  debouncer_1/q2_reg/C
  -------------------------------------------------------------------    -------------------
    SLICE_X3Y13          FDRE (Prop_fdre_C_Q)         0.456     5.006 r  debouncer_1/q2_reg/Q
                         net (fo=1, routed)           0.667     5.673    debouncer_1/resetn_clean
    SLICE_X2Y12          LUT1 (Prop_lut1_I0_O)        0.124     5.797 f  debouncer_1/FSM_sequential_state[1]_i_2/O
                         net (fo=56, routed)          1.130     6.928    clk_div_inst/clk_50hz_reg_0
    SLICE_X3Y3           FDCE                                         f  clk_div_inst/counter_50hz_reg[1]/CLR
  -------------------------------------------------------------------    -------------------

                         (clock sys_clk_pin rise edge)
                                                     10.000    10.000 r  
    R2                                                0.000    10.000 r  clk (IN)
                         net (fo=0)                   0.000    10.000    clk
    R2                   IBUF (Prop_ibuf_I_O)         0.814    10.814 r  clk_IBUF_inst/O
                         net (fo=1, routed)           1.862    12.676    clk_IBUF
    BUFGCTRL_X0Y0        BUFG (Prop_bufg_I_O)         0.091    12.767 r  clk_IBUF_BUFG_inst/O
                         net (fo=54, routed)          1.519    14.287    clk_div_inst/clk_IBUF_BUFG
    SLICE_X3Y3           FDCE                                         r  clk_div_inst/counter_50hz_reg[1]/C
                         clock pessimism              0.244    14.530    
                         clock uncertainty           -0.035    14.495    
    SLICE_X3Y3           FDCE (Recov_fdce_C_CLR)     -0.405    14.090    clk_div_inst/counter_50hz_reg[1]
  -------------------------------------------------------------------
                         required time                         14.090    
                         arrival time                          -6.928    
  -------------------------------------------------------------------
                         slack                                  7.162    

Slack (MET) :             7.162ns  (required time - arrival time)
  Source:                 debouncer_1/q2_reg/C
                            (rising edge-triggered cell FDRE clocked by sys_clk_pin  {rise@0.000ns fall@5.000ns period=10.000ns})
  Destination:            clk_div_inst/counter_50hz_reg[2]/CLR
                            (recovery check against rising-edge clock sys_clk_pin  {rise@0.000ns fall@5.000ns period=10.000ns})
  Path Group:             **async_default**
  Path Type:              Recovery (Max at Slow Process Corner)
  Requirement:            10.000ns  (sys_clk_pin rise@10.000ns - sys_clk_pin rise@0.000ns)
  Data Path Delay:        2.378ns  (logic 0.580ns (24.394%)  route 1.798ns (75.606%))
  Logic Levels:           1  (LUT1=1)
  Clock Path Skew:        -0.020ns (DCD - SCD + CPR)
    Destination Clock Delay (DCD):    4.287ns = ( 14.287 - 10.000 ) 
    Source Clock Delay      (SCD):    4.550ns
    Clock Pessimism Removal (CPR):    0.244ns
  Clock Uncertainty:      0.035ns  ((TSJ^2 + TIJ^2)^1/2 + DJ) / 2 + PE
    Total System Jitter     (TSJ):    0.071ns
    Total Input Jitter      (TIJ):    0.000ns
    Discrete Jitter          (DJ):    0.000ns
    Phase Error              (PE):    0.000ns

    Location             Delay type                Incr(ns)  Path(ns)    Netlist Resource(s)
  -------------------------------------------------------------------    -------------------
                         (clock sys_clk_pin rise edge)
                                                      0.000     0.000 r  
    R2                                                0.000     0.000 r  clk (IN)
                         net (fo=0)                   0.000     0.000    clk
    R2                   IBUF (Prop_ibuf_I_O)         0.854     0.854 r  clk_IBUF_inst/O
                         net (fo=1, routed)           1.967     2.821    clk_IBUF
    BUFGCTRL_X0Y0        BUFG (Prop_bufg_I_O)         0.096     2.917 r  clk_IBUF_BUFG_inst/O
                         net (fo=54, routed)          1.633     4.550    debouncer_1/clk_IBUF_BUFG
    SLICE_X3Y13          FDRE                                         r  debouncer_1/q2_reg/C
  -------------------------------------------------------------------    -------------------
    SLICE_X3Y13          FDRE (Prop_fdre_C_Q)         0.456     5.006 r  debouncer_1/q2_reg/Q
                         net (fo=1, routed)           0.667     5.673    debouncer_1/resetn_clean
    SLICE_X2Y12          LUT1 (Prop_lut1_I0_O)        0.124     5.797 f  debouncer_1/FSM_sequential_state[1]_i_2/O
                         net (fo=56, routed)          1.130     6.928    clk_div_inst/clk_50hz_reg_0
    SLICE_X3Y3           FDCE                                         f  clk_div_inst/counter_50hz_reg[2]/CLR
  -------------------------------------------------------------------    -------------------

                         (clock sys_clk_pin rise edge)
                                                     10.000    10.000 r  
    R2                                                0.000    10.000 r  clk (IN)
                         net (fo=0)                   0.000    10.000    clk
    R2                   IBUF (Prop_ibuf_I_O)         0.814    10.814 r  clk_IBUF_inst/O
                         net (fo=1, routed)           1.862    12.676    clk_IBUF
    BUFGCTRL_X0Y0        BUFG (Prop_bufg_I_O)         0.091    12.767 r  clk_IBUF_BUFG_inst/O
                         net (fo=54, routed)          1.519    14.287    clk_div_inst/clk_IBUF_BUFG
    SLICE_X3Y3           FDCE                                         r  clk_div_inst/counter_50hz_reg[2]/C
                         clock pessimism              0.244    14.530    
                         clock uncertainty           -0.035    14.495    
    SLICE_X3Y3           FDCE (Recov_fdce_C_CLR)     -0.405    14.090    clk_div_inst/counter_50hz_reg[2]
  -------------------------------------------------------------------
                         required time                         14.090    
                         arrival time                          -6.928    
  -------------------------------------------------------------------
                         slack                                  7.162    

Slack (MET) :             7.162ns  (required time - arrival time)
  Source:                 debouncer_1/q2_reg/C
                            (rising edge-triggered cell FDRE clocked by sys_clk_pin  {rise@0.000ns fall@5.000ns period=10.000ns})
  Destination:            clk_div_inst/counter_50hz_reg[3]/CLR
                            (recovery check against rising-edge clock sys_clk_pin  {rise@0.000ns fall@5.000ns period=10.000ns})
  Path Group:             **async_default**
  Path Type:              Recovery (Max at Slow Process Corner)
  Requirement:            10.000ns  (sys_clk_pin rise@10.000ns - sys_clk_pin rise@0.000ns)
  Data Path Delay:        2.378ns  (logic 0.580ns (24.394%)  route 1.798ns (75.606%))
  Logic Levels:           1  (LUT1=1)
  Clock Path Skew:        -0.020ns (DCD - SCD + CPR)
    Destination Clock Delay (DCD):    4.287ns = ( 14.287 - 10.000 ) 
    Source Clock Delay      (SCD):    4.550ns
    Clock Pessimism Removal (CPR):    0.244ns
  Clock Uncertainty:      0.035ns  ((TSJ^2 + TIJ^2)^1/2 + DJ) / 2 + PE
    Total System Jitter     (TSJ):    0.071ns
    Total Input Jitter      (TIJ):    0.000ns
    Discrete Jitter          (DJ):    0.000ns
    Phase Error              (PE):    0.000ns

    Location             Delay type                Incr(ns)  Path(ns)    Netlist Resource(s)
  -------------------------------------------------------------------    -------------------
                         (clock sys_clk_pin rise edge)
                                                      0.000     0.000 r  
    R2                                                0.000     0.000 r  clk (IN)
                         net (fo=0)                   0.000     0.000    clk
    R2                   IBUF (Prop_ibuf_I_O)         0.854     0.854 r  clk_IBUF_inst/O
                         net (fo=1, routed)           1.967     2.821    clk_IBUF
    BUFGCTRL_X0Y0        BUFG (Prop_bufg_I_O)         0.096     2.917 r  clk_IBUF_BUFG_inst/O
                         net (fo=54, routed)          1.633     4.550    debouncer_1/clk_IBUF_BUFG
    SLICE_X3Y13          FDRE                                         r  debouncer_1/q2_reg/C
  -------------------------------------------------------------------    -------------------
    SLICE_X3Y13          FDRE (Prop_fdre_C_Q)         0.456     5.006 r  debouncer_1/q2_reg/Q
                         net (fo=1, routed)           0.667     5.673    debouncer_1/resetn_clean
    SLICE_X2Y12          LUT1 (Prop_lut1_I0_O)        0.124     5.797 f  debouncer_1/FSM_sequential_state[1]_i_2/O
                         net (fo=56, routed)          1.130     6.928    clk_div_inst/clk_50hz_reg_0
    SLICE_X3Y3           FDCE                                         f  clk_div_inst/counter_50hz_reg[3]/CLR
  -------------------------------------------------------------------    -------------------

                         (clock sys_clk_pin rise edge)
                                                     10.000    10.000 r  
    R2                                                0.000    10.000 r  clk (IN)
                         net (fo=0)                   0.000    10.000    clk
    R2                   IBUF (Prop_ibuf_I_O)         0.814    10.814 r  clk_IBUF_inst/O
                         net (fo=1, routed)           1.862    12.676    clk_IBUF
    BUFGCTRL_X0Y0        BUFG (Prop_bufg_I_O)         0.091    12.767 r  clk_IBUF_BUFG_inst/O
                         net (fo=54, routed)          1.519    14.287    clk_div_inst/clk_IBUF_BUFG
    SLICE_X3Y3           FDCE                                         r  clk_div_inst/counter_50hz_reg[3]/C
                         clock pessimism              0.244    14.530    
                         clock uncertainty           -0.035    14.495    
    SLICE_X3Y3           FDCE (Recov_fdce_C_CLR)     -0.405    14.090    clk_div_inst/counter_50hz_reg[3]
  -------------------------------------------------------------------
                         required time                         14.090    
                         arrival time                          -6.928    
  -------------------------------------------------------------------
                         slack                                  7.162    

Slack (MET) :             7.248ns  (required time - arrival time)
  Source:                 debouncer_1/q2_reg/C
                            (rising edge-triggered cell FDRE clocked by sys_clk_pin  {rise@0.000ns fall@5.000ns period=10.000ns})
  Destination:            clk_div_inst/counter_1hz_reg[0]/CLR
                            (recovery check against rising-edge clock sys_clk_pin  {rise@0.000ns fall@5.000ns period=10.000ns})
  Path Group:             **async_default**
  Path Type:              Recovery (Max at Slow Process Corner)
  Requirement:            10.000ns  (sys_clk_pin rise@10.000ns - sys_clk_pin rise@0.000ns)
  Data Path Delay:        2.378ns  (logic 0.580ns (24.394%)  route 1.798ns (75.606%))
  Logic Levels:           1  (LUT1=1)
  Clock Path Skew:        -0.020ns (DCD - SCD + CPR)
    Destination Clock Delay (DCD):    4.287ns = ( 14.287 - 10.000 ) 
    Source Clock Delay      (SCD):    4.550ns
    Clock Pessimism Removal (CPR):    0.244ns
  Clock Uncertainty:      0.035ns  ((TSJ^2 + TIJ^2)^1/2 + DJ) / 2 + PE
    Total System Jitter     (TSJ):    0.071ns
    Total Input Jitter      (TIJ):    0.000ns
    Discrete Jitter          (DJ):    0.000ns
    Phase Error              (PE):    0.000ns

    Location             Delay type                Incr(ns)  Path(ns)    Netlist Resource(s)
  -------------------------------------------------------------------    -------------------
                         (clock sys_clk_pin rise edge)
                                                      0.000     0.000 r  
    R2                                                0.000     0.000 r  clk (IN)
                         net (fo=0)                   0.000     0.000    clk
    R2                   IBUF (Prop_ibuf_I_O)         0.854     0.854 r  clk_IBUF_inst/O
                         net (fo=1, routed)           1.967     2.821    clk_IBUF
    BUFGCTRL_X0Y0        BUFG (Prop_bufg_I_O)         0.096     2.917 r  clk_IBUF_BUFG_inst/O
                         net (fo=54, routed)          1.633     4.550    debouncer_1/clk_IBUF_BUFG
    SLICE_X3Y13          FDRE                                         r  debouncer_1/q2_reg/C
  -------------------------------------------------------------------    -------------------
    SLICE_X3Y13          FDRE (Prop_fdre_C_Q)         0.456     5.006 r  debouncer_1/q2_reg/Q
                         net (fo=1, routed)           0.667     5.673    debouncer_1/resetn_clean
    SLICE_X2Y12          LUT1 (Prop_lut1_I0_O)        0.124     5.797 f  debouncer_1/FSM_sequential_state[1]_i_2/O
                         net (fo=56, routed)          1.130     6.928    clk_div_inst/clk_50hz_reg_0
    SLICE_X2Y3           FDCE                                         f  clk_div_inst/counter_1hz_reg[0]/CLR
  -------------------------------------------------------------------    -------------------

                         (clock sys_clk_pin rise edge)
                                                     10.000    10.000 r  
    R2                                                0.000    10.000 r  clk (IN)
                         net (fo=0)                   0.000    10.000    clk
    R2                   IBUF (Prop_ibuf_I_O)         0.814    10.814 r  clk_IBUF_inst/O
                         net (fo=1, routed)           1.862    12.676    clk_IBUF
    BUFGCTRL_X0Y0        BUFG (Prop_bufg_I_O)         0.091    12.767 r  clk_IBUF_BUFG_inst/O
                         net (fo=54, routed)          1.519    14.287    clk_div_inst/clk_IBUF_BUFG
    SLICE_X2Y3           FDCE                                         r  clk_div_inst/counter_1hz_reg[0]/C
                         clock pessimism              0.244    14.530    
                         clock uncertainty           -0.035    14.495    
    SLICE_X2Y3           FDCE (Recov_fdce_C_CLR)     -0.319    14.176    clk_div_inst/counter_1hz_reg[0]
  -------------------------------------------------------------------
                         required time                         14.176    
                         arrival time                          -6.928    
  -------------------------------------------------------------------
                         slack                                  7.248    

Slack (MET) :             7.248ns  (required time - arrival time)
  Source:                 debouncer_1/q2_reg/C
                            (rising edge-triggered cell FDRE clocked by sys_clk_pin  {rise@0.000ns fall@5.000ns period=10.000ns})
  Destination:            clk_div_inst/counter_1hz_reg[1]/CLR
                            (recovery check against rising-edge clock sys_clk_pin  {rise@0.000ns fall@5.000ns period=10.000ns})
  Path Group:             **async_default**
  Path Type:              Recovery (Max at Slow Process Corner)
  Requirement:            10.000ns  (sys_clk_pin rise@10.000ns - sys_clk_pin rise@0.000ns)
  Data Path Delay:        2.378ns  (logic 0.580ns (24.394%)  route 1.798ns (75.606%))
  Logic Levels:           1  (LUT1=1)
  Clock Path Skew:        -0.020ns (DCD - SCD + CPR)
    Destination Clock Delay (DCD):    4.287ns = ( 14.287 - 10.000 ) 
    Source Clock Delay      (SCD):    4.550ns
    Clock Pessimism Removal (CPR):    0.244ns
  Clock Uncertainty:      0.035ns  ((TSJ^2 + TIJ^2)^1/2 + DJ) / 2 + PE
    Total System Jitter     (TSJ):    0.071ns
    Total Input Jitter      (TIJ):    0.000ns
    Discrete Jitter          (DJ):    0.000ns
    Phase Error              (PE):    0.000ns

    Location             Delay type                Incr(ns)  Path(ns)    Netlist Resource(s)
  -------------------------------------------------------------------    -------------------
                         (clock sys_clk_pin rise edge)
                                                      0.000     0.000 r  
    R2                                                0.000     0.000 r  clk (IN)
                         net (fo=0)                   0.000     0.000    clk
    R2                   IBUF (Prop_ibuf_I_O)         0.854     0.854 r  clk_IBUF_inst/O
                         net (fo=1, routed)           1.967     2.821    clk_IBUF
    BUFGCTRL_X0Y0        BUFG (Prop_bufg_I_O)         0.096     2.917 r  clk_IBUF_BUFG_inst/O
                         net (fo=54, routed)          1.633     4.550    debouncer_1/clk_IBUF_BUFG
    SLICE_X3Y13          FDRE                                         r  debouncer_1/q2_reg/C
  -------------------------------------------------------------------    -------------------
    SLICE_X3Y13          FDRE (Prop_fdre_C_Q)         0.456     5.006 r  debouncer_1/q2_reg/Q
                         net (fo=1, routed)           0.667     5.673    debouncer_1/resetn_clean
    SLICE_X2Y12          LUT1 (Prop_lut1_I0_O)        0.124     5.797 f  debouncer_1/FSM_sequential_state[1]_i_2/O
                         net (fo=56, routed)          1.130     6.928    clk_div_inst/clk_50hz_reg_0
    SLICE_X2Y3           FDCE                                         f  clk_div_inst/counter_1hz_reg[1]/CLR
  -------------------------------------------------------------------    -------------------

                         (clock sys_clk_pin rise edge)
                                                     10.000    10.000 r  
    R2                                                0.000    10.000 r  clk (IN)
                         net (fo=0)                   0.000    10.000    clk
    R2                   IBUF (Prop_ibuf_I_O)         0.814    10.814 r  clk_IBUF_inst/O
                         net (fo=1, routed)           1.862    12.676    clk_IBUF
    BUFGCTRL_X0Y0        BUFG (Prop_bufg_I_O)         0.091    12.767 r  clk_IBUF_BUFG_inst/O
                         net (fo=54, routed)          1.519    14.287    clk_div_inst/clk_IBUF_BUFG
    SLICE_X2Y3           FDCE                                         r  clk_div_inst/counter_1hz_reg[1]/C
                         clock pessimism              0.244    14.530    
                         clock uncertainty           -0.035    14.495    
    SLICE_X2Y3           FDCE (Recov_fdce_C_CLR)     -0.319    14.176    clk_div_inst/counter_1hz_reg[1]
  -------------------------------------------------------------------
                         required time                         14.176    
                         arrival time                          -6.928    
  -------------------------------------------------------------------
                         slack                                  7.248    

Slack (MET) :             7.248ns  (required time - arrival time)
  Source:                 debouncer_1/q2_reg/C
                            (rising edge-triggered cell FDRE clocked by sys_clk_pin  {rise@0.000ns fall@5.000ns period=10.000ns})
  Destination:            clk_div_inst/counter_1hz_reg[2]/CLR
                            (recovery check against rising-edge clock sys_clk_pin  {rise@0.000ns fall@5.000ns period=10.000ns})
  Path Group:             **async_default**
  Path Type:              Recovery (Max at Slow Process Corner)
  Requirement:            10.000ns  (sys_clk_pin rise@10.000ns - sys_clk_pin rise@0.000ns)
  Data Path Delay:        2.378ns  (logic 0.580ns (24.394%)  route 1.798ns (75.606%))
  Logic Levels:           1  (LUT1=1)
  Clock Path Skew:        -0.020ns (DCD - SCD + CPR)
    Destination Clock Delay (DCD):    4.287ns = ( 14.287 - 10.000 ) 
    Source Clock Delay      (SCD):    4.550ns
    Clock Pessimism Removal (CPR):    0.244ns
  Clock Uncertainty:      0.035ns  ((TSJ^2 + TIJ^2)^1/2 + DJ) / 2 + PE
    Total System Jitter     (TSJ):    0.071ns
    Total Input Jitter      (TIJ):    0.000ns
    Discrete Jitter          (DJ):    0.000ns
    Phase Error              (PE):    0.000ns

    Location             Delay type                Incr(ns)  Path(ns)    Netlist Resource(s)
  -------------------------------------------------------------------    -------------------
                         (clock sys_clk_pin rise edge)
                                                      0.000     0.000 r  
    R2                                                0.000     0.000 r  clk (IN)
                         net (fo=0)                   0.000     0.000    clk
    R2                   IBUF (Prop_ibuf_I_O)         0.854     0.854 r  clk_IBUF_inst/O
                         net (fo=1, routed)           1.967     2.821    clk_IBUF
    BUFGCTRL_X0Y0        BUFG (Prop_bufg_I_O)         0.096     2.917 r  clk_IBUF_BUFG_inst/O
                         net (fo=54, routed)          1.633     4.550    debouncer_1/clk_IBUF_BUFG
    SLICE_X3Y13          FDRE                                         r  debouncer_1/q2_reg/C
  -------------------------------------------------------------------    -------------------
    SLICE_X3Y13          FDRE (Prop_fdre_C_Q)         0.456     5.006 r  debouncer_1/q2_reg/Q
                         net (fo=1, routed)           0.667     5.673    debouncer_1/resetn_clean
    SLICE_X2Y12          LUT1 (Prop_lut1_I0_O)        0.124     5.797 f  debouncer_1/FSM_sequential_state[1]_i_2/O
                         net (fo=56, routed)          1.130     6.928    clk_div_inst/clk_50hz_reg_0
    SLICE_X2Y3           FDCE                                         f  clk_div_inst/counter_1hz_reg[2]/CLR
  -------------------------------------------------------------------    -------------------

                         (clock sys_clk_pin rise edge)
                                                     10.000    10.000 r  
    R2                                                0.000    10.000 r  clk (IN)
                         net (fo=0)                   0.000    10.000    clk
    R2                   IBUF (Prop_ibuf_I_O)         0.814    10.814 r  clk_IBUF_inst/O
                         net (fo=1, routed)           1.862    12.676    clk_IBUF
    BUFGCTRL_X0Y0        BUFG (Prop_bufg_I_O)         0.091    12.767 r  clk_IBUF_BUFG_inst/O
                         net (fo=54, routed)          1.519    14.287    clk_div_inst/clk_IBUF_BUFG
    SLICE_X2Y3           FDCE                                         r  clk_div_inst/counter_1hz_reg[2]/C
                         clock pessimism              0.244    14.530    
                         clock uncertainty           -0.035    14.495    
    SLICE_X2Y3           FDCE (Recov_fdce_C_CLR)     -0.319    14.176    clk_div_inst/counter_1hz_reg[2]
  -------------------------------------------------------------------
                         required time                         14.176    
                         arrival time                          -6.928    
  -------------------------------------------------------------------
                         slack                                  7.248    

Slack (MET) :             7.248ns  (required time - arrival time)
  Source:                 debouncer_1/q2_reg/C
                            (rising edge-triggered cell FDRE clocked by sys_clk_pin  {rise@0.000ns fall@5.000ns period=10.000ns})
  Destination:            clk_div_inst/counter_1hz_reg[3]/CLR
                            (recovery check against rising-edge clock sys_clk_pin  {rise@0.000ns fall@5.000ns period=10.000ns})
  Path Group:             **async_default**
  Path Type:              Recovery (Max at Slow Process Corner)
  Requirement:            10.000ns  (sys_clk_pin rise@10.000ns - sys_clk_pin rise@0.000ns)
  Data Path Delay:        2.378ns  (logic 0.580ns (24.394%)  route 1.798ns (75.606%))
  Logic Levels:           1  (LUT1=1)
  Clock Path Skew:        -0.020ns (DCD - SCD + CPR)
    Destination Clock Delay (DCD):    4.287ns = ( 14.287 - 10.000 ) 
    Source Clock Delay      (SCD):    4.550ns
    Clock Pessimism Removal (CPR):    0.244ns
  Clock Uncertainty:      0.035ns  ((TSJ^2 + TIJ^2)^1/2 + DJ) / 2 + PE
    Total System Jitter     (TSJ):    0.071ns
    Total Input Jitter      (TIJ):    0.000ns
    Discrete Jitter          (DJ):    0.000ns
    Phase Error              (PE):    0.000ns

    Location             Delay type                Incr(ns)  Path(ns)    Netlist Resource(s)
  -------------------------------------------------------------------    -------------------
                         (clock sys_clk_pin rise edge)
                                                      0.000     0.000 r  
    R2                                                0.000     0.000 r  clk (IN)
                         net (fo=0)                   0.000     0.000    clk
    R2                   IBUF (Prop_ibuf_I_O)         0.854     0.854 r  clk_IBUF_inst/O
                         net (fo=1, routed)           1.967     2.821    clk_IBUF
    BUFGCTRL_X0Y0        BUFG (Prop_bufg_I_O)         0.096     2.917 r  clk_IBUF_BUFG_inst/O
                         net (fo=54, routed)          1.633     4.550    debouncer_1/clk_IBUF_BUFG
    SLICE_X3Y13          FDRE                                         r  debouncer_1/q2_reg/C
  -------------------------------------------------------------------    -------------------
    SLICE_X3Y13          FDRE (Prop_fdre_C_Q)         0.456     5.006 r  debouncer_1/q2_reg/Q
                         net (fo=1, routed)           0.667     5.673    debouncer_1/resetn_clean
    SLICE_X2Y12          LUT1 (Prop_lut1_I0_O)        0.124     5.797 f  debouncer_1/FSM_sequential_state[1]_i_2/O
                         net (fo=56, routed)          1.130     6.928    clk_div_inst/clk_50hz_reg_0
    SLICE_X2Y3           FDCE                                         f  clk_div_inst/counter_1hz_reg[3]/CLR
  -------------------------------------------------------------------    -------------------

                         (clock sys_clk_pin rise edge)
                                                     10.000    10.000 r  
    R2                                                0.000    10.000 r  clk (IN)
                         net (fo=0)                   0.000    10.000    clk
    R2                   IBUF (Prop_ibuf_I_O)         0.814    10.814 r  clk_IBUF_inst/O
                         net (fo=1, routed)           1.862    12.676    clk_IBUF
    BUFGCTRL_X0Y0        BUFG (Prop_bufg_I_O)         0.091    12.767 r  clk_IBUF_BUFG_inst/O
                         net (fo=54, routed)          1.519    14.287    clk_div_inst/clk_IBUF_BUFG
    SLICE_X2Y3           FDCE                                         r  clk_div_inst/counter_1hz_reg[3]/C
                         clock pessimism              0.244    14.530    
                         clock uncertainty           -0.035    14.495    
    SLICE_X2Y3           FDCE (Recov_fdce_C_CLR)     -0.319    14.176    clk_div_inst/counter_1hz_reg[3]
  -------------------------------------------------------------------
                         required time                         14.176    
                         arrival time                          -6.928    
  -------------------------------------------------------------------
                         slack                                  7.248    

Slack (MET) :             7.252ns  (required time - arrival time)
  Source:                 debouncer_1/q2_reg/C
                            (rising edge-triggered cell FDRE clocked by sys_clk_pin  {rise@0.000ns fall@5.000ns period=10.000ns})
  Destination:            clk_div_inst/counter_50hz_reg[4]/CLR
                            (recovery check against rising-edge clock sys_clk_pin  {rise@0.000ns fall@5.000ns period=10.000ns})
  Path Group:             **async_default**
  Path Type:              Recovery (Max at Slow Process Corner)
  Requirement:            10.000ns  (sys_clk_pin rise@10.000ns - sys_clk_pin rise@0.000ns)
  Data Path Delay:        2.288ns  (logic 0.580ns (25.354%)  route 1.708ns (74.646%))
  Logic Levels:           1  (LUT1=1)
  Clock Path Skew:        -0.020ns (DCD - SCD + CPR)
    Destination Clock Delay (DCD):    4.287ns = ( 14.287 - 10.000 ) 
    Source Clock Delay      (SCD):    4.550ns
    Clock Pessimism Removal (CPR):    0.244ns
  Clock Uncertainty:      0.035ns  ((TSJ^2 + TIJ^2)^1/2 + DJ) / 2 + PE
    Total System Jitter     (TSJ):    0.071ns
    Total Input Jitter      (TIJ):    0.000ns
    Discrete Jitter          (DJ):    0.000ns
    Phase Error              (PE):    0.000ns

    Location             Delay type                Incr(ns)  Path(ns)    Netlist Resource(s)
  -------------------------------------------------------------------    -------------------
                         (clock sys_clk_pin rise edge)
                                                      0.000     0.000 r  
    R2                                                0.000     0.000 r  clk (IN)
                         net (fo=0)                   0.000     0.000    clk
    R2                   IBUF (Prop_ibuf_I_O)         0.854     0.854 r  clk_IBUF_inst/O
                         net (fo=1, routed)           1.967     2.821    clk_IBUF
    BUFGCTRL_X0Y0        BUFG (Prop_bufg_I_O)         0.096     2.917 r  clk_IBUF_BUFG_inst/O
                         net (fo=54, routed)          1.633     4.550    debouncer_1/clk_IBUF_BUFG
    SLICE_X3Y13          FDRE                                         r  debouncer_1/q2_reg/C
  -------------------------------------------------------------------    -------------------
    SLICE_X3Y13          FDRE (Prop_fdre_C_Q)         0.456     5.006 r  debouncer_1/q2_reg/Q
                         net (fo=1, routed)           0.667     5.673    debouncer_1/resetn_clean
    SLICE_X2Y12          LUT1 (Prop_lut1_I0_O)        0.124     5.797 f  debouncer_1/FSM_sequential_state[1]_i_2/O
                         net (fo=56, routed)          1.040     6.838    clk_div_inst/clk_50hz_reg_0
    SLICE_X3Y4           FDCE                                         f  clk_div_inst/counter_50hz_reg[4]/CLR
  -------------------------------------------------------------------    -------------------

                         (clock sys_clk_pin rise edge)
                                                     10.000    10.000 r  
    R2                                                0.000    10.000 r  clk (IN)
                         net (fo=0)                   0.000    10.000    clk
    R2                   IBUF (Prop_ibuf_I_O)         0.814    10.814 r  clk_IBUF_inst/O
                         net (fo=1, routed)           1.862    12.676    clk_IBUF
    BUFGCTRL_X0Y0        BUFG (Prop_bufg_I_O)         0.091    12.767 r  clk_IBUF_BUFG_inst/O
                         net (fo=54, routed)          1.519    14.287    clk_div_inst/clk_IBUF_BUFG
    SLICE_X3Y4           FDCE                                         r  clk_div_inst/counter_50hz_reg[4]/C
                         clock pessimism              0.244    14.530    
                         clock uncertainty           -0.035    14.495    
    SLICE_X3Y4           FDCE (Recov_fdce_C_CLR)     -0.405    14.090    clk_div_inst/counter_50hz_reg[4]
  -------------------------------------------------------------------
                         required time                         14.090    
                         arrival time                          -6.838    
  -------------------------------------------------------------------
                         slack                                  7.252    

Slack (MET) :             7.252ns  (required time - arrival time)
  Source:                 debouncer_1/q2_reg/C
                            (rising edge-triggered cell FDRE clocked by sys_clk_pin  {rise@0.000ns fall@5.000ns period=10.000ns})
  Destination:            clk_div_inst/counter_50hz_reg[5]/CLR
                            (recovery check against rising-edge clock sys_clk_pin  {rise@0.000ns fall@5.000ns period=10.000ns})
  Path Group:             **async_default**
  Path Type:              Recovery (Max at Slow Process Corner)
  Requirement:            10.000ns  (sys_clk_pin rise@10.000ns - sys_clk_pin rise@0.000ns)
  Data Path Delay:        2.288ns  (logic 0.580ns (25.354%)  route 1.708ns (74.646%))
  Logic Levels:           1  (LUT1=1)
  Clock Path Skew:        -0.020ns (DCD - SCD + CPR)
    Destination Clock Delay (DCD):    4.287ns = ( 14.287 - 10.000 ) 
    Source Clock Delay      (SCD):    4.550ns
    Clock Pessimism Removal (CPR):    0.244ns
  Clock Uncertainty:      0.035ns  ((TSJ^2 + TIJ^2)^1/2 + DJ) / 2 + PE
    Total System Jitter     (TSJ):    0.071ns
    Total Input Jitter      (TIJ):    0.000ns
    Discrete Jitter          (DJ):    0.000ns
    Phase Error              (PE):    0.000ns

    Location             Delay type                Incr(ns)  Path(ns)    Netlist Resource(s)
  -------------------------------------------------------------------    -------------------
                         (clock sys_clk_pin rise edge)
                                                      0.000     0.000 r  
    R2                                                0.000     0.000 r  clk (IN)
                         net (fo=0)                   0.000     0.000    clk
    R2                   IBUF (Prop_ibuf_I_O)         0.854     0.854 r  clk_IBUF_inst/O
                         net (fo=1, routed)           1.967     2.821    clk_IBUF
    BUFGCTRL_X0Y0        BUFG (Prop_bufg_I_O)         0.096     2.917 r  clk_IBUF_BUFG_inst/O
                         net (fo=54, routed)          1.633     4.550    debouncer_1/clk_IBUF_BUFG
    SLICE_X3Y13          FDRE                                         r  debouncer_1/q2_reg/C
  -------------------------------------------------------------------    -------------------
    SLICE_X3Y13          FDRE (Prop_fdre_C_Q)         0.456     5.006 r  debouncer_1/q2_reg/Q
                         net (fo=1, routed)           0.667     5.673    debouncer_1/resetn_clean
    SLICE_X2Y12          LUT1 (Prop_lut1_I0_O)        0.124     5.797 f  debouncer_1/FSM_sequential_state[1]_i_2/O
                         net (fo=56, routed)          1.040     6.838    clk_div_inst/clk_50hz_reg_0
    SLICE_X3Y4           FDCE                                         f  clk_div_inst/counter_50hz_reg[5]/CLR
  -------------------------------------------------------------------    -------------------

                         (clock sys_clk_pin rise edge)
                                                     10.000    10.000 r  
    R2                                                0.000    10.000 r  clk (IN)
                         net (fo=0)                   0.000    10.000    clk
    R2                   IBUF (Prop_ibuf_I_O)         0.814    10.814 r  clk_IBUF_inst/O
                         net (fo=1, routed)           1.862    12.676    clk_IBUF
    BUFGCTRL_X0Y0        BUFG (Prop_bufg_I_O)         0.091    12.767 r  clk_IBUF_BUFG_inst/O
                         net (fo=54, routed)          1.519    14.287    clk_div_inst/clk_IBUF_BUFG
    SLICE_X3Y4           FDCE                                         r  clk_div_inst/counter_50hz_reg[5]/C
                         clock pessimism              0.244    14.530    
                         clock uncertainty           -0.035    14.495    
    SLICE_X3Y4           FDCE (Recov_fdce_C_CLR)     -0.405    14.090    clk_div_inst/counter_50hz_reg[5]
  -------------------------------------------------------------------
                         required time                         14.090    
                         arrival time                          -6.838    
  -------------------------------------------------------------------
                         slack                                  7.252    





Min Delay Paths
--------------------------------------------------------------------------------------
Slack (MET) :             0.734ns  (arrival time - required time)
  Source:                 debouncer_1/q2_reg/C
                            (rising edge-triggered cell FDRE clocked by sys_clk_pin  {rise@0.000ns fall@5.000ns period=10.000ns})
  Destination:            clk_div_inst/counter_1hz_reg[24]/CLR
                            (removal check against rising-edge clock sys_clk_pin  {rise@0.000ns fall@5.000ns period=10.000ns})
  Path Group:             **async_default**
  Path Type:              Removal (Min at Fast Process Corner)
  Requirement:            0.000ns  (sys_clk_pin rise@0.000ns - sys_clk_pin rise@0.000ns)
  Data Path Delay:        0.686ns  (logic 0.186ns (27.110%)  route 0.500ns (72.890%))
  Logic Levels:           1  (LUT1=1)
  Clock Path Skew:        0.019ns (DCD - SCD - CPR)
    Destination Clock Delay (DCD):    1.928ns
    Source Clock Delay      (SCD):    1.567ns
    Clock Pessimism Removal (CPR):    0.342ns

    Location             Delay type                Incr(ns)  Path(ns)    Netlist Resource(s)
  -------------------------------------------------------------------    -------------------
                         (clock sys_clk_pin rise edge)
                                                      0.000     0.000 r  
    R2                                                0.000     0.000 r  clk (IN)
                         net (fo=0)                   0.000     0.000    clk
    R2                   IBUF (Prop_ibuf_I_O)         0.320     0.320 r  clk_IBUF_inst/O
                         net (fo=1, routed)           0.631     0.951    clk_IBUF
    BUFGCTRL_X0Y0        BUFG (Prop_bufg_I_O)         0.026     0.977 r  clk_IBUF_BUFG_inst/O
                         net (fo=54, routed)          0.591     1.567    debouncer_1/clk_IBUF_BUFG
    SLICE_X3Y13          FDRE                                         r  debouncer_1/q2_reg/C
  -------------------------------------------------------------------    -------------------
    SLICE_X3Y13          FDRE (Prop_fdre_C_Q)         0.141     1.708 r  debouncer_1/q2_reg/Q
                         net (fo=1, routed)           0.219     1.927    debouncer_1/resetn_clean
    SLICE_X2Y12          LUT1 (Prop_lut1_I0_O)        0.045     1.972 f  debouncer_1/FSM_sequential_state[1]_i_2/O
                         net (fo=56, routed)          0.281     2.253    clk_div_inst/clk_50hz_reg_0
    SLICE_X2Y9           FDCE                                         f  clk_div_inst/counter_1hz_reg[24]/CLR
  -------------------------------------------------------------------    -------------------

                         (clock sys_clk_pin rise edge)
                                                      0.000     0.000 r  
    R2                                                0.000     0.000 r  clk (IN)
                         net (fo=0)                   0.000     0.000    clk
    R2                   IBUF (Prop_ibuf_I_O)         0.350     0.350 r  clk_IBUF_inst/O
                         net (fo=1, routed)           0.685     1.035    clk_IBUF
    BUFGCTRL_X0Y0        BUFG (Prop_bufg_I_O)         0.029     1.064 r  clk_IBUF_BUFG_inst/O
                         net (fo=54, routed)          0.865     1.928    clk_div_inst/clk_IBUF_BUFG
    SLICE_X2Y9           FDCE                                         r  clk_div_inst/counter_1hz_reg[24]/C
                         clock pessimism             -0.342     1.586    
    SLICE_X2Y9           FDCE (Remov_fdce_C_CLR)     -0.067     1.519    clk_div_inst/counter_1hz_reg[24]
  -------------------------------------------------------------------
                         required time                         -1.519    
                         arrival time                           2.253    
  -------------------------------------------------------------------
                         slack                                  0.734    

Slack (MET) :             0.734ns  (arrival time - required time)
  Source:                 debouncer_1/q2_reg/C
                            (rising edge-triggered cell FDRE clocked by sys_clk_pin  {rise@0.000ns fall@5.000ns period=10.000ns})
  Destination:            clk_div_inst/counter_1hz_reg[25]/CLR
                            (removal check against rising-edge clock sys_clk_pin  {rise@0.000ns fall@5.000ns period=10.000ns})
  Path Group:             **async_default**
  Path Type:              Removal (Min at Fast Process Corner)
  Requirement:            0.000ns  (sys_clk_pin rise@0.000ns - sys_clk_pin rise@0.000ns)
  Data Path Delay:        0.686ns  (logic 0.186ns (27.110%)  route 0.500ns (72.890%))
  Logic Levels:           1  (LUT1=1)
  Clock Path Skew:        0.019ns (DCD - SCD - CPR)
    Destination Clock Delay (DCD):    1.928ns
    Source Clock Delay      (SCD):    1.567ns
    Clock Pessimism Removal (CPR):    0.342ns

    Location             Delay type                Incr(ns)  Path(ns)    Netlist Resource(s)
  -------------------------------------------------------------------    -------------------
                         (clock sys_clk_pin rise edge)
                                                      0.000     0.000 r  
    R2                                                0.000     0.000 r  clk (IN)
                         net (fo=0)                   0.000     0.000    clk
    R2                   IBUF (Prop_ibuf_I_O)         0.320     0.320 r  clk_IBUF_inst/O
                         net (fo=1, routed)           0.631     0.951    clk_IBUF
    BUFGCTRL_X0Y0        BUFG (Prop_bufg_I_O)         0.026     0.977 r  clk_IBUF_BUFG_inst/O
                         net (fo=54, routed)          0.591     1.567    debouncer_1/clk_IBUF_BUFG
    SLICE_X3Y13          FDRE                                         r  debouncer_1/q2_reg/C
  -------------------------------------------------------------------    -------------------
    SLICE_X3Y13          FDRE (Prop_fdre_C_Q)         0.141     1.708 r  debouncer_1/q2_reg/Q
                         net (fo=1, routed)           0.219     1.927    debouncer_1/resetn_clean
    SLICE_X2Y12          LUT1 (Prop_lut1_I0_O)        0.045     1.972 f  debouncer_1/FSM_sequential_state[1]_i_2/O
                         net (fo=56, routed)          0.281     2.253    clk_div_inst/clk_50hz_reg_0
    SLICE_X2Y9           FDCE                                         f  clk_div_inst/counter_1hz_reg[25]/CLR
  -------------------------------------------------------------------    -------------------

                         (clock sys_clk_pin rise edge)
                                                      0.000     0.000 r  
    R2                                                0.000     0.000 r  clk (IN)
                         net (fo=0)                   0.000     0.000    clk
    R2                   IBUF (Prop_ibuf_I_O)         0.350     0.350 r  clk_IBUF_inst/O
                         net (fo=1, routed)           0.685     1.035    clk_IBUF
    BUFGCTRL_X0Y0        BUFG (Prop_bufg_I_O)         0.029     1.064 r  clk_IBUF_BUFG_inst/O
                         net (fo=54, routed)          0.865     1.928    clk_div_inst/clk_IBUF_BUFG
    SLICE_X2Y9           FDCE                                         r  clk_div_inst/counter_1hz_reg[25]/C
                         clock pessimism             -0.342     1.586    
    SLICE_X2Y9           FDCE (Remov_fdce_C_CLR)     -0.067     1.519    clk_div_inst/counter_1hz_reg[25]
  -------------------------------------------------------------------
                         required time                         -1.519    
                         arrival time                           2.253    
  -------------------------------------------------------------------
                         slack                                  0.734    

Slack (MET) :             0.741ns  (arrival time - required time)
  Source:                 debouncer_1/q2_reg/C
                            (rising edge-triggered cell FDRE clocked by sys_clk_pin  {rise@0.000ns fall@5.000ns period=10.000ns})
  Destination:            clk_div_inst/counter_1hz_reg[20]/CLR
                            (removal check against rising-edge clock sys_clk_pin  {rise@0.000ns fall@5.000ns period=10.000ns})
  Path Group:             **async_default**
  Path Type:              Removal (Min at Fast Process Corner)
  Requirement:            0.000ns  (sys_clk_pin rise@0.000ns - sys_clk_pin rise@0.000ns)
  Data Path Delay:        0.693ns  (logic 0.186ns (26.836%)  route 0.507ns (73.164%))
  Logic Levels:           1  (LUT1=1)
  Clock Path Skew:        0.019ns (DCD - SCD - CPR)
    Destination Clock Delay (DCD):    1.928ns
    Source Clock Delay      (SCD):    1.567ns
    Clock Pessimism Removal (CPR):    0.342ns

    Location             Delay type                Incr(ns)  Path(ns)    Netlist Resource(s)
  -------------------------------------------------------------------    -------------------
                         (clock sys_clk_pin rise edge)
                                                      0.000     0.000 r  
    R2                                                0.000     0.000 r  clk (IN)
                         net (fo=0)                   0.000     0.000    clk
    R2                   IBUF (Prop_ibuf_I_O)         0.320     0.320 r  clk_IBUF_inst/O
                         net (fo=1, routed)           0.631     0.951    clk_IBUF
    BUFGCTRL_X0Y0        BUFG (Prop_bufg_I_O)         0.026     0.977 r  clk_IBUF_BUFG_inst/O
                         net (fo=54, routed)          0.591     1.567    debouncer_1/clk_IBUF_BUFG
    SLICE_X3Y13          FDRE                                         r  debouncer_1/q2_reg/C
  -------------------------------------------------------------------    -------------------
    SLICE_X3Y13          FDRE (Prop_fdre_C_Q)         0.141     1.708 r  debouncer_1/q2_reg/Q
                         net (fo=1, routed)           0.219     1.927    debouncer_1/resetn_clean
    SLICE_X2Y12          LUT1 (Prop_lut1_I0_O)        0.045     1.972 f  debouncer_1/FSM_sequential_state[1]_i_2/O
                         net (fo=56, routed)          0.288     2.260    clk_div_inst/clk_50hz_reg_0
    SLICE_X2Y8           FDCE                                         f  clk_div_inst/counter_1hz_reg[20]/CLR
  -------------------------------------------------------------------    -------------------

                         (clock sys_clk_pin rise edge)
                                                      0.000     0.000 r  
    R2                                                0.000     0.000 r  clk (IN)
                         net (fo=0)                   0.000     0.000    clk
    R2                   IBUF (Prop_ibuf_I_O)         0.350     0.350 r  clk_IBUF_inst/O
                         net (fo=1, routed)           0.685     1.035    clk_IBUF
    BUFGCTRL_X0Y0        BUFG (Prop_bufg_I_O)         0.029     1.064 r  clk_IBUF_BUFG_inst/O
                         net (fo=54, routed)          0.865     1.928    clk_div_inst/clk_IBUF_BUFG
    SLICE_X2Y8           FDCE                                         r  clk_div_inst/counter_1hz_reg[20]/C
                         clock pessimism             -0.342     1.586    
    SLICE_X2Y8           FDCE (Remov_fdce_C_CLR)     -0.067     1.519    clk_div_inst/counter_1hz_reg[20]
  -------------------------------------------------------------------
                         required time                         -1.519    
                         arrival time                           2.260    
  -------------------------------------------------------------------
                         slack                                  0.741    

Slack (MET) :             0.741ns  (arrival time - required time)
  Source:                 debouncer_1/q2_reg/C
                            (rising edge-triggered cell FDRE clocked by sys_clk_pin  {rise@0.000ns fall@5.000ns period=10.000ns})
  Destination:            clk_div_inst/counter_1hz_reg[21]/CLR
                            (removal check against rising-edge clock sys_clk_pin  {rise@0.000ns fall@5.000ns period=10.000ns})
  Path Group:             **async_default**
  Path Type:              Removal (Min at Fast Process Corner)
  Requirement:            0.000ns  (sys_clk_pin rise@0.000ns - sys_clk_pin rise@0.000ns)
  Data Path Delay:        0.693ns  (logic 0.186ns (26.836%)  route 0.507ns (73.164%))
  Logic Levels:           1  (LUT1=1)
  Clock Path Skew:        0.019ns (DCD - SCD - CPR)
    Destination Clock Delay (DCD):    1.928ns
    Source Clock Delay      (SCD):    1.567ns
    Clock Pessimism Removal (CPR):    0.342ns

    Location             Delay type                Incr(ns)  Path(ns)    Netlist Resource(s)
  -------------------------------------------------------------------    -------------------
                         (clock sys_clk_pin rise edge)
                                                      0.000     0.000 r  
    R2                                                0.000     0.000 r  clk (IN)
                         net (fo=0)                   0.000     0.000    clk
    R2                   IBUF (Prop_ibuf_I_O)         0.320     0.320 r  clk_IBUF_inst/O
                         net (fo=1, routed)           0.631     0.951    clk_IBUF
    BUFGCTRL_X0Y0        BUFG (Prop_bufg_I_O)         0.026     0.977 r  clk_IBUF_BUFG_inst/O
                         net (fo=54, routed)          0.591     1.567    debouncer_1/clk_IBUF_BUFG
    SLICE_X3Y13          FDRE                                         r  debouncer_1/q2_reg/C
  -------------------------------------------------------------------    -------------------
    SLICE_X3Y13          FDRE (Prop_fdre_C_Q)         0.141     1.708 r  debouncer_1/q2_reg/Q
                         net (fo=1, routed)           0.219     1.927    debouncer_1/resetn_clean
    SLICE_X2Y12          LUT1 (Prop_lut1_I0_O)        0.045     1.972 f  debouncer_1/FSM_sequential_state[1]_i_2/O
                         net (fo=56, routed)          0.288     2.260    clk_div_inst/clk_50hz_reg_0
    SLICE_X2Y8           FDCE                                         f  clk_div_inst/counter_1hz_reg[21]/CLR
  -------------------------------------------------------------------    -------------------

                         (clock sys_clk_pin rise edge)
                                                      0.000     0.000 r  
    R2                                                0.000     0.000 r  clk (IN)
                         net (fo=0)                   0.000     0.000    clk
    R2                   IBUF (Prop_ibuf_I_O)         0.350     0.350 r  clk_IBUF_inst/O
                         net (fo=1, routed)           0.685     1.035    clk_IBUF
    BUFGCTRL_X0Y0        BUFG (Prop_bufg_I_O)         0.029     1.064 r  clk_IBUF_BUFG_inst/O
                         net (fo=54, routed)          0.865     1.928    clk_div_inst/clk_IBUF_BUFG
    SLICE_X2Y8           FDCE                                         r  clk_div_inst/counter_1hz_reg[21]/C
                         clock pessimism             -0.342     1.586    
    SLICE_X2Y8           FDCE (Remov_fdce_C_CLR)     -0.067     1.519    clk_div_inst/counter_1hz_reg[21]
  -------------------------------------------------------------------
                         required time                         -1.519    
                         arrival time                           2.260    
  -------------------------------------------------------------------
                         slack                                  0.741    

Slack (MET) :             0.741ns  (arrival time - required time)
  Source:                 debouncer_1/q2_reg/C
                            (rising edge-triggered cell FDRE clocked by sys_clk_pin  {rise@0.000ns fall@5.000ns period=10.000ns})
  Destination:            clk_div_inst/counter_1hz_reg[22]/CLR
                            (removal check against rising-edge clock sys_clk_pin  {rise@0.000ns fall@5.000ns period=10.000ns})
  Path Group:             **async_default**
  Path Type:              Removal (Min at Fast Process Corner)
  Requirement:            0.000ns  (sys_clk_pin rise@0.000ns - sys_clk_pin rise@0.000ns)
  Data Path Delay:        0.693ns  (logic 0.186ns (26.836%)  route 0.507ns (73.164%))
  Logic Levels:           1  (LUT1=1)
  Clock Path Skew:        0.019ns (DCD - SCD - CPR)
    Destination Clock Delay (DCD):    1.928ns
    Source Clock Delay      (SCD):    1.567ns
    Clock Pessimism Removal (CPR):    0.342ns

    Location             Delay type                Incr(ns)  Path(ns)    Netlist Resource(s)
  -------------------------------------------------------------------    -------------------
                         (clock sys_clk_pin rise edge)
                                                      0.000     0.000 r  
    R2                                                0.000     0.000 r  clk (IN)
                         net (fo=0)                   0.000     0.000    clk
    R2                   IBUF (Prop_ibuf_I_O)         0.320     0.320 r  clk_IBUF_inst/O
                         net (fo=1, routed)           0.631     0.951    clk_IBUF
    BUFGCTRL_X0Y0        BUFG (Prop_bufg_I_O)         0.026     0.977 r  clk_IBUF_BUFG_inst/O
                         net (fo=54, routed)          0.591     1.567    debouncer_1/clk_IBUF_BUFG
    SLICE_X3Y13          FDRE                                         r  debouncer_1/q2_reg/C
  -------------------------------------------------------------------    -------------------
    SLICE_X3Y13          FDRE (Prop_fdre_C_Q)         0.141     1.708 r  debouncer_1/q2_reg/Q
                         net (fo=1, routed)           0.219     1.927    debouncer_1/resetn_clean
    SLICE_X2Y12          LUT1 (Prop_lut1_I0_O)        0.045     1.972 f  debouncer_1/FSM_sequential_state[1]_i_2/O
                         net (fo=56, routed)          0.288     2.260    clk_div_inst/clk_50hz_reg_0
    SLICE_X2Y8           FDCE                                         f  clk_div_inst/counter_1hz_reg[22]/CLR
  -------------------------------------------------------------------    -------------------

                         (clock sys_clk_pin rise edge)
                                                      0.000     0.000 r  
    R2                                                0.000     0.000 r  clk (IN)
                         net (fo=0)                   0.000     0.000    clk
    R2                   IBUF (Prop_ibuf_I_O)         0.350     0.350 r  clk_IBUF_inst/O
                         net (fo=1, routed)           0.685     1.035    clk_IBUF
    BUFGCTRL_X0Y0        BUFG (Prop_bufg_I_O)         0.029     1.064 r  clk_IBUF_BUFG_inst/O
                         net (fo=54, routed)          0.865     1.928    clk_div_inst/clk_IBUF_BUFG
    SLICE_X2Y8           FDCE                                         r  clk_div_inst/counter_1hz_reg[22]/C
                         clock pessimism             -0.342     1.586    
    SLICE_X2Y8           FDCE (Remov_fdce_C_CLR)     -0.067     1.519    clk_div_inst/counter_1hz_reg[22]
  -------------------------------------------------------------------
                         required time                         -1.519    
                         arrival time                           2.260    
  -------------------------------------------------------------------
                         slack                                  0.741    

Slack (MET) :             0.741ns  (arrival time - required time)
  Source:                 debouncer_1/q2_reg/C
                            (rising edge-triggered cell FDRE clocked by sys_clk_pin  {rise@0.000ns fall@5.000ns period=10.000ns})
  Destination:            clk_div_inst/counter_1hz_reg[23]/CLR
                            (removal check against rising-edge clock sys_clk_pin  {rise@0.000ns fall@5.000ns period=10.000ns})
  Path Group:             **async_default**
  Path Type:              Removal (Min at Fast Process Corner)
  Requirement:            0.000ns  (sys_clk_pin rise@0.000ns - sys_clk_pin rise@0.000ns)
  Data Path Delay:        0.693ns  (logic 0.186ns (26.836%)  route 0.507ns (73.164%))
  Logic Levels:           1  (LUT1=1)
  Clock Path Skew:        0.019ns (DCD - SCD - CPR)
    Destination Clock Delay (DCD):    1.928ns
    Source Clock Delay      (SCD):    1.567ns
    Clock Pessimism Removal (CPR):    0.342ns

    Location             Delay type                Incr(ns)  Path(ns)    Netlist Resource(s)
  -------------------------------------------------------------------    -------------------
                         (clock sys_clk_pin rise edge)
                                                      0.000     0.000 r  
    R2                                                0.000     0.000 r  clk (IN)
                         net (fo=0)                   0.000     0.000    clk
    R2                   IBUF (Prop_ibuf_I_O)         0.320     0.320 r  clk_IBUF_inst/O
                         net (fo=1, routed)           0.631     0.951    clk_IBUF
    BUFGCTRL_X0Y0        BUFG (Prop_bufg_I_O)         0.026     0.977 r  clk_IBUF_BUFG_inst/O
                         net (fo=54, routed)          0.591     1.567    debouncer_1/clk_IBUF_BUFG
    SLICE_X3Y13          FDRE                                         r  debouncer_1/q2_reg/C
  -------------------------------------------------------------------    -------------------
    SLICE_X3Y13          FDRE (Prop_fdre_C_Q)         0.141     1.708 r  debouncer_1/q2_reg/Q
                         net (fo=1, routed)           0.219     1.927    debouncer_1/resetn_clean
    SLICE_X2Y12          LUT1 (Prop_lut1_I0_O)        0.045     1.972 f  debouncer_1/FSM_sequential_state[1]_i_2/O
                         net (fo=56, routed)          0.288     2.260    clk_div_inst/clk_50hz_reg_0
    SLICE_X2Y8           FDCE                                         f  clk_div_inst/counter_1hz_reg[23]/CLR
  -------------------------------------------------------------------    -------------------

                         (clock sys_clk_pin rise edge)
                                                      0.000     0.000 r  
    R2                                                0.000     0.000 r  clk (IN)
                         net (fo=0)                   0.000     0.000    clk
    R2                   IBUF (Prop_ibuf_I_O)         0.350     0.350 r  clk_IBUF_inst/O
                         net (fo=1, routed)           0.685     1.035    clk_IBUF
    BUFGCTRL_X0Y0        BUFG (Prop_bufg_I_O)         0.029     1.064 r  clk_IBUF_BUFG_inst/O
                         net (fo=54, routed)          0.865     1.928    clk_div_inst/clk_IBUF_BUFG
    SLICE_X2Y8           FDCE                                         r  clk_div_inst/counter_1hz_reg[23]/C
                         clock pessimism             -0.342     1.586    
    SLICE_X2Y8           FDCE (Remov_fdce_C_CLR)     -0.067     1.519    clk_div_inst/counter_1hz_reg[23]
  -------------------------------------------------------------------
                         required time                         -1.519    
                         arrival time                           2.260    
  -------------------------------------------------------------------
                         slack                                  0.741    

Slack (MET) :             0.759ns  (arrival time - required time)
  Source:                 debouncer_1/q2_reg/C
                            (rising edge-triggered cell FDRE clocked by sys_clk_pin  {rise@0.000ns fall@5.000ns period=10.000ns})
  Destination:            clk_div_inst/clk_1hz_reg/CLR
                            (removal check against rising-edge clock sys_clk_pin  {rise@0.000ns fall@5.000ns period=10.000ns})
  Path Group:             **async_default**
  Path Type:              Removal (Min at Fast Process Corner)
  Requirement:            0.000ns  (sys_clk_pin rise@0.000ns - sys_clk_pin rise@0.000ns)
  Data Path Delay:        0.686ns  (logic 0.186ns (27.110%)  route 0.500ns (72.890%))
  Logic Levels:           1  (LUT1=1)
  Clock Path Skew:        0.019ns (DCD - SCD - CPR)
    Destination Clock Delay (DCD):    1.928ns
    Source Clock Delay      (SCD):    1.567ns
    Clock Pessimism Removal (CPR):    0.342ns

    Location             Delay type                Incr(ns)  Path(ns)    Netlist Resource(s)
  -------------------------------------------------------------------    -------------------
                         (clock sys_clk_pin rise edge)
                                                      0.000     0.000 r  
    R2                                                0.000     0.000 r  clk (IN)
                         net (fo=0)                   0.000     0.000    clk
    R2                   IBUF (Prop_ibuf_I_O)         0.320     0.320 r  clk_IBUF_inst/O
                         net (fo=1, routed)           0.631     0.951    clk_IBUF
    BUFGCTRL_X0Y0        BUFG (Prop_bufg_I_O)         0.026     0.977 r  clk_IBUF_BUFG_inst/O
                         net (fo=54, routed)          0.591     1.567    debouncer_1/clk_IBUF_BUFG
    SLICE_X3Y13          FDRE                                         r  debouncer_1/q2_reg/C
  -------------------------------------------------------------------    -------------------
    SLICE_X3Y13          FDRE (Prop_fdre_C_Q)         0.141     1.708 r  debouncer_1/q2_reg/Q
                         net (fo=1, routed)           0.219     1.927    debouncer_1/resetn_clean
    SLICE_X2Y12          LUT1 (Prop_lut1_I0_O)        0.045     1.972 f  debouncer_1/FSM_sequential_state[1]_i_2/O
                         net (fo=56, routed)          0.281     2.253    clk_div_inst/clk_50hz_reg_0
    SLICE_X3Y9           FDCE                                         f  clk_div_inst/clk_1hz_reg/CLR
  -------------------------------------------------------------------    -------------------

                         (clock sys_clk_pin rise edge)
                                                      0.000     0.000 r  
    R2                                                0.000     0.000 r  clk (IN)
                         net (fo=0)                   0.000     0.000    clk
    R2                   IBUF (Prop_ibuf_I_O)         0.350     0.350 r  clk_IBUF_inst/O
                         net (fo=1, routed)           0.685     1.035    clk_IBUF
    BUFGCTRL_X0Y0        BUFG (Prop_bufg_I_O)         0.029     1.064 r  clk_IBUF_BUFG_inst/O
                         net (fo=54, routed)          0.865     1.928    clk_div_inst/clk_IBUF_BUFG
    SLICE_X3Y9           FDCE                                         r  clk_div_inst/clk_1hz_reg/C
                         clock pessimism             -0.342     1.586    
    SLICE_X3Y9           FDCE (Remov_fdce_C_CLR)     -0.092     1.494    clk_div_inst/clk_1hz_reg
  -------------------------------------------------------------------
                         required time                         -1.494    
                         arrival time                           2.253    
  -------------------------------------------------------------------
                         slack                                  0.759    

Slack (MET) :             0.766ns  (arrival time - required time)
  Source:                 debouncer_1/q2_reg/C
                            (rising edge-triggered cell FDRE clocked by sys_clk_pin  {rise@0.000ns fall@5.000ns period=10.000ns})
  Destination:            clk_div_inst/clk_50hz_reg/CLR
                            (removal check against rising-edge clock sys_clk_pin  {rise@0.000ns fall@5.000ns period=10.000ns})
  Path Group:             **async_default**
  Path Type:              Removal (Min at Fast Process Corner)
  Requirement:            0.000ns  (sys_clk_pin rise@0.000ns - sys_clk_pin rise@0.000ns)
  Data Path Delay:        0.693ns  (logic 0.186ns (26.836%)  route 0.507ns (73.164%))
  Logic Levels:           1  (LUT1=1)
  Clock Path Skew:        0.019ns (DCD - SCD - CPR)
    Destination Clock Delay (DCD):    1.928ns
    Source Clock Delay      (SCD):    1.567ns
    Clock Pessimism Removal (CPR):    0.342ns

    Location             Delay type                Incr(ns)  Path(ns)    Netlist Resource(s)
  -------------------------------------------------------------------    -------------------
                         (clock sys_clk_pin rise edge)
                                                      0.000     0.000 r  
    R2                                                0.000     0.000 r  clk (IN)
                         net (fo=0)                   0.000     0.000    clk
    R2                   IBUF (Prop_ibuf_I_O)         0.320     0.320 r  clk_IBUF_inst/O
                         net (fo=1, routed)           0.631     0.951    clk_IBUF
    BUFGCTRL_X0Y0        BUFG (Prop_bufg_I_O)         0.026     0.977 r  clk_IBUF_BUFG_inst/O
                         net (fo=54, routed)          0.591     1.567    debouncer_1/clk_IBUF_BUFG
    SLICE_X3Y13          FDRE                                         r  debouncer_1/q2_reg/C
  -------------------------------------------------------------------    -------------------
    SLICE_X3Y13          FDRE (Prop_fdre_C_Q)         0.141     1.708 r  debouncer_1/q2_reg/Q
                         net (fo=1, routed)           0.219     1.927    debouncer_1/resetn_clean
    SLICE_X2Y12          LUT1 (Prop_lut1_I0_O)        0.045     1.972 f  debouncer_1/FSM_sequential_state[1]_i_2/O
                         net (fo=56, routed)          0.288     2.260    clk_div_inst/clk_50hz_reg_0
    SLICE_X3Y8           FDCE                                         f  clk_div_inst/clk_50hz_reg/CLR
  -------------------------------------------------------------------    -------------------

                         (clock sys_clk_pin rise edge)
                                                      0.000     0.000 r  
    R2                                                0.000     0.000 r  clk (IN)
                         net (fo=0)                   0.000     0.000    clk
    R2                   IBUF (Prop_ibuf_I_O)         0.350     0.350 r  clk_IBUF_inst/O
                         net (fo=1, routed)           0.685     1.035    clk_IBUF
    BUFGCTRL_X0Y0        BUFG (Prop_bufg_I_O)         0.029     1.064 r  clk_IBUF_BUFG_inst/O
                         net (fo=54, routed)          0.865     1.928    clk_div_inst/clk_IBUF_BUFG
    SLICE_X3Y8           FDCE                                         r  clk_div_inst/clk_50hz_reg/C
                         clock pessimism             -0.342     1.586    
    SLICE_X3Y8           FDCE (Remov_fdce_C_CLR)     -0.092     1.494    clk_div_inst/clk_50hz_reg
  -------------------------------------------------------------------
                         required time                         -1.494    
                         arrival time                           2.260    
  -------------------------------------------------------------------
                         slack                                  0.766    

Slack (MET) :             0.812ns  (arrival time - required time)
  Source:                 debouncer_1/q2_reg/C
                            (rising edge-triggered cell FDRE clocked by sys_clk_pin  {rise@0.000ns fall@5.000ns period=10.000ns})
  Destination:            clk_div_inst/counter_1hz_reg[16]/CLR
                            (removal check against rising-edge clock sys_clk_pin  {rise@0.000ns fall@5.000ns period=10.000ns})
  Path Group:             **async_default**
  Path Type:              Removal (Min at Fast Process Corner)
  Requirement:            0.000ns  (sys_clk_pin rise@0.000ns - sys_clk_pin rise@0.000ns)
  Data Path Delay:        0.764ns  (logic 0.186ns (24.335%)  route 0.578ns (75.665%))
  Logic Levels:           1  (LUT1=1)
  Clock Path Skew:        0.019ns (DCD - SCD - CPR)
    Destination Clock Delay (DCD):    1.928ns
    Source Clock Delay      (SCD):    1.567ns
    Clock Pessimism Removal (CPR):    0.342ns

    Location             Delay type                Incr(ns)  Path(ns)    Netlist Resource(s)
  -------------------------------------------------------------------    -------------------
                         (clock sys_clk_pin rise edge)
                                                      0.000     0.000 r  
    R2                                                0.000     0.000 r  clk (IN)
                         net (fo=0)                   0.000     0.000    clk
    R2                   IBUF (Prop_ibuf_I_O)         0.320     0.320 r  clk_IBUF_inst/O
                         net (fo=1, routed)           0.631     0.951    clk_IBUF
    BUFGCTRL_X0Y0        BUFG (Prop_bufg_I_O)         0.026     0.977 r  clk_IBUF_BUFG_inst/O
                         net (fo=54, routed)          0.591     1.567    debouncer_1/clk_IBUF_BUFG
    SLICE_X3Y13          FDRE                                         r  debouncer_1/q2_reg/C
  -------------------------------------------------------------------    -------------------
    SLICE_X3Y13          FDRE (Prop_fdre_C_Q)         0.141     1.708 r  debouncer_1/q2_reg/Q
                         net (fo=1, routed)           0.219     1.927    debouncer_1/resetn_clean
    SLICE_X2Y12          LUT1 (Prop_lut1_I0_O)        0.045     1.972 f  debouncer_1/FSM_sequential_state[1]_i_2/O
                         net (fo=56, routed)          0.359     2.332    clk_div_inst/clk_50hz_reg_0
    SLICE_X2Y7           FDCE                                         f  clk_div_inst/counter_1hz_reg[16]/CLR
  -------------------------------------------------------------------    -------------------

                         (clock sys_clk_pin rise edge)
                                                      0.000     0.000 r  
    R2                                                0.000     0.000 r  clk (IN)
                         net (fo=0)                   0.000     0.000    clk
    R2                   IBUF (Prop_ibuf_I_O)         0.350     0.350 r  clk_IBUF_inst/O
                         net (fo=1, routed)           0.685     1.035    clk_IBUF
    BUFGCTRL_X0Y0        BUFG (Prop_bufg_I_O)         0.029     1.064 r  clk_IBUF_BUFG_inst/O
                         net (fo=54, routed)          0.865     1.928    clk_div_inst/clk_IBUF_BUFG
    SLICE_X2Y7           FDCE                                         r  clk_div_inst/counter_1hz_reg[16]/C
                         clock pessimism             -0.342     1.586    
    SLICE_X2Y7           FDCE (Remov_fdce_C_CLR)     -0.067     1.519    clk_div_inst/counter_1hz_reg[16]
  -------------------------------------------------------------------
                         required time                         -1.519    
                         arrival time                           2.332    
  -------------------------------------------------------------------
                         slack                                  0.812    

Slack (MET) :             0.812ns  (arrival time - required time)
  Source:                 debouncer_1/q2_reg/C
                            (rising edge-triggered cell FDRE clocked by sys_clk_pin  {rise@0.000ns fall@5.000ns period=10.000ns})
  Destination:            clk_div_inst/counter_1hz_reg[17]/CLR
                            (removal check against rising-edge clock sys_clk_pin  {rise@0.000ns fall@5.000ns period=10.000ns})
  Path Group:             **async_default**
  Path Type:              Removal (Min at Fast Process Corner)
  Requirement:            0.000ns  (sys_clk_pin rise@0.000ns - sys_clk_pin rise@0.000ns)
  Data Path Delay:        0.764ns  (logic 0.186ns (24.335%)  route 0.578ns (75.665%))
  Logic Levels:           1  (LUT1=1)
  Clock Path Skew:        0.019ns (DCD - SCD - CPR)
    Destination Clock Delay (DCD):    1.928ns
    Source Clock Delay      (SCD):    1.567ns
    Clock Pessimism Removal (CPR):    0.342ns

    Location             Delay type                Incr(ns)  Path(ns)    Netlist Resource(s)
  -------------------------------------------------------------------    -------------------
                         (clock sys_clk_pin rise edge)
                                                      0.000     0.000 r  
    R2                                                0.000     0.000 r  clk (IN)
                         net (fo=0)                   0.000     0.000    clk
    R2                   IBUF (Prop_ibuf_I_O)         0.320     0.320 r  clk_IBUF_inst/O
                         net (fo=1, routed)           0.631     0.951    clk_IBUF
    BUFGCTRL_X0Y0        BUFG (Prop_bufg_I_O)         0.026     0.977 r  clk_IBUF_BUFG_inst/O
                         net (fo=54, routed)          0.591     1.567    debouncer_1/clk_IBUF_BUFG
    SLICE_X3Y13          FDRE                                         r  debouncer_1/q2_reg/C
  -------------------------------------------------------------------    -------------------
    SLICE_X3Y13          FDRE (Prop_fdre_C_Q)         0.141     1.708 r  debouncer_1/q2_reg/Q
                         net (fo=1, routed)           0.219     1.927    debouncer_1/resetn_clean
    SLICE_X2Y12          LUT1 (Prop_lut1_I0_O)        0.045     1.972 f  debouncer_1/FSM_sequential_state[1]_i_2/O
                         net (fo=56, routed)          0.359     2.332    clk_div_inst/clk_50hz_reg_0
    SLICE_X2Y7           FDCE                                         f  clk_div_inst/counter_1hz_reg[17]/CLR
  -------------------------------------------------------------------    -------------------

                         (clock sys_clk_pin rise edge)
                                                      0.000     0.000 r  
    R2                                                0.000     0.000 r  clk (IN)
                         net (fo=0)                   0.000     0.000    clk
    R2                   IBUF (Prop_ibuf_I_O)         0.350     0.350 r  clk_IBUF_inst/O
                         net (fo=1, routed)           0.685     1.035    clk_IBUF
    BUFGCTRL_X0Y0        BUFG (Prop_bufg_I_O)         0.029     1.064 r  clk_IBUF_BUFG_inst/O
                         net (fo=54, routed)          0.865     1.928    clk_div_inst/clk_IBUF_BUFG
    SLICE_X2Y7           FDCE                                         r  clk_div_inst/counter_1hz_reg[17]/C
                         clock pessimism             -0.342     1.586    
    SLICE_X2Y7           FDCE (Remov_fdce_C_CLR)     -0.067     1.519    clk_div_inst/counter_1hz_reg[17]
  -------------------------------------------------------------------
                         required time                         -1.519    
                         arrival time                           2.332    
  -------------------------------------------------------------------
                         slack                                  0.812    





