Copyright 1986-2021 Xilinx, Inc. All Rights Reserved.
--------------------------------------------------------------------------------------------------------------------------------------------------------------------------------------------------------------------
| Tool Version : Vivado v.2021.1 (win64) Build 3247384 Thu Jun 10 19:36:33 MDT 2021
| Date         : Thu Mar 20 01:26:02 2025
| Host         : MinsungKim running 64-bit major release  (build 9200)
| Command      : report_timing_summary -max_paths 10 -file fsm_counter_top_timing_summary_routed.rpt -pb fsm_counter_top_timing_summary_routed.pb -rpx fsm_counter_top_timing_summary_routed.rpx -warn_on_violation
| Design       : fsm_counter_top
| Device       : 7s50-csga324
| Speed File   : -1  PRODUCTION 1.23 2018-06-13
--------------------------------------------------------------------------------------------------------------------------------------------------------------------------------------------------------------------

Timing Summary Report

------------------------------------------------------------------------------------------------
| Timer Settings
| --------------
------------------------------------------------------------------------------------------------

  Enable Multi Corner Analysis               :  Yes
  Enable Pessimism Removal                   :  Yes
  Pessimism Removal Resolution               :  Nearest Common Node
  Enable Input Delay Default Clock           :  No
  Enable Preset / Clear Arcs                 :  No
  Disable Flight Delays                      :  No
  Ignore I/O Paths                           :  No
  Timing Early Launch at Borrowing Latches   :  No
  Borrow Time for Max Delay Exceptions       :  Yes
  Merge Timing Exceptions                    :  Yes

  Corner  Analyze    Analyze    
  Name    Max Paths  Min Paths  
  ------  ---------  ---------  
  Slow    Yes        Yes        
  Fast    Yes        Yes        


------------------------------------------------------------------------------------------------
| Report Methodology
| ------------------
------------------------------------------------------------------------------------------------

Rule       Severity          Description                    Violations  
---------  ----------------  -----------------------------  ----------  
TIMING-17  Critical Warning  Non-clocked sequential cell    4           
TIMING-18  Warning           Missing input or output delay  13          

Note: This report is based on the most recent report_methodology run and may not be up-to-date. Run report_methodology on the current design for the latest report.



check_timing report

Table of Contents
-----------------
1. checking no_clock (4)
2. checking constant_clock (0)
3. checking pulse_width_clock (0)
4. checking unconstrained_internal_endpoints (12)
5. checking no_input_delay (3)
6. checking no_output_delay (10)
7. checking multiple_clock (0)
8. checking generated_clocks (0)
9. checking loops (0)
10. checking partial_input_delay (0)
11. checking partial_output_delay (0)
12. checking latch_loops (0)

1. checking no_clock (4)
------------------------
 There are 4 register/latch pins with no clock driven by root clock pin: clk_div_inst/clk_1hz_reg/Q (HIGH)


2. checking constant_clock (0)
------------------------------
 There are 0 register/latch pins with constant_clock.


3. checking pulse_width_clock (0)
---------------------------------
 There are 0 register/latch pins which need pulse_width check


4. checking unconstrained_internal_endpoints (12)
-------------------------------------------------
 There are 12 pins that are not constrained for maximum delay. (HIGH)

 There are 0 pins that are not constrained for maximum delay due to constant clock.


5. checking no_input_delay (3)
------------------------------
 There are 3 input ports with no input delay specified. (HIGH)

 There are 0 input ports with no input delay but user has a false path constraint.


6. checking no_output_delay (10)
--------------------------------
 There are 10 ports with no output delay specified. (HIGH)

 There are 0 ports with no output delay but user has a false path constraint

 There are 0 ports with no output delay but with a timing clock defined on it or propagating through it


7. checking multiple_clock (0)
------------------------------
 There are 0 register/latch pins with multiple clocks.


8. checking generated_clocks (0)
--------------------------------
 There are 0 generated clocks that are not connected to a clock source.


9. checking loops (0)
---------------------
 There are 0 combinational loops in the design.


10. checking partial_input_delay (0)
------------------------------------
 There are 0 input ports with partial input delay specified.


11. checking partial_output_delay (0)
-------------------------------------
 There are 0 ports with partial output delay specified.


12. checking latch_loops (0)
----------------------------
 There are 0 combinational latch loops in the design through latch input



------------------------------------------------------------------------------------------------
| Design Timing Summary
| ---------------------
------------------------------------------------------------------------------------------------

    WNS(ns)      TNS(ns)  TNS Failing Endpoints  TNS Total Endpoints      WHS(ns)      THS(ns)  THS Failing Endpoints  THS Total Endpoints     WPWS(ns)     TPWS(ns)  TPWS Failing Endpoints  TPWS Total Endpoints  
    -------      -------  ---------------------  -------------------      -------      -------  ---------------------  -------------------     --------     --------  ----------------------  --------------------  
      5.291        0.000                      0                  107        0.216        0.000                      0                  107        4.500        0.000                       0                    59  


All user specified timing constraints are met.


------------------------------------------------------------------------------------------------
| Clock Summary
| -------------
------------------------------------------------------------------------------------------------

Clock        Waveform(ns)       Period(ns)      Frequency(MHz)
-----        ------------       ----------      --------------
sys_clk_pin  {0.000 5.000}      10.000          100.000         


------------------------------------------------------------------------------------------------
| Intra Clock Table
| -----------------
------------------------------------------------------------------------------------------------

Clock             WNS(ns)      TNS(ns)  TNS Failing Endpoints  TNS Total Endpoints      WHS(ns)      THS(ns)  THS Failing Endpoints  THS Total Endpoints     WPWS(ns)     TPWS(ns)  TPWS Failing Endpoints  TPWS Total Endpoints  
-----             -------      -------  ---------------------  -------------------      -------      -------  ---------------------  -------------------     --------     --------  ----------------------  --------------------  
sys_clk_pin         5.291        0.000                      0                   55        0.216        0.000                      0                   55        4.500        0.000                       0                    59  


------------------------------------------------------------------------------------------------
| Inter Clock Table
| -----------------
------------------------------------------------------------------------------------------------

From Clock    To Clock          WNS(ns)      TNS(ns)  TNS Failing Endpoints  TNS Total Endpoints      WHS(ns)      THS(ns)  THS Failing Endpoints  THS Total Endpoints  
----------    --------          -------      -------  ---------------------  -------------------      -------      -------  ---------------------  -------------------  


------------------------------------------------------------------------------------------------
| Other Path Groups Table
| -----------------------
------------------------------------------------------------------------------------------------

Path Group         From Clock         To Clock               WNS(ns)      TNS(ns)  TNS Failing Endpoints  TNS Total Endpoints      WHS(ns)      THS(ns)  THS Failing Endpoints  THS Total Endpoints  
----------         ----------         --------               -------      -------  ---------------------  -------------------      -------      -------  ---------------------  -------------------  
**async_default**  sys_clk_pin        sys_clk_pin              6.827        0.000                      0                   52        0.608        0.000                      0                   52  


------------------------------------------------------------------------------------------------
| Timing Details
| --------------
------------------------------------------------------------------------------------------------


---------------------------------------------------------------------------------------------------
From Clock:  sys_clk_pin
  To Clock:  sys_clk_pin

Setup :            0  Failing Endpoints,  Worst Slack        5.291ns,  Total Violation        0.000ns
Hold  :            0  Failing Endpoints,  Worst Slack        0.216ns,  Total Violation        0.000ns
PW    :            0  Failing Endpoints,  Worst Slack        4.500ns,  Total Violation        0.000ns
---------------------------------------------------------------------------------------------------


Max Delay Paths
--------------------------------------------------------------------------------------
Slack (MET) :             5.291ns  (required time - arrival time)
  Source:                 clk_div_inst/counter_1hz_reg[14]/C
                            (rising edge-triggered cell FDCE clocked by sys_clk_pin  {rise@0.000ns fall@5.000ns period=10.000ns})
  Destination:            clk_div_inst/counter_1hz_reg[25]/D
                            (rising edge-triggered cell FDCE clocked by sys_clk_pin  {rise@0.000ns fall@5.000ns period=10.000ns})
  Path Group:             sys_clk_pin
  Path Type:              Setup (Max at Slow Process Corner)
  Requirement:            10.000ns  (sys_clk_pin rise@10.000ns - sys_clk_pin rise@0.000ns)
  Data Path Delay:        4.756ns  (logic 2.348ns (49.366%)  route 2.408ns (50.634%))
  Logic Levels:           10  (CARRY4=7 LUT4=1 LUT6=2)
  Clock Path Skew:        -0.026ns (DCD - SCD + CPR)
    Destination Clock Delay (DCD):    4.286ns = ( 14.286 - 10.000 ) 
    Source Clock Delay      (SCD):    4.555ns
    Clock Pessimism Removal (CPR):    0.244ns
  Clock Uncertainty:      0.035ns  ((TSJ^2 + TIJ^2)^1/2 + DJ) / 2 + PE
    Total System Jitter     (TSJ):    0.071ns
    Total Input Jitter      (TIJ):    0.000ns
    Discrete Jitter          (DJ):    0.000ns
    Phase Error              (PE):    0.000ns

    Location             Delay type                Incr(ns)  Path(ns)    Netlist Resource(s)
  -------------------------------------------------------------------    -------------------
                         (clock sys_clk_pin rise edge)
                                                      0.000     0.000 r  
    R2                                                0.000     0.000 r  clk (IN)
                         net (fo=0)                   0.000     0.000    clk
    R2                   IBUF (Prop_ibuf_I_O)         0.854     0.854 r  clk_IBUF_inst/O
                         net (fo=1, routed)           1.967     2.821    clk_IBUF
    BUFGCTRL_X0Y0        BUFG (Prop_bufg_I_O)         0.096     2.917 r  clk_IBUF_BUFG_inst/O
                         net (fo=58, routed)          1.638     4.555    clk_div_inst/clk_IBUF_BUFG
    SLICE_X2Y5           FDCE                                         r  clk_div_inst/counter_1hz_reg[14]/C
  -------------------------------------------------------------------    -------------------
    SLICE_X2Y5           FDCE (Prop_fdce_C_Q)         0.518     5.073 f  clk_div_inst/counter_1hz_reg[14]/Q
                         net (fo=2, routed)           0.816     5.889    clk_div_inst/counter_1hz_reg[14]
    SLICE_X4Y5           LUT4 (Prop_lut4_I1_O)        0.124     6.013 r  clk_div_inst/clk_1hz_i_4/O
                         net (fo=1, routed)           0.797     6.810    clk_div_inst/clk_1hz_i_4_n_0
    SLICE_X4Y4           LUT6 (Prop_lut6_I2_O)        0.124     6.934 f  clk_div_inst/clk_1hz_i_2/O
                         net (fo=26, routed)          0.457     7.391    clk_div_inst/clk_1hz_i_2_n_0
    SLICE_X4Y2           LUT6 (Prop_lut6_I2_O)        0.124     7.515 r  clk_div_inst/counter_1hz[0]_i_2/O
                         net (fo=1, routed)           0.338     7.854    clk_div_inst/counter_1hz[0]_i_2_n_0
    SLICE_X2Y2           CARRY4 (Prop_carry4_DI[0]_CO[3])
                                                      0.550     8.404 r  clk_div_inst/counter_1hz_reg[0]_i_1/CO[3]
                         net (fo=1, routed)           0.000     8.404    clk_div_inst/counter_1hz_reg[0]_i_1_n_0
    SLICE_X2Y3           CARRY4 (Prop_carry4_CI_CO[3])
                                                      0.117     8.521 r  clk_div_inst/counter_1hz_reg[4]_i_1/CO[3]
                         net (fo=1, routed)           0.000     8.521    clk_div_inst/counter_1hz_reg[4]_i_1_n_0
    SLICE_X2Y4           CARRY4 (Prop_carry4_CI_CO[3])
                                                      0.117     8.638 r  clk_div_inst/counter_1hz_reg[8]_i_1/CO[3]
                         net (fo=1, routed)           0.000     8.638    clk_div_inst/counter_1hz_reg[8]_i_1_n_0
    SLICE_X2Y5           CARRY4 (Prop_carry4_CI_CO[3])
                                                      0.117     8.755 r  clk_div_inst/counter_1hz_reg[12]_i_1/CO[3]
                         net (fo=1, routed)           0.000     8.755    clk_div_inst/counter_1hz_reg[12]_i_1_n_0
    SLICE_X2Y6           CARRY4 (Prop_carry4_CI_CO[3])
                                                      0.117     8.872 r  clk_div_inst/counter_1hz_reg[16]_i_1/CO[3]
                         net (fo=1, routed)           0.000     8.872    clk_div_inst/counter_1hz_reg[16]_i_1_n_0
    SLICE_X2Y7           CARRY4 (Prop_carry4_CI_CO[3])
                                                      0.117     8.989 r  clk_div_inst/counter_1hz_reg[20]_i_1/CO[3]
                         net (fo=1, routed)           0.000     8.989    clk_div_inst/counter_1hz_reg[20]_i_1_n_0
    SLICE_X2Y8           CARRY4 (Prop_carry4_CI_O[1])
                                                      0.323     9.312 r  clk_div_inst/counter_1hz_reg[24]_i_1/O[1]
                         net (fo=1, routed)           0.000     9.312    clk_div_inst/counter_1hz_reg[24]_i_1_n_6
    SLICE_X2Y8           FDCE                                         r  clk_div_inst/counter_1hz_reg[25]/D
  -------------------------------------------------------------------    -------------------

                         (clock sys_clk_pin rise edge)
                                                     10.000    10.000 r  
    R2                                                0.000    10.000 r  clk (IN)
                         net (fo=0)                   0.000    10.000    clk
    R2                   IBUF (Prop_ibuf_I_O)         0.814    10.814 r  clk_IBUF_inst/O
                         net (fo=1, routed)           1.862    12.676    clk_IBUF
    BUFGCTRL_X0Y0        BUFG (Prop_bufg_I_O)         0.091    12.767 r  clk_IBUF_BUFG_inst/O
                         net (fo=58, routed)          1.518    14.286    clk_div_inst/clk_IBUF_BUFG
    SLICE_X2Y8           FDCE                                         r  clk_div_inst/counter_1hz_reg[25]/C
                         clock pessimism              0.244    14.529    
                         clock uncertainty           -0.035    14.494    
    SLICE_X2Y8           FDCE (Setup_fdce_C_D)        0.109    14.603    clk_div_inst/counter_1hz_reg[25]
  -------------------------------------------------------------------
                         required time                         14.603    
                         arrival time                          -9.312    
  -------------------------------------------------------------------
                         slack                                  5.291    

Slack (MET) :             5.395ns  (required time - arrival time)
  Source:                 clk_div_inst/counter_1hz_reg[14]/C
                            (rising edge-triggered cell FDCE clocked by sys_clk_pin  {rise@0.000ns fall@5.000ns period=10.000ns})
  Destination:            clk_div_inst/counter_1hz_reg[24]/D
                            (rising edge-triggered cell FDCE clocked by sys_clk_pin  {rise@0.000ns fall@5.000ns period=10.000ns})
  Path Group:             sys_clk_pin
  Path Type:              Setup (Max at Slow Process Corner)
  Requirement:            10.000ns  (sys_clk_pin rise@10.000ns - sys_clk_pin rise@0.000ns)
  Data Path Delay:        4.652ns  (logic 2.244ns (48.234%)  route 2.408ns (51.766%))
  Logic Levels:           10  (CARRY4=7 LUT4=1 LUT6=2)
  Clock Path Skew:        -0.026ns (DCD - SCD + CPR)
    Destination Clock Delay (DCD):    4.286ns = ( 14.286 - 10.000 ) 
    Source Clock Delay      (SCD):    4.555ns
    Clock Pessimism Removal (CPR):    0.244ns
  Clock Uncertainty:      0.035ns  ((TSJ^2 + TIJ^2)^1/2 + DJ) / 2 + PE
    Total System Jitter     (TSJ):    0.071ns
    Total Input Jitter      (TIJ):    0.000ns
    Discrete Jitter          (DJ):    0.000ns
    Phase Error              (PE):    0.000ns

    Location             Delay type                Incr(ns)  Path(ns)    Netlist Resource(s)
  -------------------------------------------------------------------    -------------------
                         (clock sys_clk_pin rise edge)
                                                      0.000     0.000 r  
    R2                                                0.000     0.000 r  clk (IN)
                         net (fo=0)                   0.000     0.000    clk
    R2                   IBUF (Prop_ibuf_I_O)         0.854     0.854 r  clk_IBUF_inst/O
                         net (fo=1, routed)           1.967     2.821    clk_IBUF
    BUFGCTRL_X0Y0        BUFG (Prop_bufg_I_O)         0.096     2.917 r  clk_IBUF_BUFG_inst/O
                         net (fo=58, routed)          1.638     4.555    clk_div_inst/clk_IBUF_BUFG
    SLICE_X2Y5           FDCE                                         r  clk_div_inst/counter_1hz_reg[14]/C
  -------------------------------------------------------------------    -------------------
    SLICE_X2Y5           FDCE (Prop_fdce_C_Q)         0.518     5.073 f  clk_div_inst/counter_1hz_reg[14]/Q
                         net (fo=2, routed)           0.816     5.889    clk_div_inst/counter_1hz_reg[14]
    SLICE_X4Y5           LUT4 (Prop_lut4_I1_O)        0.124     6.013 r  clk_div_inst/clk_1hz_i_4/O
                         net (fo=1, routed)           0.797     6.810    clk_div_inst/clk_1hz_i_4_n_0
    SLICE_X4Y4           LUT6 (Prop_lut6_I2_O)        0.124     6.934 f  clk_div_inst/clk_1hz_i_2/O
                         net (fo=26, routed)          0.457     7.391    clk_div_inst/clk_1hz_i_2_n_0
    SLICE_X4Y2           LUT6 (Prop_lut6_I2_O)        0.124     7.515 r  clk_div_inst/counter_1hz[0]_i_2/O
                         net (fo=1, routed)           0.338     7.854    clk_div_inst/counter_1hz[0]_i_2_n_0
    SLICE_X2Y2           CARRY4 (Prop_carry4_DI[0]_CO[3])
                                                      0.550     8.404 r  clk_div_inst/counter_1hz_reg[0]_i_1/CO[3]
                         net (fo=1, routed)           0.000     8.404    clk_div_inst/counter_1hz_reg[0]_i_1_n_0
    SLICE_X2Y3           CARRY4 (Prop_carry4_CI_CO[3])
                                                      0.117     8.521 r  clk_div_inst/counter_1hz_reg[4]_i_1/CO[3]
                         net (fo=1, routed)           0.000     8.521    clk_div_inst/counter_1hz_reg[4]_i_1_n_0
    SLICE_X2Y4           CARRY4 (Prop_carry4_CI_CO[3])
                                                      0.117     8.638 r  clk_div_inst/counter_1hz_reg[8]_i_1/CO[3]
                         net (fo=1, routed)           0.000     8.638    clk_div_inst/counter_1hz_reg[8]_i_1_n_0
    SLICE_X2Y5           CARRY4 (Prop_carry4_CI_CO[3])
                                                      0.117     8.755 r  clk_div_inst/counter_1hz_reg[12]_i_1/CO[3]
                         net (fo=1, routed)           0.000     8.755    clk_div_inst/counter_1hz_reg[12]_i_1_n_0
    SLICE_X2Y6           CARRY4 (Prop_carry4_CI_CO[3])
                                                      0.117     8.872 r  clk_div_inst/counter_1hz_reg[16]_i_1/CO[3]
                         net (fo=1, routed)           0.000     8.872    clk_div_inst/counter_1hz_reg[16]_i_1_n_0
    SLICE_X2Y7           CARRY4 (Prop_carry4_CI_CO[3])
                                                      0.117     8.989 r  clk_div_inst/counter_1hz_reg[20]_i_1/CO[3]
                         net (fo=1, routed)           0.000     8.989    clk_div_inst/counter_1hz_reg[20]_i_1_n_0
    SLICE_X2Y8           CARRY4 (Prop_carry4_CI_O[0])
                                                      0.219     9.208 r  clk_div_inst/counter_1hz_reg[24]_i_1/O[0]
                         net (fo=1, routed)           0.000     9.208    clk_div_inst/counter_1hz_reg[24]_i_1_n_7
    SLICE_X2Y8           FDCE                                         r  clk_div_inst/counter_1hz_reg[24]/D
  -------------------------------------------------------------------    -------------------

                         (clock sys_clk_pin rise edge)
                                                     10.000    10.000 r  
    R2                                                0.000    10.000 r  clk (IN)
                         net (fo=0)                   0.000    10.000    clk
    R2                   IBUF (Prop_ibuf_I_O)         0.814    10.814 r  clk_IBUF_inst/O
                         net (fo=1, routed)           1.862    12.676    clk_IBUF
    BUFGCTRL_X0Y0        BUFG (Prop_bufg_I_O)         0.091    12.767 r  clk_IBUF_BUFG_inst/O
                         net (fo=58, routed)          1.518    14.286    clk_div_inst/clk_IBUF_BUFG
    SLICE_X2Y8           FDCE                                         r  clk_div_inst/counter_1hz_reg[24]/C
                         clock pessimism              0.244    14.529    
                         clock uncertainty           -0.035    14.494    
    SLICE_X2Y8           FDCE (Setup_fdce_C_D)        0.109    14.603    clk_div_inst/counter_1hz_reg[24]
  -------------------------------------------------------------------
                         required time                         14.603    
                         arrival time                          -9.208    
  -------------------------------------------------------------------
                         slack                                  5.395    

Slack (MET) :             5.408ns  (required time - arrival time)
  Source:                 clk_div_inst/counter_1hz_reg[14]/C
                            (rising edge-triggered cell FDCE clocked by sys_clk_pin  {rise@0.000ns fall@5.000ns period=10.000ns})
  Destination:            clk_div_inst/counter_1hz_reg[21]/D
                            (rising edge-triggered cell FDCE clocked by sys_clk_pin  {rise@0.000ns fall@5.000ns period=10.000ns})
  Path Group:             sys_clk_pin
  Path Type:              Setup (Max at Slow Process Corner)
  Requirement:            10.000ns  (sys_clk_pin rise@10.000ns - sys_clk_pin rise@0.000ns)
  Data Path Delay:        4.639ns  (logic 2.231ns (48.089%)  route 2.408ns (51.911%))
  Logic Levels:           9  (CARRY4=6 LUT4=1 LUT6=2)
  Clock Path Skew:        -0.026ns (DCD - SCD + CPR)
    Destination Clock Delay (DCD):    4.286ns = ( 14.286 - 10.000 ) 
    Source Clock Delay      (SCD):    4.555ns
    Clock Pessimism Removal (CPR):    0.244ns
  Clock Uncertainty:      0.035ns  ((TSJ^2 + TIJ^2)^1/2 + DJ) / 2 + PE
    Total System Jitter     (TSJ):    0.071ns
    Total Input Jitter      (TIJ):    0.000ns
    Discrete Jitter          (DJ):    0.000ns
    Phase Error              (PE):    0.000ns

    Location             Delay type                Incr(ns)  Path(ns)    Netlist Resource(s)
  -------------------------------------------------------------------    -------------------
                         (clock sys_clk_pin rise edge)
                                                      0.000     0.000 r  
    R2                                                0.000     0.000 r  clk (IN)
                         net (fo=0)                   0.000     0.000    clk
    R2                   IBUF (Prop_ibuf_I_O)         0.854     0.854 r  clk_IBUF_inst/O
                         net (fo=1, routed)           1.967     2.821    clk_IBUF
    BUFGCTRL_X0Y0        BUFG (Prop_bufg_I_O)         0.096     2.917 r  clk_IBUF_BUFG_inst/O
                         net (fo=58, routed)          1.638     4.555    clk_div_inst/clk_IBUF_BUFG
    SLICE_X2Y5           FDCE                                         r  clk_div_inst/counter_1hz_reg[14]/C
  -------------------------------------------------------------------    -------------------
    SLICE_X2Y5           FDCE (Prop_fdce_C_Q)         0.518     5.073 f  clk_div_inst/counter_1hz_reg[14]/Q
                         net (fo=2, routed)           0.816     5.889    clk_div_inst/counter_1hz_reg[14]
    SLICE_X4Y5           LUT4 (Prop_lut4_I1_O)        0.124     6.013 r  clk_div_inst/clk_1hz_i_4/O
                         net (fo=1, routed)           0.797     6.810    clk_div_inst/clk_1hz_i_4_n_0
    SLICE_X4Y4           LUT6 (Prop_lut6_I2_O)        0.124     6.934 f  clk_div_inst/clk_1hz_i_2/O
                         net (fo=26, routed)          0.457     7.391    clk_div_inst/clk_1hz_i_2_n_0
    SLICE_X4Y2           LUT6 (Prop_lut6_I2_O)        0.124     7.515 r  clk_div_inst/counter_1hz[0]_i_2/O
                         net (fo=1, routed)           0.338     7.854    clk_div_inst/counter_1hz[0]_i_2_n_0
    SLICE_X2Y2           CARRY4 (Prop_carry4_DI[0]_CO[3])
                                                      0.550     8.404 r  clk_div_inst/counter_1hz_reg[0]_i_1/CO[3]
                         net (fo=1, routed)           0.000     8.404    clk_div_inst/counter_1hz_reg[0]_i_1_n_0
    SLICE_X2Y3           CARRY4 (Prop_carry4_CI_CO[3])
                                                      0.117     8.521 r  clk_div_inst/counter_1hz_reg[4]_i_1/CO[3]
                         net (fo=1, routed)           0.000     8.521    clk_div_inst/counter_1hz_reg[4]_i_1_n_0
    SLICE_X2Y4           CARRY4 (Prop_carry4_CI_CO[3])
                                                      0.117     8.638 r  clk_div_inst/counter_1hz_reg[8]_i_1/CO[3]
                         net (fo=1, routed)           0.000     8.638    clk_div_inst/counter_1hz_reg[8]_i_1_n_0
    SLICE_X2Y5           CARRY4 (Prop_carry4_CI_CO[3])
                                                      0.117     8.755 r  clk_div_inst/counter_1hz_reg[12]_i_1/CO[3]
                         net (fo=1, routed)           0.000     8.755    clk_div_inst/counter_1hz_reg[12]_i_1_n_0
    SLICE_X2Y6           CARRY4 (Prop_carry4_CI_CO[3])
                                                      0.117     8.872 r  clk_div_inst/counter_1hz_reg[16]_i_1/CO[3]
                         net (fo=1, routed)           0.000     8.872    clk_div_inst/counter_1hz_reg[16]_i_1_n_0
    SLICE_X2Y7           CARRY4 (Prop_carry4_CI_O[1])
                                                      0.323     9.195 r  clk_div_inst/counter_1hz_reg[20]_i_1/O[1]
                         net (fo=1, routed)           0.000     9.195    clk_div_inst/counter_1hz_reg[20]_i_1_n_6
    SLICE_X2Y7           FDCE                                         r  clk_div_inst/counter_1hz_reg[21]/D
  -------------------------------------------------------------------    -------------------

                         (clock sys_clk_pin rise edge)
                                                     10.000    10.000 r  
    R2                                                0.000    10.000 r  clk (IN)
                         net (fo=0)                   0.000    10.000    clk
    R2                   IBUF (Prop_ibuf_I_O)         0.814    10.814 r  clk_IBUF_inst/O
                         net (fo=1, routed)           1.862    12.676    clk_IBUF
    BUFGCTRL_X0Y0        BUFG (Prop_bufg_I_O)         0.091    12.767 r  clk_IBUF_BUFG_inst/O
                         net (fo=58, routed)          1.518    14.286    clk_div_inst/clk_IBUF_BUFG
    SLICE_X2Y7           FDCE                                         r  clk_div_inst/counter_1hz_reg[21]/C
                         clock pessimism              0.244    14.529    
                         clock uncertainty           -0.035    14.494    
    SLICE_X2Y7           FDCE (Setup_fdce_C_D)        0.109    14.603    clk_div_inst/counter_1hz_reg[21]
  -------------------------------------------------------------------
                         required time                         14.603    
                         arrival time                          -9.195    
  -------------------------------------------------------------------
                         slack                                  5.408    

Slack (MET) :             5.416ns  (required time - arrival time)
  Source:                 clk_div_inst/counter_1hz_reg[14]/C
                            (rising edge-triggered cell FDCE clocked by sys_clk_pin  {rise@0.000ns fall@5.000ns period=10.000ns})
  Destination:            clk_div_inst/counter_1hz_reg[23]/D
                            (rising edge-triggered cell FDCE clocked by sys_clk_pin  {rise@0.000ns fall@5.000ns period=10.000ns})
  Path Group:             sys_clk_pin
  Path Type:              Setup (Max at Slow Process Corner)
  Requirement:            10.000ns  (sys_clk_pin rise@10.000ns - sys_clk_pin rise@0.000ns)
  Data Path Delay:        4.631ns  (logic 2.223ns (47.999%)  route 2.408ns (52.001%))
  Logic Levels:           9  (CARRY4=6 LUT4=1 LUT6=2)
  Clock Path Skew:        -0.026ns (DCD - SCD + CPR)
    Destination Clock Delay (DCD):    4.286ns = ( 14.286 - 10.000 ) 
    Source Clock Delay      (SCD):    4.555ns
    Clock Pessimism Removal (CPR):    0.244ns
  Clock Uncertainty:      0.035ns  ((TSJ^2 + TIJ^2)^1/2 + DJ) / 2 + PE
    Total System Jitter     (TSJ):    0.071ns
    Total Input Jitter      (TIJ):    0.000ns
    Discrete Jitter          (DJ):    0.000ns
    Phase Error              (PE):    0.000ns

    Location             Delay type                Incr(ns)  Path(ns)    Netlist Resource(s)
  -------------------------------------------------------------------    -------------------
                         (clock sys_clk_pin rise edge)
                                                      0.000     0.000 r  
    R2                                                0.000     0.000 r  clk (IN)
                         net (fo=0)                   0.000     0.000    clk
    R2                   IBUF (Prop_ibuf_I_O)         0.854     0.854 r  clk_IBUF_inst/O
                         net (fo=1, routed)           1.967     2.821    clk_IBUF
    BUFGCTRL_X0Y0        BUFG (Prop_bufg_I_O)         0.096     2.917 r  clk_IBUF_BUFG_inst/O
                         net (fo=58, routed)          1.638     4.555    clk_div_inst/clk_IBUF_BUFG
    SLICE_X2Y5           FDCE                                         r  clk_div_inst/counter_1hz_reg[14]/C
  -------------------------------------------------------------------    -------------------
    SLICE_X2Y5           FDCE (Prop_fdce_C_Q)         0.518     5.073 f  clk_div_inst/counter_1hz_reg[14]/Q
                         net (fo=2, routed)           0.816     5.889    clk_div_inst/counter_1hz_reg[14]
    SLICE_X4Y5           LUT4 (Prop_lut4_I1_O)        0.124     6.013 r  clk_div_inst/clk_1hz_i_4/O
                         net (fo=1, routed)           0.797     6.810    clk_div_inst/clk_1hz_i_4_n_0
    SLICE_X4Y4           LUT6 (Prop_lut6_I2_O)        0.124     6.934 f  clk_div_inst/clk_1hz_i_2/O
                         net (fo=26, routed)          0.457     7.391    clk_div_inst/clk_1hz_i_2_n_0
    SLICE_X4Y2           LUT6 (Prop_lut6_I2_O)        0.124     7.515 r  clk_div_inst/counter_1hz[0]_i_2/O
                         net (fo=1, routed)           0.338     7.854    clk_div_inst/counter_1hz[0]_i_2_n_0
    SLICE_X2Y2           CARRY4 (Prop_carry4_DI[0]_CO[3])
                                                      0.550     8.404 r  clk_div_inst/counter_1hz_reg[0]_i_1/CO[3]
                         net (fo=1, routed)           0.000     8.404    clk_div_inst/counter_1hz_reg[0]_i_1_n_0
    SLICE_X2Y3           CARRY4 (Prop_carry4_CI_CO[3])
                                                      0.117     8.521 r  clk_div_inst/counter_1hz_reg[4]_i_1/CO[3]
                         net (fo=1, routed)           0.000     8.521    clk_div_inst/counter_1hz_reg[4]_i_1_n_0
    SLICE_X2Y4           CARRY4 (Prop_carry4_CI_CO[3])
                                                      0.117     8.638 r  clk_div_inst/counter_1hz_reg[8]_i_1/CO[3]
                         net (fo=1, routed)           0.000     8.638    clk_div_inst/counter_1hz_reg[8]_i_1_n_0
    SLICE_X2Y5           CARRY4 (Prop_carry4_CI_CO[3])
                                                      0.117     8.755 r  clk_div_inst/counter_1hz_reg[12]_i_1/CO[3]
                         net (fo=1, routed)           0.000     8.755    clk_div_inst/counter_1hz_reg[12]_i_1_n_0
    SLICE_X2Y6           CARRY4 (Prop_carry4_CI_CO[3])
                                                      0.117     8.872 r  clk_div_inst/counter_1hz_reg[16]_i_1/CO[3]
                         net (fo=1, routed)           0.000     8.872    clk_div_inst/counter_1hz_reg[16]_i_1_n_0
    SLICE_X2Y7           CARRY4 (Prop_carry4_CI_O[3])
                                                      0.315     9.187 r  clk_div_inst/counter_1hz_reg[20]_i_1/O[3]
                         net (fo=1, routed)           0.000     9.187    clk_div_inst/counter_1hz_reg[20]_i_1_n_4
    SLICE_X2Y7           FDCE                                         r  clk_div_inst/counter_1hz_reg[23]/D
  -------------------------------------------------------------------    -------------------

                         (clock sys_clk_pin rise edge)
                                                     10.000    10.000 r  
    R2                                                0.000    10.000 r  clk (IN)
                         net (fo=0)                   0.000    10.000    clk
    R2                   IBUF (Prop_ibuf_I_O)         0.814    10.814 r  clk_IBUF_inst/O
                         net (fo=1, routed)           1.862    12.676    clk_IBUF
    BUFGCTRL_X0Y0        BUFG (Prop_bufg_I_O)         0.091    12.767 r  clk_IBUF_BUFG_inst/O
                         net (fo=58, routed)          1.518    14.286    clk_div_inst/clk_IBUF_BUFG
    SLICE_X2Y7           FDCE                                         r  clk_div_inst/counter_1hz_reg[23]/C
                         clock pessimism              0.244    14.529    
                         clock uncertainty           -0.035    14.494    
    SLICE_X2Y7           FDCE (Setup_fdce_C_D)        0.109    14.603    clk_div_inst/counter_1hz_reg[23]
  -------------------------------------------------------------------
                         required time                         14.603    
                         arrival time                          -9.187    
  -------------------------------------------------------------------
                         slack                                  5.416    

Slack (MET) :             5.492ns  (required time - arrival time)
  Source:                 clk_div_inst/counter_1hz_reg[14]/C
                            (rising edge-triggered cell FDCE clocked by sys_clk_pin  {rise@0.000ns fall@5.000ns period=10.000ns})
  Destination:            clk_div_inst/counter_1hz_reg[22]/D
                            (rising edge-triggered cell FDCE clocked by sys_clk_pin  {rise@0.000ns fall@5.000ns period=10.000ns})
  Path Group:             sys_clk_pin
  Path Type:              Setup (Max at Slow Process Corner)
  Requirement:            10.000ns  (sys_clk_pin rise@10.000ns - sys_clk_pin rise@0.000ns)
  Data Path Delay:        4.555ns  (logic 2.147ns (47.132%)  route 2.408ns (52.868%))
  Logic Levels:           9  (CARRY4=6 LUT4=1 LUT6=2)
  Clock Path Skew:        -0.026ns (DCD - SCD + CPR)
    Destination Clock Delay (DCD):    4.286ns = ( 14.286 - 10.000 ) 
    Source Clock Delay      (SCD):    4.555ns
    Clock Pessimism Removal (CPR):    0.244ns
  Clock Uncertainty:      0.035ns  ((TSJ^2 + TIJ^2)^1/2 + DJ) / 2 + PE
    Total System Jitter     (TSJ):    0.071ns
    Total Input Jitter      (TIJ):    0.000ns
    Discrete Jitter          (DJ):    0.000ns
    Phase Error              (PE):    0.000ns

    Location             Delay type                Incr(ns)  Path(ns)    Netlist Resource(s)
  -------------------------------------------------------------------    -------------------
                         (clock sys_clk_pin rise edge)
                                                      0.000     0.000 r  
    R2                                                0.000     0.000 r  clk (IN)
                         net (fo=0)                   0.000     0.000    clk
    R2                   IBUF (Prop_ibuf_I_O)         0.854     0.854 r  clk_IBUF_inst/O
                         net (fo=1, routed)           1.967     2.821    clk_IBUF
    BUFGCTRL_X0Y0        BUFG (Prop_bufg_I_O)         0.096     2.917 r  clk_IBUF_BUFG_inst/O
                         net (fo=58, routed)          1.638     4.555    clk_div_inst/clk_IBUF_BUFG
    SLICE_X2Y5           FDCE                                         r  clk_div_inst/counter_1hz_reg[14]/C
  -------------------------------------------------------------------    -------------------
    SLICE_X2Y5           FDCE (Prop_fdce_C_Q)         0.518     5.073 f  clk_div_inst/counter_1hz_reg[14]/Q
                         net (fo=2, routed)           0.816     5.889    clk_div_inst/counter_1hz_reg[14]
    SLICE_X4Y5           LUT4 (Prop_lut4_I1_O)        0.124     6.013 r  clk_div_inst/clk_1hz_i_4/O
                         net (fo=1, routed)           0.797     6.810    clk_div_inst/clk_1hz_i_4_n_0
    SLICE_X4Y4           LUT6 (Prop_lut6_I2_O)        0.124     6.934 f  clk_div_inst/clk_1hz_i_2/O
                         net (fo=26, routed)          0.457     7.391    clk_div_inst/clk_1hz_i_2_n_0
    SLICE_X4Y2           LUT6 (Prop_lut6_I2_O)        0.124     7.515 r  clk_div_inst/counter_1hz[0]_i_2/O
                         net (fo=1, routed)           0.338     7.854    clk_div_inst/counter_1hz[0]_i_2_n_0
    SLICE_X2Y2           CARRY4 (Prop_carry4_DI[0]_CO[3])
                                                      0.550     8.404 r  clk_div_inst/counter_1hz_reg[0]_i_1/CO[3]
                         net (fo=1, routed)           0.000     8.404    clk_div_inst/counter_1hz_reg[0]_i_1_n_0
    SLICE_X2Y3           CARRY4 (Prop_carry4_CI_CO[3])
                                                      0.117     8.521 r  clk_div_inst/counter_1hz_reg[4]_i_1/CO[3]
                         net (fo=1, routed)           0.000     8.521    clk_div_inst/counter_1hz_reg[4]_i_1_n_0
    SLICE_X2Y4           CARRY4 (Prop_carry4_CI_CO[3])
                                                      0.117     8.638 r  clk_div_inst/counter_1hz_reg[8]_i_1/CO[3]
                         net (fo=1, routed)           0.000     8.638    clk_div_inst/counter_1hz_reg[8]_i_1_n_0
    SLICE_X2Y5           CARRY4 (Prop_carry4_CI_CO[3])
                                                      0.117     8.755 r  clk_div_inst/counter_1hz_reg[12]_i_1/CO[3]
                         net (fo=1, routed)           0.000     8.755    clk_div_inst/counter_1hz_reg[12]_i_1_n_0
    SLICE_X2Y6           CARRY4 (Prop_carry4_CI_CO[3])
                                                      0.117     8.872 r  clk_div_inst/counter_1hz_reg[16]_i_1/CO[3]
                         net (fo=1, routed)           0.000     8.872    clk_div_inst/counter_1hz_reg[16]_i_1_n_0
    SLICE_X2Y7           CARRY4 (Prop_carry4_CI_O[2])
                                                      0.239     9.111 r  clk_div_inst/counter_1hz_reg[20]_i_1/O[2]
                         net (fo=1, routed)           0.000     9.111    clk_div_inst/counter_1hz_reg[20]_i_1_n_5
    SLICE_X2Y7           FDCE                                         r  clk_div_inst/counter_1hz_reg[22]/D
  -------------------------------------------------------------------    -------------------

                         (clock sys_clk_pin rise edge)
                                                     10.000    10.000 r  
    R2                                                0.000    10.000 r  clk (IN)
                         net (fo=0)                   0.000    10.000    clk
    R2                   IBUF (Prop_ibuf_I_O)         0.814    10.814 r  clk_IBUF_inst/O
                         net (fo=1, routed)           1.862    12.676    clk_IBUF
    BUFGCTRL_X0Y0        BUFG (Prop_bufg_I_O)         0.091    12.767 r  clk_IBUF_BUFG_inst/O
                         net (fo=58, routed)          1.518    14.286    clk_div_inst/clk_IBUF_BUFG
    SLICE_X2Y7           FDCE                                         r  clk_div_inst/counter_1hz_reg[22]/C
                         clock pessimism              0.244    14.529    
                         clock uncertainty           -0.035    14.494    
    SLICE_X2Y7           FDCE (Setup_fdce_C_D)        0.109    14.603    clk_div_inst/counter_1hz_reg[22]
  -------------------------------------------------------------------
                         required time                         14.603    
                         arrival time                          -9.111    
  -------------------------------------------------------------------
                         slack                                  5.492    

Slack (MET) :             5.512ns  (required time - arrival time)
  Source:                 clk_div_inst/counter_1hz_reg[14]/C
                            (rising edge-triggered cell FDCE clocked by sys_clk_pin  {rise@0.000ns fall@5.000ns period=10.000ns})
  Destination:            clk_div_inst/counter_1hz_reg[20]/D
                            (rising edge-triggered cell FDCE clocked by sys_clk_pin  {rise@0.000ns fall@5.000ns period=10.000ns})
  Path Group:             sys_clk_pin
  Path Type:              Setup (Max at Slow Process Corner)
  Requirement:            10.000ns  (sys_clk_pin rise@10.000ns - sys_clk_pin rise@0.000ns)
  Data Path Delay:        4.535ns  (logic 2.127ns (46.899%)  route 2.408ns (53.102%))
  Logic Levels:           9  (CARRY4=6 LUT4=1 LUT6=2)
  Clock Path Skew:        -0.026ns (DCD - SCD + CPR)
    Destination Clock Delay (DCD):    4.286ns = ( 14.286 - 10.000 ) 
    Source Clock Delay      (SCD):    4.555ns
    Clock Pessimism Removal (CPR):    0.244ns
  Clock Uncertainty:      0.035ns  ((TSJ^2 + TIJ^2)^1/2 + DJ) / 2 + PE
    Total System Jitter     (TSJ):    0.071ns
    Total Input Jitter      (TIJ):    0.000ns
    Discrete Jitter          (DJ):    0.000ns
    Phase Error              (PE):    0.000ns

    Location             Delay type                Incr(ns)  Path(ns)    Netlist Resource(s)
  -------------------------------------------------------------------    -------------------
                         (clock sys_clk_pin rise edge)
                                                      0.000     0.000 r  
    R2                                                0.000     0.000 r  clk (IN)
                         net (fo=0)                   0.000     0.000    clk
    R2                   IBUF (Prop_ibuf_I_O)         0.854     0.854 r  clk_IBUF_inst/O
                         net (fo=1, routed)           1.967     2.821    clk_IBUF
    BUFGCTRL_X0Y0        BUFG (Prop_bufg_I_O)         0.096     2.917 r  clk_IBUF_BUFG_inst/O
                         net (fo=58, routed)          1.638     4.555    clk_div_inst/clk_IBUF_BUFG
    SLICE_X2Y5           FDCE                                         r  clk_div_inst/counter_1hz_reg[14]/C
  -------------------------------------------------------------------    -------------------
    SLICE_X2Y5           FDCE (Prop_fdce_C_Q)         0.518     5.073 f  clk_div_inst/counter_1hz_reg[14]/Q
                         net (fo=2, routed)           0.816     5.889    clk_div_inst/counter_1hz_reg[14]
    SLICE_X4Y5           LUT4 (Prop_lut4_I1_O)        0.124     6.013 r  clk_div_inst/clk_1hz_i_4/O
                         net (fo=1, routed)           0.797     6.810    clk_div_inst/clk_1hz_i_4_n_0
    SLICE_X4Y4           LUT6 (Prop_lut6_I2_O)        0.124     6.934 f  clk_div_inst/clk_1hz_i_2/O
                         net (fo=26, routed)          0.457     7.391    clk_div_inst/clk_1hz_i_2_n_0
    SLICE_X4Y2           LUT6 (Prop_lut6_I2_O)        0.124     7.515 r  clk_div_inst/counter_1hz[0]_i_2/O
                         net (fo=1, routed)           0.338     7.854    clk_div_inst/counter_1hz[0]_i_2_n_0
    SLICE_X2Y2           CARRY4 (Prop_carry4_DI[0]_CO[3])
                                                      0.550     8.404 r  clk_div_inst/counter_1hz_reg[0]_i_1/CO[3]
                         net (fo=1, routed)           0.000     8.404    clk_div_inst/counter_1hz_reg[0]_i_1_n_0
    SLICE_X2Y3           CARRY4 (Prop_carry4_CI_CO[3])
                                                      0.117     8.521 r  clk_div_inst/counter_1hz_reg[4]_i_1/CO[3]
                         net (fo=1, routed)           0.000     8.521    clk_div_inst/counter_1hz_reg[4]_i_1_n_0
    SLICE_X2Y4           CARRY4 (Prop_carry4_CI_CO[3])
                                                      0.117     8.638 r  clk_div_inst/counter_1hz_reg[8]_i_1/CO[3]
                         net (fo=1, routed)           0.000     8.638    clk_div_inst/counter_1hz_reg[8]_i_1_n_0
    SLICE_X2Y5           CARRY4 (Prop_carry4_CI_CO[3])
                                                      0.117     8.755 r  clk_div_inst/counter_1hz_reg[12]_i_1/CO[3]
                         net (fo=1, routed)           0.000     8.755    clk_div_inst/counter_1hz_reg[12]_i_1_n_0
    SLICE_X2Y6           CARRY4 (Prop_carry4_CI_CO[3])
                                                      0.117     8.872 r  clk_div_inst/counter_1hz_reg[16]_i_1/CO[3]
                         net (fo=1, routed)           0.000     8.872    clk_div_inst/counter_1hz_reg[16]_i_1_n_0
    SLICE_X2Y7           CARRY4 (Prop_carry4_CI_O[0])
                                                      0.219     9.091 r  clk_div_inst/counter_1hz_reg[20]_i_1/O[0]
                         net (fo=1, routed)           0.000     9.091    clk_div_inst/counter_1hz_reg[20]_i_1_n_7
    SLICE_X2Y7           FDCE                                         r  clk_div_inst/counter_1hz_reg[20]/D
  -------------------------------------------------------------------    -------------------

                         (clock sys_clk_pin rise edge)
                                                     10.000    10.000 r  
    R2                                                0.000    10.000 r  clk (IN)
                         net (fo=0)                   0.000    10.000    clk
    R2                   IBUF (Prop_ibuf_I_O)         0.814    10.814 r  clk_IBUF_inst/O
                         net (fo=1, routed)           1.862    12.676    clk_IBUF
    BUFGCTRL_X0Y0        BUFG (Prop_bufg_I_O)         0.091    12.767 r  clk_IBUF_BUFG_inst/O
                         net (fo=58, routed)          1.518    14.286    clk_div_inst/clk_IBUF_BUFG
    SLICE_X2Y7           FDCE                                         r  clk_div_inst/counter_1hz_reg[20]/C
                         clock pessimism              0.244    14.529    
                         clock uncertainty           -0.035    14.494    
    SLICE_X2Y7           FDCE (Setup_fdce_C_D)        0.109    14.603    clk_div_inst/counter_1hz_reg[20]
  -------------------------------------------------------------------
                         required time                         14.603    
                         arrival time                          -9.091    
  -------------------------------------------------------------------
                         slack                                  5.512    

Slack (MET) :             5.526ns  (required time - arrival time)
  Source:                 clk_div_inst/counter_1hz_reg[14]/C
                            (rising edge-triggered cell FDCE clocked by sys_clk_pin  {rise@0.000ns fall@5.000ns period=10.000ns})
  Destination:            clk_div_inst/counter_1hz_reg[17]/D
                            (rising edge-triggered cell FDCE clocked by sys_clk_pin  {rise@0.000ns fall@5.000ns period=10.000ns})
  Path Group:             sys_clk_pin
  Path Type:              Setup (Max at Slow Process Corner)
  Requirement:            10.000ns  (sys_clk_pin rise@10.000ns - sys_clk_pin rise@0.000ns)
  Data Path Delay:        4.522ns  (logic 2.114ns (46.746%)  route 2.408ns (53.254%))
  Logic Levels:           8  (CARRY4=5 LUT4=1 LUT6=2)
  Clock Path Skew:        -0.025ns (DCD - SCD + CPR)
    Destination Clock Delay (DCD):    4.287ns = ( 14.287 - 10.000 ) 
    Source Clock Delay      (SCD):    4.555ns
    Clock Pessimism Removal (CPR):    0.244ns
  Clock Uncertainty:      0.035ns  ((TSJ^2 + TIJ^2)^1/2 + DJ) / 2 + PE
    Total System Jitter     (TSJ):    0.071ns
    Total Input Jitter      (TIJ):    0.000ns
    Discrete Jitter          (DJ):    0.000ns
    Phase Error              (PE):    0.000ns

    Location             Delay type                Incr(ns)  Path(ns)    Netlist Resource(s)
  -------------------------------------------------------------------    -------------------
                         (clock sys_clk_pin rise edge)
                                                      0.000     0.000 r  
    R2                                                0.000     0.000 r  clk (IN)
                         net (fo=0)                   0.000     0.000    clk
    R2                   IBUF (Prop_ibuf_I_O)         0.854     0.854 r  clk_IBUF_inst/O
                         net (fo=1, routed)           1.967     2.821    clk_IBUF
    BUFGCTRL_X0Y0        BUFG (Prop_bufg_I_O)         0.096     2.917 r  clk_IBUF_BUFG_inst/O
                         net (fo=58, routed)          1.638     4.555    clk_div_inst/clk_IBUF_BUFG
    SLICE_X2Y5           FDCE                                         r  clk_div_inst/counter_1hz_reg[14]/C
  -------------------------------------------------------------------    -------------------
    SLICE_X2Y5           FDCE (Prop_fdce_C_Q)         0.518     5.073 f  clk_div_inst/counter_1hz_reg[14]/Q
                         net (fo=2, routed)           0.816     5.889    clk_div_inst/counter_1hz_reg[14]
    SLICE_X4Y5           LUT4 (Prop_lut4_I1_O)        0.124     6.013 r  clk_div_inst/clk_1hz_i_4/O
                         net (fo=1, routed)           0.797     6.810    clk_div_inst/clk_1hz_i_4_n_0
    SLICE_X4Y4           LUT6 (Prop_lut6_I2_O)        0.124     6.934 f  clk_div_inst/clk_1hz_i_2/O
                         net (fo=26, routed)          0.457     7.391    clk_div_inst/clk_1hz_i_2_n_0
    SLICE_X4Y2           LUT6 (Prop_lut6_I2_O)        0.124     7.515 r  clk_div_inst/counter_1hz[0]_i_2/O
                         net (fo=1, routed)           0.338     7.854    clk_div_inst/counter_1hz[0]_i_2_n_0
    SLICE_X2Y2           CARRY4 (Prop_carry4_DI[0]_CO[3])
                                                      0.550     8.404 r  clk_div_inst/counter_1hz_reg[0]_i_1/CO[3]
                         net (fo=1, routed)           0.000     8.404    clk_div_inst/counter_1hz_reg[0]_i_1_n_0
    SLICE_X2Y3           CARRY4 (Prop_carry4_CI_CO[3])
                                                      0.117     8.521 r  clk_div_inst/counter_1hz_reg[4]_i_1/CO[3]
                         net (fo=1, routed)           0.000     8.521    clk_div_inst/counter_1hz_reg[4]_i_1_n_0
    SLICE_X2Y4           CARRY4 (Prop_carry4_CI_CO[3])
                                                      0.117     8.638 r  clk_div_inst/counter_1hz_reg[8]_i_1/CO[3]
                         net (fo=1, routed)           0.000     8.638    clk_div_inst/counter_1hz_reg[8]_i_1_n_0
    SLICE_X2Y5           CARRY4 (Prop_carry4_CI_CO[3])
                                                      0.117     8.755 r  clk_div_inst/counter_1hz_reg[12]_i_1/CO[3]
                         net (fo=1, routed)           0.000     8.755    clk_div_inst/counter_1hz_reg[12]_i_1_n_0
    SLICE_X2Y6           CARRY4 (Prop_carry4_CI_O[1])
                                                      0.323     9.078 r  clk_div_inst/counter_1hz_reg[16]_i_1/O[1]
                         net (fo=1, routed)           0.000     9.078    clk_div_inst/counter_1hz_reg[16]_i_1_n_6
    SLICE_X2Y6           FDCE                                         r  clk_div_inst/counter_1hz_reg[17]/D
  -------------------------------------------------------------------    -------------------

                         (clock sys_clk_pin rise edge)
                                                     10.000    10.000 r  
    R2                                                0.000    10.000 r  clk (IN)
                         net (fo=0)                   0.000    10.000    clk
    R2                   IBUF (Prop_ibuf_I_O)         0.814    10.814 r  clk_IBUF_inst/O
                         net (fo=1, routed)           1.862    12.676    clk_IBUF
    BUFGCTRL_X0Y0        BUFG (Prop_bufg_I_O)         0.091    12.767 r  clk_IBUF_BUFG_inst/O
                         net (fo=58, routed)          1.519    14.287    clk_div_inst/clk_IBUF_BUFG
    SLICE_X2Y6           FDCE                                         r  clk_div_inst/counter_1hz_reg[17]/C
                         clock pessimism              0.244    14.530    
                         clock uncertainty           -0.035    14.495    
    SLICE_X2Y6           FDCE (Setup_fdce_C_D)        0.109    14.604    clk_div_inst/counter_1hz_reg[17]
  -------------------------------------------------------------------
                         required time                         14.604    
                         arrival time                          -9.078    
  -------------------------------------------------------------------
                         slack                                  5.526    

Slack (MET) :             5.534ns  (required time - arrival time)
  Source:                 clk_div_inst/counter_1hz_reg[14]/C
                            (rising edge-triggered cell FDCE clocked by sys_clk_pin  {rise@0.000ns fall@5.000ns period=10.000ns})
  Destination:            clk_div_inst/counter_1hz_reg[19]/D
                            (rising edge-triggered cell FDCE clocked by sys_clk_pin  {rise@0.000ns fall@5.000ns period=10.000ns})
  Path Group:             sys_clk_pin
  Path Type:              Setup (Max at Slow Process Corner)
  Requirement:            10.000ns  (sys_clk_pin rise@10.000ns - sys_clk_pin rise@0.000ns)
  Data Path Delay:        4.514ns  (logic 2.106ns (46.652%)  route 2.408ns (53.349%))
  Logic Levels:           8  (CARRY4=5 LUT4=1 LUT6=2)
  Clock Path Skew:        -0.025ns (DCD - SCD + CPR)
    Destination Clock Delay (DCD):    4.287ns = ( 14.287 - 10.000 ) 
    Source Clock Delay      (SCD):    4.555ns
    Clock Pessimism Removal (CPR):    0.244ns
  Clock Uncertainty:      0.035ns  ((TSJ^2 + TIJ^2)^1/2 + DJ) / 2 + PE
    Total System Jitter     (TSJ):    0.071ns
    Total Input Jitter      (TIJ):    0.000ns
    Discrete Jitter          (DJ):    0.000ns
    Phase Error              (PE):    0.000ns

    Location             Delay type                Incr(ns)  Path(ns)    Netlist Resource(s)
  -------------------------------------------------------------------    -------------------
                         (clock sys_clk_pin rise edge)
                                                      0.000     0.000 r  
    R2                                                0.000     0.000 r  clk (IN)
                         net (fo=0)                   0.000     0.000    clk
    R2                   IBUF (Prop_ibuf_I_O)         0.854     0.854 r  clk_IBUF_inst/O
                         net (fo=1, routed)           1.967     2.821    clk_IBUF
    BUFGCTRL_X0Y0        BUFG (Prop_bufg_I_O)         0.096     2.917 r  clk_IBUF_BUFG_inst/O
                         net (fo=58, routed)          1.638     4.555    clk_div_inst/clk_IBUF_BUFG
    SLICE_X2Y5           FDCE                                         r  clk_div_inst/counter_1hz_reg[14]/C
  -------------------------------------------------------------------    -------------------
    SLICE_X2Y5           FDCE (Prop_fdce_C_Q)         0.518     5.073 f  clk_div_inst/counter_1hz_reg[14]/Q
                         net (fo=2, routed)           0.816     5.889    clk_div_inst/counter_1hz_reg[14]
    SLICE_X4Y5           LUT4 (Prop_lut4_I1_O)        0.124     6.013 r  clk_div_inst/clk_1hz_i_4/O
                         net (fo=1, routed)           0.797     6.810    clk_div_inst/clk_1hz_i_4_n_0
    SLICE_X4Y4           LUT6 (Prop_lut6_I2_O)        0.124     6.934 f  clk_div_inst/clk_1hz_i_2/O
                         net (fo=26, routed)          0.457     7.391    clk_div_inst/clk_1hz_i_2_n_0
    SLICE_X4Y2           LUT6 (Prop_lut6_I2_O)        0.124     7.515 r  clk_div_inst/counter_1hz[0]_i_2/O
                         net (fo=1, routed)           0.338     7.854    clk_div_inst/counter_1hz[0]_i_2_n_0
    SLICE_X2Y2           CARRY4 (Prop_carry4_DI[0]_CO[3])
                                                      0.550     8.404 r  clk_div_inst/counter_1hz_reg[0]_i_1/CO[3]
                         net (fo=1, routed)           0.000     8.404    clk_div_inst/counter_1hz_reg[0]_i_1_n_0
    SLICE_X2Y3           CARRY4 (Prop_carry4_CI_CO[3])
                                                      0.117     8.521 r  clk_div_inst/counter_1hz_reg[4]_i_1/CO[3]
                         net (fo=1, routed)           0.000     8.521    clk_div_inst/counter_1hz_reg[4]_i_1_n_0
    SLICE_X2Y4           CARRY4 (Prop_carry4_CI_CO[3])
                                                      0.117     8.638 r  clk_div_inst/counter_1hz_reg[8]_i_1/CO[3]
                         net (fo=1, routed)           0.000     8.638    clk_div_inst/counter_1hz_reg[8]_i_1_n_0
    SLICE_X2Y5           CARRY4 (Prop_carry4_CI_CO[3])
                                                      0.117     8.755 r  clk_div_inst/counter_1hz_reg[12]_i_1/CO[3]
                         net (fo=1, routed)           0.000     8.755    clk_div_inst/counter_1hz_reg[12]_i_1_n_0
    SLICE_X2Y6           CARRY4 (Prop_carry4_CI_O[3])
                                                      0.315     9.070 r  clk_div_inst/counter_1hz_reg[16]_i_1/O[3]
                         net (fo=1, routed)           0.000     9.070    clk_div_inst/counter_1hz_reg[16]_i_1_n_4
    SLICE_X2Y6           FDCE                                         r  clk_div_inst/counter_1hz_reg[19]/D
  -------------------------------------------------------------------    -------------------

                         (clock sys_clk_pin rise edge)
                                                     10.000    10.000 r  
    R2                                                0.000    10.000 r  clk (IN)
                         net (fo=0)                   0.000    10.000    clk
    R2                   IBUF (Prop_ibuf_I_O)         0.814    10.814 r  clk_IBUF_inst/O
                         net (fo=1, routed)           1.862    12.676    clk_IBUF
    BUFGCTRL_X0Y0        BUFG (Prop_bufg_I_O)         0.091    12.767 r  clk_IBUF_BUFG_inst/O
                         net (fo=58, routed)          1.519    14.287    clk_div_inst/clk_IBUF_BUFG
    SLICE_X2Y6           FDCE                                         r  clk_div_inst/counter_1hz_reg[19]/C
                         clock pessimism              0.244    14.530    
                         clock uncertainty           -0.035    14.495    
    SLICE_X2Y6           FDCE (Setup_fdce_C_D)        0.109    14.604    clk_div_inst/counter_1hz_reg[19]
  -------------------------------------------------------------------
                         required time                         14.604    
                         arrival time                          -9.070    
  -------------------------------------------------------------------
                         slack                                  5.534    

Slack (MET) :             5.539ns  (required time - arrival time)
  Source:                 clk_div_inst/counter_50hz_reg[12]/C
                            (rising edge-triggered cell FDCE clocked by sys_clk_pin  {rise@0.000ns fall@5.000ns period=10.000ns})
  Destination:            clk_div_inst/counter_50hz_reg[17]/D
                            (rising edge-triggered cell FDCE clocked by sys_clk_pin  {rise@0.000ns fall@5.000ns period=10.000ns})
  Path Group:             sys_clk_pin
  Path Type:              Setup (Max at Slow Process Corner)
  Requirement:            10.000ns  (sys_clk_pin rise@10.000ns - sys_clk_pin rise@0.000ns)
  Data Path Delay:        4.462ns  (logic 1.694ns (37.963%)  route 2.768ns (62.037%))
  Logic Levels:           5  (CARRY4=2 LUT4=1 LUT5=1 LUT6=1)
  Clock Path Skew:        -0.025ns (DCD - SCD + CPR)
    Destination Clock Delay (DCD):    4.287ns = ( 14.287 - 10.000 ) 
    Source Clock Delay      (SCD):    4.555ns
    Clock Pessimism Removal (CPR):    0.244ns
  Clock Uncertainty:      0.035ns  ((TSJ^2 + TIJ^2)^1/2 + DJ) / 2 + PE
    Total System Jitter     (TSJ):    0.071ns
    Total Input Jitter      (TIJ):    0.000ns
    Discrete Jitter          (DJ):    0.000ns
    Phase Error              (PE):    0.000ns

    Location             Delay type                Incr(ns)  Path(ns)    Netlist Resource(s)
  -------------------------------------------------------------------    -------------------
                         (clock sys_clk_pin rise edge)
                                                      0.000     0.000 r  
    R2                                                0.000     0.000 r  clk (IN)
                         net (fo=0)                   0.000     0.000    clk
    R2                   IBUF (Prop_ibuf_I_O)         0.854     0.854 r  clk_IBUF_inst/O
                         net (fo=1, routed)           1.967     2.821    clk_IBUF
    BUFGCTRL_X0Y0        BUFG (Prop_bufg_I_O)         0.096     2.917 r  clk_IBUF_BUFG_inst/O
                         net (fo=58, routed)          1.638     4.555    clk_div_inst/clk_IBUF_BUFG
    SLICE_X3Y4           FDCE                                         r  clk_div_inst/counter_50hz_reg[12]/C
  -------------------------------------------------------------------    -------------------
    SLICE_X3Y4           FDCE (Prop_fdce_C_Q)         0.456     5.011 f  clk_div_inst/counter_50hz_reg[12]/Q
                         net (fo=2, routed)           1.004     6.015    clk_div_inst/counter_50hz_reg[12]
    SLICE_X4Y3           LUT4 (Prop_lut4_I1_O)        0.124     6.139 f  clk_div_inst/clk_50hz_i_5/O
                         net (fo=1, routed)           0.585     6.725    clk_div_inst/clk_50hz_i_5_n_0
    SLICE_X4Y2           LUT6 (Prop_lut6_I5_O)        0.124     6.849 r  clk_div_inst/clk_50hz_i_3/O
                         net (fo=21, routed)          1.179     8.028    clk_div_inst/clk_50hz_i_3_n_0
    SLICE_X3Y4           LUT5 (Prop_lut5_I3_O)        0.124     8.152 r  clk_div_inst/counter_50hz[12]_i_5/O
                         net (fo=1, routed)           0.000     8.152    clk_div_inst/counter_50hz[12]_i_5_n_0
    SLICE_X3Y4           CARRY4 (Prop_carry4_S[0]_CO[3])
                                                      0.532     8.684 r  clk_div_inst/counter_50hz_reg[12]_i_1/CO[3]
                         net (fo=1, routed)           0.000     8.684    clk_div_inst/counter_50hz_reg[12]_i_1_n_0
    SLICE_X3Y5           CARRY4 (Prop_carry4_CI_O[1])
                                                      0.334     9.018 r  clk_div_inst/counter_50hz_reg[16]_i_1/O[1]
                         net (fo=1, routed)           0.000     9.018    clk_div_inst/counter_50hz_reg[16]_i_1_n_6
    SLICE_X3Y5           FDCE                                         r  clk_div_inst/counter_50hz_reg[17]/D
  -------------------------------------------------------------------    -------------------

                         (clock sys_clk_pin rise edge)
                                                     10.000    10.000 r  
    R2                                                0.000    10.000 r  clk (IN)
                         net (fo=0)                   0.000    10.000    clk
    R2                   IBUF (Prop_ibuf_I_O)         0.814    10.814 r  clk_IBUF_inst/O
                         net (fo=1, routed)           1.862    12.676    clk_IBUF
    BUFGCTRL_X0Y0        BUFG (Prop_bufg_I_O)         0.091    12.767 r  clk_IBUF_BUFG_inst/O
                         net (fo=58, routed)          1.519    14.287    clk_div_inst/clk_IBUF_BUFG
    SLICE_X3Y5           FDCE                                         r  clk_div_inst/counter_50hz_reg[17]/C
                         clock pessimism              0.244    14.530    
                         clock uncertainty           -0.035    14.495    
    SLICE_X3Y5           FDCE (Setup_fdce_C_D)        0.062    14.557    clk_div_inst/counter_50hz_reg[17]
  -------------------------------------------------------------------
                         required time                         14.557    
                         arrival time                          -9.018    
  -------------------------------------------------------------------
                         slack                                  5.539    

Slack (MET) :             5.560ns  (required time - arrival time)
  Source:                 clk_div_inst/counter_50hz_reg[12]/C
                            (rising edge-triggered cell FDCE clocked by sys_clk_pin  {rise@0.000ns fall@5.000ns period=10.000ns})
  Destination:            clk_div_inst/counter_50hz_reg[19]/D
                            (rising edge-triggered cell FDCE clocked by sys_clk_pin  {rise@0.000ns fall@5.000ns period=10.000ns})
  Path Group:             sys_clk_pin
  Path Type:              Setup (Max at Slow Process Corner)
  Requirement:            10.000ns  (sys_clk_pin rise@10.000ns - sys_clk_pin rise@0.000ns)
  Data Path Delay:        4.441ns  (logic 1.673ns (37.669%)  route 2.768ns (62.331%))
  Logic Levels:           5  (CARRY4=2 LUT4=1 LUT5=1 LUT6=1)
  Clock Path Skew:        -0.025ns (DCD - SCD + CPR)
    Destination Clock Delay (DCD):    4.287ns = ( 14.287 - 10.000 ) 
    Source Clock Delay      (SCD):    4.555ns
    Clock Pessimism Removal (CPR):    0.244ns
  Clock Uncertainty:      0.035ns  ((TSJ^2 + TIJ^2)^1/2 + DJ) / 2 + PE
    Total System Jitter     (TSJ):    0.071ns
    Total Input Jitter      (TIJ):    0.000ns
    Discrete Jitter          (DJ):    0.000ns
    Phase Error              (PE):    0.000ns

    Location             Delay type                Incr(ns)  Path(ns)    Netlist Resource(s)
  -------------------------------------------------------------------    -------------------
                         (clock sys_clk_pin rise edge)
                                                      0.000     0.000 r  
    R2                                                0.000     0.000 r  clk (IN)
                         net (fo=0)                   0.000     0.000    clk
    R2                   IBUF (Prop_ibuf_I_O)         0.854     0.854 r  clk_IBUF_inst/O
                         net (fo=1, routed)           1.967     2.821    clk_IBUF
    BUFGCTRL_X0Y0        BUFG (Prop_bufg_I_O)         0.096     2.917 r  clk_IBUF_BUFG_inst/O
                         net (fo=58, routed)          1.638     4.555    clk_div_inst/clk_IBUF_BUFG
    SLICE_X3Y4           FDCE                                         r  clk_div_inst/counter_50hz_reg[12]/C
  -------------------------------------------------------------------    -------------------
    SLICE_X3Y4           FDCE (Prop_fdce_C_Q)         0.456     5.011 f  clk_div_inst/counter_50hz_reg[12]/Q
                         net (fo=2, routed)           1.004     6.015    clk_div_inst/counter_50hz_reg[12]
    SLICE_X4Y3           LUT4 (Prop_lut4_I1_O)        0.124     6.139 f  clk_div_inst/clk_50hz_i_5/O
                         net (fo=1, routed)           0.585     6.725    clk_div_inst/clk_50hz_i_5_n_0
    SLICE_X4Y2           LUT6 (Prop_lut6_I5_O)        0.124     6.849 r  clk_div_inst/clk_50hz_i_3/O
                         net (fo=21, routed)          1.179     8.028    clk_div_inst/clk_50hz_i_3_n_0
    SLICE_X3Y4           LUT5 (Prop_lut5_I3_O)        0.124     8.152 r  clk_div_inst/counter_50hz[12]_i_5/O
                         net (fo=1, routed)           0.000     8.152    clk_div_inst/counter_50hz[12]_i_5_n_0
    SLICE_X3Y4           CARRY4 (Prop_carry4_S[0]_CO[3])
                                                      0.532     8.684 r  clk_div_inst/counter_50hz_reg[12]_i_1/CO[3]
                         net (fo=1, routed)           0.000     8.684    clk_div_inst/counter_50hz_reg[12]_i_1_n_0
    SLICE_X3Y5           CARRY4 (Prop_carry4_CI_O[3])
                                                      0.313     8.997 r  clk_div_inst/counter_50hz_reg[16]_i_1/O[3]
                         net (fo=1, routed)           0.000     8.997    clk_div_inst/counter_50hz_reg[16]_i_1_n_4
    SLICE_X3Y5           FDCE                                         r  clk_div_inst/counter_50hz_reg[19]/D
  -------------------------------------------------------------------    -------------------

                         (clock sys_clk_pin rise edge)
                                                     10.000    10.000 r  
    R2                                                0.000    10.000 r  clk (IN)
                         net (fo=0)                   0.000    10.000    clk
    R2                   IBUF (Prop_ibuf_I_O)         0.814    10.814 r  clk_IBUF_inst/O
                         net (fo=1, routed)           1.862    12.676    clk_IBUF
    BUFGCTRL_X0Y0        BUFG (Prop_bufg_I_O)         0.091    12.767 r  clk_IBUF_BUFG_inst/O
                         net (fo=58, routed)          1.519    14.287    clk_div_inst/clk_IBUF_BUFG
    SLICE_X3Y5           FDCE                                         r  clk_div_inst/counter_50hz_reg[19]/C
                         clock pessimism              0.244    14.530    
                         clock uncertainty           -0.035    14.495    
    SLICE_X3Y5           FDCE (Setup_fdce_C_D)        0.062    14.557    clk_div_inst/counter_50hz_reg[19]
  -------------------------------------------------------------------
                         required time                         14.557    
                         arrival time                          -8.997    
  -------------------------------------------------------------------
                         slack                                  5.560    





Min Delay Paths
--------------------------------------------------------------------------------------
Slack (MET) :             0.216ns  (arrival time - required time)
  Source:                 debouncer_2/q2_reg/C
                            (rising edge-triggered cell FDRE clocked by sys_clk_pin  {rise@0.000ns fall@5.000ns period=10.000ns})
  Destination:            fsm_ctrl_inst/FSM_sequential_state_reg[1]/D
                            (rising edge-triggered cell FDCE clocked by sys_clk_pin  {rise@0.000ns fall@5.000ns period=10.000ns})
  Path Group:             sys_clk_pin
  Path Type:              Hold (Min at Fast Process Corner)
  Requirement:            0.000ns  (sys_clk_pin rise@0.000ns - sys_clk_pin rise@0.000ns)
  Data Path Delay:        0.338ns  (logic 0.212ns (62.690%)  route 0.126ns (37.310%))
  Logic Levels:           1  (LUT4=1)
  Clock Path Skew:        0.015ns (DCD - SCD - CPR)
    Destination Clock Delay (DCD):    1.924ns
    Source Clock Delay      (SCD):    1.567ns
    Clock Pessimism Removal (CPR):    0.342ns

    Location             Delay type                Incr(ns)  Path(ns)    Netlist Resource(s)
  -------------------------------------------------------------------    -------------------
                         (clock sys_clk_pin rise edge)
                                                      0.000     0.000 r  
    R2                                                0.000     0.000 r  clk (IN)
                         net (fo=0)                   0.000     0.000    clk
    R2                   IBUF (Prop_ibuf_I_O)         0.320     0.320 r  clk_IBUF_inst/O
                         net (fo=1, routed)           0.631     0.951    clk_IBUF
    BUFGCTRL_X0Y0        BUFG (Prop_bufg_I_O)         0.026     0.977 r  clk_IBUF_BUFG_inst/O
                         net (fo=58, routed)          0.591     1.567    debouncer_2/clk_IBUF_BUFG
    SLICE_X2Y13          FDRE                                         r  debouncer_2/q2_reg/C
  -------------------------------------------------------------------    -------------------
    SLICE_X2Y13          FDRE (Prop_fdre_C_Q)         0.164     1.731 r  debouncer_2/q2_reg/Q
                         net (fo=2, routed)           0.126     1.857    fsm_ctrl_inst/sw0_clean
    SLICE_X1Y13          LUT4 (Prop_lut4_I0_O)        0.048     1.905 r  fsm_ctrl_inst/FSM_sequential_state[1]_i_1/O
                         net (fo=1, routed)           0.000     1.905    fsm_ctrl_inst/state__0[1]
    SLICE_X1Y13          FDCE                                         r  fsm_ctrl_inst/FSM_sequential_state_reg[1]/D
  -------------------------------------------------------------------    -------------------

                         (clock sys_clk_pin rise edge)
                                                      0.000     0.000 r  
    R2                                                0.000     0.000 r  clk (IN)
                         net (fo=0)                   0.000     0.000    clk
    R2                   IBUF (Prop_ibuf_I_O)         0.350     0.350 r  clk_IBUF_inst/O
                         net (fo=1, routed)           0.685     1.035    clk_IBUF
    BUFGCTRL_X0Y0        BUFG (Prop_bufg_I_O)         0.029     1.064 r  clk_IBUF_BUFG_inst/O
                         net (fo=58, routed)          0.861     1.924    fsm_ctrl_inst/clk_IBUF_BUFG
    SLICE_X1Y13          FDCE                                         r  fsm_ctrl_inst/FSM_sequential_state_reg[1]/C
                         clock pessimism             -0.342     1.582    
    SLICE_X1Y13          FDCE (Hold_fdce_C_D)         0.107     1.689    fsm_ctrl_inst/FSM_sequential_state_reg[1]
  -------------------------------------------------------------------
                         required time                         -1.689    
                         arrival time                           1.905    
  -------------------------------------------------------------------
                         slack                                  0.216    

Slack (MET) :             0.229ns  (arrival time - required time)
  Source:                 debouncer_2/q2_reg/C
                            (rising edge-triggered cell FDRE clocked by sys_clk_pin  {rise@0.000ns fall@5.000ns period=10.000ns})
  Destination:            fsm_ctrl_inst/FSM_sequential_state_reg[0]/D
                            (rising edge-triggered cell FDCE clocked by sys_clk_pin  {rise@0.000ns fall@5.000ns period=10.000ns})
  Path Group:             sys_clk_pin
  Path Type:              Hold (Min at Fast Process Corner)
  Requirement:            0.000ns  (sys_clk_pin rise@0.000ns - sys_clk_pin rise@0.000ns)
  Data Path Delay:        0.335ns  (logic 0.209ns (62.356%)  route 0.126ns (37.644%))
  Logic Levels:           1  (LUT4=1)
  Clock Path Skew:        0.015ns (DCD - SCD - CPR)
    Destination Clock Delay (DCD):    1.924ns
    Source Clock Delay      (SCD):    1.567ns
    Clock Pessimism Removal (CPR):    0.342ns

    Location             Delay type                Incr(ns)  Path(ns)    Netlist Resource(s)
  -------------------------------------------------------------------    -------------------
                         (clock sys_clk_pin rise edge)
                                                      0.000     0.000 r  
    R2                                                0.000     0.000 r  clk (IN)
                         net (fo=0)                   0.000     0.000    clk
    R2                   IBUF (Prop_ibuf_I_O)         0.320     0.320 r  clk_IBUF_inst/O
                         net (fo=1, routed)           0.631     0.951    clk_IBUF
    BUFGCTRL_X0Y0        BUFG (Prop_bufg_I_O)         0.026     0.977 r  clk_IBUF_BUFG_inst/O
                         net (fo=58, routed)          0.591     1.567    debouncer_2/clk_IBUF_BUFG
    SLICE_X2Y13          FDRE                                         r  debouncer_2/q2_reg/C
  -------------------------------------------------------------------    -------------------
    SLICE_X2Y13          FDRE (Prop_fdre_C_Q)         0.164     1.731 r  debouncer_2/q2_reg/Q
                         net (fo=2, routed)           0.126     1.857    fsm_ctrl_inst/sw0_clean
    SLICE_X1Y13          LUT4 (Prop_lut4_I3_O)        0.045     1.902 r  fsm_ctrl_inst/FSM_sequential_state[0]_i_1/O
                         net (fo=1, routed)           0.000     1.902    fsm_ctrl_inst/state__0[0]
    SLICE_X1Y13          FDCE                                         r  fsm_ctrl_inst/FSM_sequential_state_reg[0]/D
  -------------------------------------------------------------------    -------------------

                         (clock sys_clk_pin rise edge)
                                                      0.000     0.000 r  
    R2                                                0.000     0.000 r  clk (IN)
                         net (fo=0)                   0.000     0.000    clk
    R2                   IBUF (Prop_ibuf_I_O)         0.350     0.350 r  clk_IBUF_inst/O
                         net (fo=1, routed)           0.685     1.035    clk_IBUF
    BUFGCTRL_X0Y0        BUFG (Prop_bufg_I_O)         0.029     1.064 r  clk_IBUF_BUFG_inst/O
                         net (fo=58, routed)          0.861     1.924    fsm_ctrl_inst/clk_IBUF_BUFG
    SLICE_X1Y13          FDCE                                         r  fsm_ctrl_inst/FSM_sequential_state_reg[0]/C
                         clock pessimism             -0.342     1.582    
    SLICE_X1Y13          FDCE (Hold_fdce_C_D)         0.091     1.673    fsm_ctrl_inst/FSM_sequential_state_reg[0]
  -------------------------------------------------------------------
                         required time                         -1.673    
                         arrival time                           1.902    
  -------------------------------------------------------------------
                         slack                                  0.229    

Slack (MET) :             0.234ns  (arrival time - required time)
  Source:                 clk_div_inst/counter_1hz_reg[24]/C
                            (rising edge-triggered cell FDCE clocked by sys_clk_pin  {rise@0.000ns fall@5.000ns period=10.000ns})
  Destination:            clk_div_inst/clk_1hz_reg/D
                            (rising edge-triggered cell FDCE clocked by sys_clk_pin  {rise@0.000ns fall@5.000ns period=10.000ns})
  Path Group:             sys_clk_pin
  Path Type:              Hold (Min at Fast Process Corner)
  Requirement:            0.000ns  (sys_clk_pin rise@0.000ns - sys_clk_pin rise@0.000ns)
  Data Path Delay:        0.338ns  (logic 0.209ns (61.899%)  route 0.129ns (38.101%))
  Logic Levels:           1  (LUT6=1)
  Clock Path Skew:        0.013ns (DCD - SCD - CPR)
    Destination Clock Delay (DCD):    1.928ns
    Source Clock Delay      (SCD):    1.570ns
    Clock Pessimism Removal (CPR):    0.345ns

    Location             Delay type                Incr(ns)  Path(ns)    Netlist Resource(s)
  -------------------------------------------------------------------    -------------------
                         (clock sys_clk_pin rise edge)
                                                      0.000     0.000 r  
    R2                                                0.000     0.000 r  clk (IN)
                         net (fo=0)                   0.000     0.000    clk
    R2                   IBUF (Prop_ibuf_I_O)         0.320     0.320 r  clk_IBUF_inst/O
                         net (fo=1, routed)           0.631     0.951    clk_IBUF
    BUFGCTRL_X0Y0        BUFG (Prop_bufg_I_O)         0.026     0.977 r  clk_IBUF_BUFG_inst/O
                         net (fo=58, routed)          0.594     1.570    clk_div_inst/clk_IBUF_BUFG
    SLICE_X2Y8           FDCE                                         r  clk_div_inst/counter_1hz_reg[24]/C
  -------------------------------------------------------------------    -------------------
    SLICE_X2Y8           FDCE (Prop_fdce_C_Q)         0.164     1.734 r  clk_div_inst/counter_1hz_reg[24]/Q
                         net (fo=28, routed)          0.129     1.863    clk_div_inst/counter_1hz_reg[24]
    SLICE_X3Y8           LUT6 (Prop_lut6_I3_O)        0.045     1.908 r  clk_div_inst/clk_1hz_i_1/O
                         net (fo=1, routed)           0.000     1.908    clk_div_inst/clk_1hz_i_1_n_0
    SLICE_X3Y8           FDCE                                         r  clk_div_inst/clk_1hz_reg/D
  -------------------------------------------------------------------    -------------------

                         (clock sys_clk_pin rise edge)
                                                      0.000     0.000 r  
    R2                                                0.000     0.000 r  clk (IN)
                         net (fo=0)                   0.000     0.000    clk
    R2                   IBUF (Prop_ibuf_I_O)         0.350     0.350 r  clk_IBUF_inst/O
                         net (fo=1, routed)           0.685     1.035    clk_IBUF
    BUFGCTRL_X0Y0        BUFG (Prop_bufg_I_O)         0.029     1.064 r  clk_IBUF_BUFG_inst/O
                         net (fo=58, routed)          0.865     1.928    clk_div_inst/clk_IBUF_BUFG
    SLICE_X3Y8           FDCE                                         r  clk_div_inst/clk_1hz_reg/C
                         clock pessimism             -0.345     1.583    
    SLICE_X3Y8           FDCE (Hold_fdce_C_D)         0.091     1.674    clk_div_inst/clk_1hz_reg
  -------------------------------------------------------------------
                         required time                         -1.674    
                         arrival time                           1.908    
  -------------------------------------------------------------------
                         slack                                  0.234    

Slack (MET) :             0.236ns  (arrival time - required time)
  Source:                 clk_div_inst/counter_50hz_reg[14]/C
                            (rising edge-triggered cell FDCE clocked by sys_clk_pin  {rise@0.000ns fall@5.000ns period=10.000ns})
  Destination:            clk_div_inst/clk_50hz_reg/D
                            (rising edge-triggered cell FDCE clocked by sys_clk_pin  {rise@0.000ns fall@5.000ns period=10.000ns})
  Path Group:             sys_clk_pin
  Path Type:              Hold (Min at Fast Process Corner)
  Requirement:            0.000ns  (sys_clk_pin rise@0.000ns - sys_clk_pin rise@0.000ns)
  Data Path Delay:        0.362ns  (logic 0.186ns (51.351%)  route 0.176ns (48.649%))
  Logic Levels:           1  (LUT5=1)
  Clock Path Skew:        0.035ns (DCD - SCD - CPR)
    Destination Clock Delay (DCD):    1.927ns
    Source Clock Delay      (SCD):    1.571ns
    Clock Pessimism Removal (CPR):    0.321ns

    Location             Delay type                Incr(ns)  Path(ns)    Netlist Resource(s)
  -------------------------------------------------------------------    -------------------
                         (clock sys_clk_pin rise edge)
                                                      0.000     0.000 r  
    R2                                                0.000     0.000 r  clk (IN)
                         net (fo=0)                   0.000     0.000    clk
    R2                   IBUF (Prop_ibuf_I_O)         0.320     0.320 r  clk_IBUF_inst/O
                         net (fo=1, routed)           0.631     0.951    clk_IBUF
    BUFGCTRL_X0Y0        BUFG (Prop_bufg_I_O)         0.026     0.977 r  clk_IBUF_BUFG_inst/O
                         net (fo=58, routed)          0.595     1.571    clk_div_inst/clk_IBUF_BUFG
    SLICE_X3Y4           FDCE                                         r  clk_div_inst/counter_50hz_reg[14]/C
  -------------------------------------------------------------------    -------------------
    SLICE_X3Y4           FDCE (Prop_fdce_C_Q)         0.141     1.712 r  clk_div_inst/counter_50hz_reg[14]/Q
                         net (fo=21, routed)          0.176     1.888    clk_div_inst/counter_50hz_reg[14]
    SLICE_X4Y5           LUT5 (Prop_lut5_I3_O)        0.045     1.933 r  clk_div_inst/clk_50hz_i_1/O
                         net (fo=1, routed)           0.000     1.933    clk_div_inst/clk_50hz_i_1_n_0
    SLICE_X4Y5           FDCE                                         r  clk_div_inst/clk_50hz_reg/D
  -------------------------------------------------------------------    -------------------

                         (clock sys_clk_pin rise edge)
                                                      0.000     0.000 r  
    R2                                                0.000     0.000 r  clk (IN)
                         net (fo=0)                   0.000     0.000    clk
    R2                   IBUF (Prop_ibuf_I_O)         0.350     0.350 r  clk_IBUF_inst/O
                         net (fo=1, routed)           0.685     1.035    clk_IBUF
    BUFGCTRL_X0Y0        BUFG (Prop_bufg_I_O)         0.029     1.064 r  clk_IBUF_BUFG_inst/O
                         net (fo=58, routed)          0.864     1.927    clk_div_inst/clk_IBUF_BUFG
    SLICE_X4Y5           FDCE                                         r  clk_div_inst/clk_50hz_reg/C
                         clock pessimism             -0.321     1.606    
    SLICE_X4Y5           FDCE (Hold_fdce_C_D)         0.091     1.697    clk_div_inst/clk_50hz_reg
  -------------------------------------------------------------------
                         required time                         -1.697    
                         arrival time                           1.933    
  -------------------------------------------------------------------
                         slack                                  0.236    

Slack (MET) :             0.277ns  (arrival time - required time)
  Source:                 debouncer_3/q1_reg/C
                            (rising edge-triggered cell FDRE clocked by sys_clk_pin  {rise@0.000ns fall@5.000ns period=10.000ns})
  Destination:            debouncer_3/q2_reg/D
                            (rising edge-triggered cell FDRE clocked by sys_clk_pin  {rise@0.000ns fall@5.000ns period=10.000ns})
  Path Group:             sys_clk_pin
  Path Type:              Hold (Min at Fast Process Corner)
  Requirement:            0.000ns  (sys_clk_pin rise@0.000ns - sys_clk_pin rise@0.000ns)
  Data Path Delay:        0.340ns  (logic 0.164ns (48.174%)  route 0.176ns (51.826%))
  Logic Levels:           0  
  Clock Path Skew:        0.000ns (DCD - SCD - CPR)
    Destination Clock Delay (DCD):    1.924ns
    Source Clock Delay      (SCD):    1.567ns
    Clock Pessimism Removal (CPR):    0.357ns

    Location             Delay type                Incr(ns)  Path(ns)    Netlist Resource(s)
  -------------------------------------------------------------------    -------------------
                         (clock sys_clk_pin rise edge)
                                                      0.000     0.000 r  
    R2                                                0.000     0.000 r  clk (IN)
                         net (fo=0)                   0.000     0.000    clk
    R2                   IBUF (Prop_ibuf_I_O)         0.320     0.320 r  clk_IBUF_inst/O
                         net (fo=1, routed)           0.631     0.951    clk_IBUF
    BUFGCTRL_X0Y0        BUFG (Prop_bufg_I_O)         0.026     0.977 r  clk_IBUF_BUFG_inst/O
                         net (fo=58, routed)          0.591     1.567    debouncer_3/clk_IBUF_BUFG
    SLICE_X2Y13          FDRE                                         r  debouncer_3/q1_reg/C
  -------------------------------------------------------------------    -------------------
    SLICE_X2Y13          FDRE (Prop_fdre_C_Q)         0.164     1.731 r  debouncer_3/q1_reg/Q
                         net (fo=1, routed)           0.176     1.908    debouncer_3/q1_reg_n_0
    SLICE_X2Y13          FDRE                                         r  debouncer_3/q2_reg/D
  -------------------------------------------------------------------    -------------------

                         (clock sys_clk_pin rise edge)
                                                      0.000     0.000 r  
    R2                                                0.000     0.000 r  clk (IN)
                         net (fo=0)                   0.000     0.000    clk
    R2                   IBUF (Prop_ibuf_I_O)         0.350     0.350 r  clk_IBUF_inst/O
                         net (fo=1, routed)           0.685     1.035    clk_IBUF
    BUFGCTRL_X0Y0        BUFG (Prop_bufg_I_O)         0.029     1.064 r  clk_IBUF_BUFG_inst/O
                         net (fo=58, routed)          0.861     1.924    debouncer_3/clk_IBUF_BUFG
    SLICE_X2Y13          FDRE                                         r  debouncer_3/q2_reg/C
                         clock pessimism             -0.357     1.567    
    SLICE_X2Y13          FDRE (Hold_fdre_C_D)         0.063     1.630    debouncer_3/q2_reg
  -------------------------------------------------------------------
                         required time                         -1.630    
                         arrival time                           1.908    
  -------------------------------------------------------------------
                         slack                                  0.277    

Slack (MET) :             0.278ns  (arrival time - required time)
  Source:                 debouncer_1/q1_reg/C
                            (rising edge-triggered cell FDRE clocked by sys_clk_pin  {rise@0.000ns fall@5.000ns period=10.000ns})
  Destination:            debouncer_1/q2_reg/D
                            (rising edge-triggered cell FDRE clocked by sys_clk_pin  {rise@0.000ns fall@5.000ns period=10.000ns})
  Path Group:             sys_clk_pin
  Path Type:              Hold (Min at Fast Process Corner)
  Requirement:            0.000ns  (sys_clk_pin rise@0.000ns - sys_clk_pin rise@0.000ns)
  Data Path Delay:        0.379ns  (logic 0.141ns (37.162%)  route 0.238ns (62.838%))
  Logic Levels:           0  
  Clock Path Skew:        0.042ns (DCD - SCD - CPR)
    Destination Clock Delay (DCD):    1.928ns
    Source Clock Delay      (SCD):    1.565ns
    Clock Pessimism Removal (CPR):    0.321ns

    Location             Delay type                Incr(ns)  Path(ns)    Netlist Resource(s)
  -------------------------------------------------------------------    -------------------
                         (clock sys_clk_pin rise edge)
                                                      0.000     0.000 r  
    R2                                                0.000     0.000 r  clk (IN)
                         net (fo=0)                   0.000     0.000    clk
    R2                   IBUF (Prop_ibuf_I_O)         0.320     0.320 r  clk_IBUF_inst/O
                         net (fo=1, routed)           0.631     0.951    clk_IBUF
    BUFGCTRL_X0Y0        BUFG (Prop_bufg_I_O)         0.026     0.977 r  clk_IBUF_BUFG_inst/O
                         net (fo=58, routed)          0.589     1.565    debouncer_1/clk_IBUF_BUFG
    SLICE_X4Y13          FDRE                                         r  debouncer_1/q1_reg/C
  -------------------------------------------------------------------    -------------------
    SLICE_X4Y13          FDRE (Prop_fdre_C_Q)         0.141     1.706 r  debouncer_1/q1_reg/Q
                         net (fo=1, routed)           0.238     1.945    debouncer_1/q1
    SLICE_X2Y9           FDRE                                         r  debouncer_1/q2_reg/D
  -------------------------------------------------------------------    -------------------

                         (clock sys_clk_pin rise edge)
                                                      0.000     0.000 r  
    R2                                                0.000     0.000 r  clk (IN)
                         net (fo=0)                   0.000     0.000    clk
    R2                   IBUF (Prop_ibuf_I_O)         0.350     0.350 r  clk_IBUF_inst/O
                         net (fo=1, routed)           0.685     1.035    clk_IBUF
    BUFGCTRL_X0Y0        BUFG (Prop_bufg_I_O)         0.029     1.064 r  clk_IBUF_BUFG_inst/O
                         net (fo=58, routed)          0.865     1.928    debouncer_1/clk_IBUF_BUFG
    SLICE_X2Y9           FDRE                                         r  debouncer_1/q2_reg/C
                         clock pessimism             -0.321     1.607    
    SLICE_X2Y9           FDRE (Hold_fdre_C_D)         0.059     1.666    debouncer_1/q2_reg
  -------------------------------------------------------------------
                         required time                         -1.666    
                         arrival time                           1.945    
  -------------------------------------------------------------------
                         slack                                  0.278    

Slack (MET) :             0.282ns  (arrival time - required time)
  Source:                 debouncer_2/q1_reg/C
                            (rising edge-triggered cell FDRE clocked by sys_clk_pin  {rise@0.000ns fall@5.000ns period=10.000ns})
  Destination:            debouncer_2/q2_reg/D
                            (rising edge-triggered cell FDRE clocked by sys_clk_pin  {rise@0.000ns fall@5.000ns period=10.000ns})
  Path Group:             sys_clk_pin
  Path Type:              Hold (Min at Fast Process Corner)
  Requirement:            0.000ns  (sys_clk_pin rise@0.000ns - sys_clk_pin rise@0.000ns)
  Data Path Delay:        0.334ns  (logic 0.164ns (49.062%)  route 0.170ns (50.938%))
  Logic Levels:           0  
  Clock Path Skew:        0.000ns (DCD - SCD - CPR)
    Destination Clock Delay (DCD):    1.924ns
    Source Clock Delay      (SCD):    1.567ns
    Clock Pessimism Removal (CPR):    0.357ns

    Location             Delay type                Incr(ns)  Path(ns)    Netlist Resource(s)
  -------------------------------------------------------------------    -------------------
                         (clock sys_clk_pin rise edge)
                                                      0.000     0.000 r  
    R2                                                0.000     0.000 r  clk (IN)
                         net (fo=0)                   0.000     0.000    clk
    R2                   IBUF (Prop_ibuf_I_O)         0.320     0.320 r  clk_IBUF_inst/O
                         net (fo=1, routed)           0.631     0.951    clk_IBUF
    BUFGCTRL_X0Y0        BUFG (Prop_bufg_I_O)         0.026     0.977 r  clk_IBUF_BUFG_inst/O
                         net (fo=58, routed)          0.591     1.567    debouncer_2/clk_IBUF_BUFG
    SLICE_X2Y13          FDRE                                         r  debouncer_2/q1_reg/C
  -------------------------------------------------------------------    -------------------
    SLICE_X2Y13          FDRE (Prop_fdre_C_Q)         0.164     1.731 r  debouncer_2/q1_reg/Q
                         net (fo=1, routed)           0.170     1.902    debouncer_2/q1_reg_n_0
    SLICE_X2Y13          FDRE                                         r  debouncer_2/q2_reg/D
  -------------------------------------------------------------------    -------------------

                         (clock sys_clk_pin rise edge)
                                                      0.000     0.000 r  
    R2                                                0.000     0.000 r  clk (IN)
                         net (fo=0)                   0.000     0.000    clk
    R2                   IBUF (Prop_ibuf_I_O)         0.350     0.350 r  clk_IBUF_inst/O
                         net (fo=1, routed)           0.685     1.035    clk_IBUF
    BUFGCTRL_X0Y0        BUFG (Prop_bufg_I_O)         0.029     1.064 r  clk_IBUF_BUFG_inst/O
                         net (fo=58, routed)          0.861     1.924    debouncer_2/clk_IBUF_BUFG
    SLICE_X2Y13          FDRE                                         r  debouncer_2/q2_reg/C
                         clock pessimism             -0.357     1.567    
    SLICE_X2Y13          FDRE (Hold_fdre_C_D)         0.052     1.619    debouncer_2/q2_reg
  -------------------------------------------------------------------
                         required time                         -1.619    
                         arrival time                           1.902    
  -------------------------------------------------------------------
                         slack                                  0.282    

Slack (MET) :             0.287ns  (arrival time - required time)
  Source:                 clk_div_inst/counter_1hz_reg[23]/C
                            (rising edge-triggered cell FDCE clocked by sys_clk_pin  {rise@0.000ns fall@5.000ns period=10.000ns})
  Destination:            clk_div_inst/counter_1hz_reg[23]/D
                            (rising edge-triggered cell FDCE clocked by sys_clk_pin  {rise@0.000ns fall@5.000ns period=10.000ns})
  Path Group:             sys_clk_pin
  Path Type:              Hold (Min at Fast Process Corner)
  Requirement:            0.000ns  (sys_clk_pin rise@0.000ns - sys_clk_pin rise@0.000ns)
  Data Path Delay:        0.421ns  (logic 0.273ns (64.814%)  route 0.148ns (35.186%))
  Logic Levels:           2  (CARRY4=1 LUT6=1)
  Clock Path Skew:        0.000ns (DCD - SCD - CPR)
    Destination Clock Delay (DCD):    1.928ns
    Source Clock Delay      (SCD):    1.570ns
    Clock Pessimism Removal (CPR):    0.358ns

    Location             Delay type                Incr(ns)  Path(ns)    Netlist Resource(s)
  -------------------------------------------------------------------    -------------------
                         (clock sys_clk_pin rise edge)
                                                      0.000     0.000 r  
    R2                                                0.000     0.000 r  clk (IN)
                         net (fo=0)                   0.000     0.000    clk
    R2                   IBUF (Prop_ibuf_I_O)         0.320     0.320 r  clk_IBUF_inst/O
                         net (fo=1, routed)           0.631     0.951    clk_IBUF
    BUFGCTRL_X0Y0        BUFG (Prop_bufg_I_O)         0.026     0.977 r  clk_IBUF_BUFG_inst/O
                         net (fo=58, routed)          0.594     1.570    clk_div_inst/clk_IBUF_BUFG
    SLICE_X2Y7           FDCE                                         r  clk_div_inst/counter_1hz_reg[23]/C
  -------------------------------------------------------------------    -------------------
    SLICE_X2Y7           FDCE (Prop_fdce_C_Q)         0.164     1.734 r  clk_div_inst/counter_1hz_reg[23]/Q
                         net (fo=2, routed)           0.148     1.882    clk_div_inst/counter_1hz_reg[23]
    SLICE_X2Y7           LUT6 (Prop_lut6_I0_O)        0.045     1.927 r  clk_div_inst/counter_1hz[20]_i_2/O
                         net (fo=1, routed)           0.000     1.927    clk_div_inst/counter_1hz[20]_i_2_n_0
    SLICE_X2Y7           CARRY4 (Prop_carry4_S[3]_O[3])
                                                      0.064     1.991 r  clk_div_inst/counter_1hz_reg[20]_i_1/O[3]
                         net (fo=1, routed)           0.000     1.991    clk_div_inst/counter_1hz_reg[20]_i_1_n_4
    SLICE_X2Y7           FDCE                                         r  clk_div_inst/counter_1hz_reg[23]/D
  -------------------------------------------------------------------    -------------------

                         (clock sys_clk_pin rise edge)
                                                      0.000     0.000 r  
    R2                                                0.000     0.000 r  clk (IN)
                         net (fo=0)                   0.000     0.000    clk
    R2                   IBUF (Prop_ibuf_I_O)         0.350     0.350 r  clk_IBUF_inst/O
                         net (fo=1, routed)           0.685     1.035    clk_IBUF
    BUFGCTRL_X0Y0        BUFG (Prop_bufg_I_O)         0.029     1.064 r  clk_IBUF_BUFG_inst/O
                         net (fo=58, routed)          0.865     1.928    clk_div_inst/clk_IBUF_BUFG
    SLICE_X2Y7           FDCE                                         r  clk_div_inst/counter_1hz_reg[23]/C
                         clock pessimism             -0.358     1.570    
    SLICE_X2Y7           FDCE (Hold_fdce_C_D)         0.134     1.704    clk_div_inst/counter_1hz_reg[23]
  -------------------------------------------------------------------
                         required time                         -1.704    
                         arrival time                           1.991    
  -------------------------------------------------------------------
                         slack                                  0.287    

Slack (MET) :             0.287ns  (arrival time - required time)
  Source:                 clk_div_inst/counter_50hz_reg[19]/C
                            (rising edge-triggered cell FDCE clocked by sys_clk_pin  {rise@0.000ns fall@5.000ns period=10.000ns})
  Destination:            clk_div_inst/counter_50hz_reg[15]/D
                            (rising edge-triggered cell FDCE clocked by sys_clk_pin  {rise@0.000ns fall@5.000ns period=10.000ns})
  Path Group:             sys_clk_pin
  Path Type:              Hold (Min at Fast Process Corner)
  Requirement:            0.000ns  (sys_clk_pin rise@0.000ns - sys_clk_pin rise@0.000ns)
  Data Path Delay:        0.408ns  (logic 0.249ns (60.959%)  route 0.159ns (39.041%))
  Logic Levels:           2  (CARRY4=1 LUT5=1)
  Clock Path Skew:        0.016ns (DCD - SCD - CPR)
    Destination Clock Delay (DCD):    1.929ns
    Source Clock Delay      (SCD):    1.571ns
    Clock Pessimism Removal (CPR):    0.342ns

    Location             Delay type                Incr(ns)  Path(ns)    Netlist Resource(s)
  -------------------------------------------------------------------    -------------------
                         (clock sys_clk_pin rise edge)
                                                      0.000     0.000 r  
    R2                                                0.000     0.000 r  clk (IN)
                         net (fo=0)                   0.000     0.000    clk
    R2                   IBUF (Prop_ibuf_I_O)         0.320     0.320 r  clk_IBUF_inst/O
                         net (fo=1, routed)           0.631     0.951    clk_IBUF
    BUFGCTRL_X0Y0        BUFG (Prop_bufg_I_O)         0.026     0.977 r  clk_IBUF_BUFG_inst/O
                         net (fo=58, routed)          0.595     1.571    clk_div_inst/clk_IBUF_BUFG
    SLICE_X3Y5           FDCE                                         r  clk_div_inst/counter_50hz_reg[19]/C
  -------------------------------------------------------------------    -------------------
    SLICE_X3Y5           FDCE (Prop_fdce_C_Q)         0.141     1.712 f  clk_div_inst/counter_50hz_reg[19]/Q
                         net (fo=3, routed)           0.159     1.872    clk_div_inst/counter_50hz_reg[19]
    SLICE_X3Y4           LUT5 (Prop_lut5_I4_O)        0.045     1.917 r  clk_div_inst/counter_50hz[12]_i_2/O
                         net (fo=1, routed)           0.000     1.917    clk_div_inst/counter_50hz[12]_i_2_n_0
    SLICE_X3Y4           CARRY4 (Prop_carry4_S[3]_O[3])
                                                      0.063     1.980 r  clk_div_inst/counter_50hz_reg[12]_i_1/O[3]
                         net (fo=1, routed)           0.000     1.980    clk_div_inst/counter_50hz_reg[12]_i_1_n_4
    SLICE_X3Y4           FDCE                                         r  clk_div_inst/counter_50hz_reg[15]/D
  -------------------------------------------------------------------    -------------------

                         (clock sys_clk_pin rise edge)
                                                      0.000     0.000 r  
    R2                                                0.000     0.000 r  clk (IN)
                         net (fo=0)                   0.000     0.000    clk
    R2                   IBUF (Prop_ibuf_I_O)         0.350     0.350 r  clk_IBUF_inst/O
                         net (fo=1, routed)           0.685     1.035    clk_IBUF
    BUFGCTRL_X0Y0        BUFG (Prop_bufg_I_O)         0.029     1.064 r  clk_IBUF_BUFG_inst/O
                         net (fo=58, routed)          0.866     1.929    clk_div_inst/clk_IBUF_BUFG
    SLICE_X3Y4           FDCE                                         r  clk_div_inst/counter_50hz_reg[15]/C
                         clock pessimism             -0.342     1.587    
    SLICE_X3Y4           FDCE (Hold_fdce_C_D)         0.105     1.692    clk_div_inst/counter_50hz_reg[15]
  -------------------------------------------------------------------
                         required time                         -1.692    
                         arrival time                           1.980    
  -------------------------------------------------------------------
                         slack                                  0.287    

Slack (MET) :             0.288ns  (arrival time - required time)
  Source:                 clk_div_inst/counter_1hz_reg[11]/C
                            (rising edge-triggered cell FDCE clocked by sys_clk_pin  {rise@0.000ns fall@5.000ns period=10.000ns})
  Destination:            clk_div_inst/counter_1hz_reg[11]/D
                            (rising edge-triggered cell FDCE clocked by sys_clk_pin  {rise@0.000ns fall@5.000ns period=10.000ns})
  Path Group:             sys_clk_pin
  Path Type:              Hold (Min at Fast Process Corner)
  Requirement:            0.000ns  (sys_clk_pin rise@0.000ns - sys_clk_pin rise@0.000ns)
  Data Path Delay:        0.422ns  (logic 0.273ns (64.655%)  route 0.149ns (35.345%))
  Logic Levels:           2  (CARRY4=1 LUT6=1)
  Clock Path Skew:        0.000ns (DCD - SCD - CPR)
    Destination Clock Delay (DCD):    1.929ns
    Source Clock Delay      (SCD):    1.571ns
    Clock Pessimism Removal (CPR):    0.358ns

    Location             Delay type                Incr(ns)  Path(ns)    Netlist Resource(s)
  -------------------------------------------------------------------    -------------------
                         (clock sys_clk_pin rise edge)
                                                      0.000     0.000 r  
    R2                                                0.000     0.000 r  clk (IN)
                         net (fo=0)                   0.000     0.000    clk
    R2                   IBUF (Prop_ibuf_I_O)         0.320     0.320 r  clk_IBUF_inst/O
                         net (fo=1, routed)           0.631     0.951    clk_IBUF
    BUFGCTRL_X0Y0        BUFG (Prop_bufg_I_O)         0.026     0.977 r  clk_IBUF_BUFG_inst/O
                         net (fo=58, routed)          0.595     1.571    clk_div_inst/clk_IBUF_BUFG
    SLICE_X2Y4           FDCE                                         r  clk_div_inst/counter_1hz_reg[11]/C
  -------------------------------------------------------------------    -------------------
    SLICE_X2Y4           FDCE (Prop_fdce_C_Q)         0.164     1.735 r  clk_div_inst/counter_1hz_reg[11]/Q
                         net (fo=2, routed)           0.149     1.884    clk_div_inst/counter_1hz_reg[11]
    SLICE_X2Y4           LUT6 (Prop_lut6_I0_O)        0.045     1.929 r  clk_div_inst/counter_1hz[8]_i_2/O
                         net (fo=1, routed)           0.000     1.929    clk_div_inst/counter_1hz[8]_i_2_n_0
    SLICE_X2Y4           CARRY4 (Prop_carry4_S[3]_O[3])
                                                      0.064     1.993 r  clk_div_inst/counter_1hz_reg[8]_i_1/O[3]
                         net (fo=1, routed)           0.000     1.993    clk_div_inst/counter_1hz_reg[8]_i_1_n_4
    SLICE_X2Y4           FDCE                                         r  clk_div_inst/counter_1hz_reg[11]/D
  -------------------------------------------------------------------    -------------------

                         (clock sys_clk_pin rise edge)
                                                      0.000     0.000 r  
    R2                                                0.000     0.000 r  clk (IN)
                         net (fo=0)                   0.000     0.000    clk
    R2                   IBUF (Prop_ibuf_I_O)         0.350     0.350 r  clk_IBUF_inst/O
                         net (fo=1, routed)           0.685     1.035    clk_IBUF
    BUFGCTRL_X0Y0        BUFG (Prop_bufg_I_O)         0.029     1.064 r  clk_IBUF_BUFG_inst/O
                         net (fo=58, routed)          0.866     1.929    clk_div_inst/clk_IBUF_BUFG
    SLICE_X2Y4           FDCE                                         r  clk_div_inst/counter_1hz_reg[11]/C
                         clock pessimism             -0.358     1.571    
    SLICE_X2Y4           FDCE (Hold_fdce_C_D)         0.134     1.705    clk_div_inst/counter_1hz_reg[11]
  -------------------------------------------------------------------
                         required time                         -1.705    
                         arrival time                           1.993    
  -------------------------------------------------------------------
                         slack                                  0.288    





Pulse Width Checks
--------------------------------------------------------------------------------------
Clock Name:         sys_clk_pin
Waveform(ns):       { 0.000 5.000 }
Period(ns):         10.000
Sources:            { clk }

Check Type        Corner  Lib Pin  Reference Pin  Required(ns)  Actual(ns)  Slack(ns)  Location       Pin
Min Period        n/a     BUFG/I   n/a            2.155         10.000      7.845      BUFGCTRL_X0Y0  clk_IBUF_BUFG_inst/I
Min Period        n/a     FDCE/C   n/a            1.000         10.000      9.000      SLICE_X3Y8     clk_div_inst/clk_1hz_reg/C
Min Period        n/a     FDCE/C   n/a            1.000         10.000      9.000      SLICE_X4Y5     clk_div_inst/clk_50hz_reg/C
Min Period        n/a     FDCE/C   n/a            1.000         10.000      9.000      SLICE_X2Y2     clk_div_inst/counter_1hz_reg[0]/C
Min Period        n/a     FDCE/C   n/a            1.000         10.000      9.000      SLICE_X2Y4     clk_div_inst/counter_1hz_reg[10]/C
Min Period        n/a     FDCE/C   n/a            1.000         10.000      9.000      SLICE_X2Y4     clk_div_inst/counter_1hz_reg[11]/C
Min Period        n/a     FDCE/C   n/a            1.000         10.000      9.000      SLICE_X2Y5     clk_div_inst/counter_1hz_reg[12]/C
Min Period        n/a     FDCE/C   n/a            1.000         10.000      9.000      SLICE_X2Y5     clk_div_inst/counter_1hz_reg[13]/C
Min Period        n/a     FDCE/C   n/a            1.000         10.000      9.000      SLICE_X2Y5     clk_div_inst/counter_1hz_reg[14]/C
Min Period        n/a     FDCE/C   n/a            1.000         10.000      9.000      SLICE_X2Y5     clk_div_inst/counter_1hz_reg[15]/C
Low Pulse Width   Slow    FDCE/C   n/a            0.500         5.000       4.500      SLICE_X3Y8     clk_div_inst/clk_1hz_reg/C
Low Pulse Width   Fast    FDCE/C   n/a            0.500         5.000       4.500      SLICE_X3Y8     clk_div_inst/clk_1hz_reg/C
Low Pulse Width   Slow    FDCE/C   n/a            0.500         5.000       4.500      SLICE_X4Y5     clk_div_inst/clk_50hz_reg/C
Low Pulse Width   Fast    FDCE/C   n/a            0.500         5.000       4.500      SLICE_X4Y5     clk_div_inst/clk_50hz_reg/C
Low Pulse Width   Slow    FDCE/C   n/a            0.500         5.000       4.500      SLICE_X2Y2     clk_div_inst/counter_1hz_reg[0]/C
Low Pulse Width   Fast    FDCE/C   n/a            0.500         5.000       4.500      SLICE_X2Y2     clk_div_inst/counter_1hz_reg[0]/C
Low Pulse Width   Slow    FDCE/C   n/a            0.500         5.000       4.500      SLICE_X2Y4     clk_div_inst/counter_1hz_reg[10]/C
Low Pulse Width   Fast    FDCE/C   n/a            0.500         5.000       4.500      SLICE_X2Y4     clk_div_inst/counter_1hz_reg[10]/C
Low Pulse Width   Slow    FDCE/C   n/a            0.500         5.000       4.500      SLICE_X2Y4     clk_div_inst/counter_1hz_reg[11]/C
Low Pulse Width   Fast    FDCE/C   n/a            0.500         5.000       4.500      SLICE_X2Y4     clk_div_inst/counter_1hz_reg[11]/C
High Pulse Width  Slow    FDCE/C   n/a            0.500         5.000       4.500      SLICE_X3Y8     clk_div_inst/clk_1hz_reg/C
High Pulse Width  Fast    FDCE/C   n/a            0.500         5.000       4.500      SLICE_X3Y8     clk_div_inst/clk_1hz_reg/C
High Pulse Width  Slow    FDCE/C   n/a            0.500         5.000       4.500      SLICE_X4Y5     clk_div_inst/clk_50hz_reg/C
High Pulse Width  Fast    FDCE/C   n/a            0.500         5.000       4.500      SLICE_X4Y5     clk_div_inst/clk_50hz_reg/C
High Pulse Width  Slow    FDCE/C   n/a            0.500         5.000       4.500      SLICE_X2Y2     clk_div_inst/counter_1hz_reg[0]/C
High Pulse Width  Fast    FDCE/C   n/a            0.500         5.000       4.500      SLICE_X2Y2     clk_div_inst/counter_1hz_reg[0]/C
High Pulse Width  Slow    FDCE/C   n/a            0.500         5.000       4.500      SLICE_X2Y4     clk_div_inst/counter_1hz_reg[10]/C
High Pulse Width  Fast    FDCE/C   n/a            0.500         5.000       4.500      SLICE_X2Y4     clk_div_inst/counter_1hz_reg[10]/C
High Pulse Width  Slow    FDCE/C   n/a            0.500         5.000       4.500      SLICE_X2Y4     clk_div_inst/counter_1hz_reg[11]/C
High Pulse Width  Fast    FDCE/C   n/a            0.500         5.000       4.500      SLICE_X2Y4     clk_div_inst/counter_1hz_reg[11]/C



---------------------------------------------------------------------------------------------------
Path Group:  **async_default**
From Clock:  sys_clk_pin
  To Clock:  sys_clk_pin

Setup :            0  Failing Endpoints,  Worst Slack        6.827ns,  Total Violation        0.000ns
Hold  :            0  Failing Endpoints,  Worst Slack        0.608ns,  Total Violation        0.000ns
---------------------------------------------------------------------------------------------------


Max Delay Paths
--------------------------------------------------------------------------------------
Slack (MET) :             6.827ns  (required time - arrival time)
  Source:                 debouncer_1/q2_reg/C
                            (rising edge-triggered cell FDRE clocked by sys_clk_pin  {rise@0.000ns fall@5.000ns period=10.000ns})
  Destination:            clk_div_inst/counter_50hz_reg[0]/CLR
                            (recovery check against rising-edge clock sys_clk_pin  {rise@0.000ns fall@5.000ns period=10.000ns})
  Path Group:             **async_default**
  Path Type:              Recovery (Max at Slow Process Corner)
  Requirement:            10.000ns  (sys_clk_pin rise@10.000ns - sys_clk_pin rise@0.000ns)
  Data Path Delay:        2.710ns  (logic 0.642ns (23.689%)  route 2.068ns (76.311%))
  Logic Levels:           1  (LUT1=1)
  Clock Path Skew:        -0.022ns (DCD - SCD + CPR)
    Destination Clock Delay (DCD):    4.288ns = ( 14.288 - 10.000 ) 
    Source Clock Delay      (SCD):    4.553ns
    Clock Pessimism Removal (CPR):    0.244ns
  Clock Uncertainty:      0.035ns  ((TSJ^2 + TIJ^2)^1/2 + DJ) / 2 + PE
    Total System Jitter     (TSJ):    0.071ns
    Total Input Jitter      (TIJ):    0.000ns
    Discrete Jitter          (DJ):    0.000ns
    Phase Error              (PE):    0.000ns

    Location             Delay type                Incr(ns)  Path(ns)    Netlist Resource(s)
  -------------------------------------------------------------------    -------------------
                         (clock sys_clk_pin rise edge)
                                                      0.000     0.000 r  
    R2                                                0.000     0.000 r  clk (IN)
                         net (fo=0)                   0.000     0.000    clk
    R2                   IBUF (Prop_ibuf_I_O)         0.854     0.854 r  clk_IBUF_inst/O
                         net (fo=1, routed)           1.967     2.821    clk_IBUF
    BUFGCTRL_X0Y0        BUFG (Prop_bufg_I_O)         0.096     2.917 r  clk_IBUF_BUFG_inst/O
                         net (fo=58, routed)          1.636     4.553    debouncer_1/clk_IBUF_BUFG
    SLICE_X2Y9           FDRE                                         r  debouncer_1/q2_reg/C
  -------------------------------------------------------------------    -------------------
    SLICE_X2Y9           FDRE (Prop_fdre_C_Q)         0.518     5.071 r  debouncer_1/q2_reg/Q
                         net (fo=1, routed)           0.521     5.592    debouncer_1/resetn_clean
    SLICE_X2Y9           LUT1 (Prop_lut1_I0_O)        0.124     5.716 f  debouncer_1/FSM_sequential_state[1]_i_2/O
                         net (fo=56, routed)          1.547     7.263    clk_div_inst/clk_50hz_reg_0
    SLICE_X3Y1           FDCE                                         f  clk_div_inst/counter_50hz_reg[0]/CLR
  -------------------------------------------------------------------    -------------------

                         (clock sys_clk_pin rise edge)
                                                     10.000    10.000 r  
    R2                                                0.000    10.000 r  clk (IN)
                         net (fo=0)                   0.000    10.000    clk
    R2                   IBUF (Prop_ibuf_I_O)         0.814    10.814 r  clk_IBUF_inst/O
                         net (fo=1, routed)           1.862    12.676    clk_IBUF
    BUFGCTRL_X0Y0        BUFG (Prop_bufg_I_O)         0.091    12.767 r  clk_IBUF_BUFG_inst/O
                         net (fo=58, routed)          1.520    14.288    clk_div_inst/clk_IBUF_BUFG
    SLICE_X3Y1           FDCE                                         r  clk_div_inst/counter_50hz_reg[0]/C
                         clock pessimism              0.244    14.531    
                         clock uncertainty           -0.035    14.496    
    SLICE_X3Y1           FDCE (Recov_fdce_C_CLR)     -0.405    14.091    clk_div_inst/counter_50hz_reg[0]
  -------------------------------------------------------------------
                         required time                         14.091    
                         arrival time                          -7.263    
  -------------------------------------------------------------------
                         slack                                  6.827    

Slack (MET) :             6.827ns  (required time - arrival time)
  Source:                 debouncer_1/q2_reg/C
                            (rising edge-triggered cell FDRE clocked by sys_clk_pin  {rise@0.000ns fall@5.000ns period=10.000ns})
  Destination:            clk_div_inst/counter_50hz_reg[1]/CLR
                            (recovery check against rising-edge clock sys_clk_pin  {rise@0.000ns fall@5.000ns period=10.000ns})
  Path Group:             **async_default**
  Path Type:              Recovery (Max at Slow Process Corner)
  Requirement:            10.000ns  (sys_clk_pin rise@10.000ns - sys_clk_pin rise@0.000ns)
  Data Path Delay:        2.710ns  (logic 0.642ns (23.689%)  route 2.068ns (76.311%))
  Logic Levels:           1  (LUT1=1)
  Clock Path Skew:        -0.022ns (DCD - SCD + CPR)
    Destination Clock Delay (DCD):    4.288ns = ( 14.288 - 10.000 ) 
    Source Clock Delay      (SCD):    4.553ns
    Clock Pessimism Removal (CPR):    0.244ns
  Clock Uncertainty:      0.035ns  ((TSJ^2 + TIJ^2)^1/2 + DJ) / 2 + PE
    Total System Jitter     (TSJ):    0.071ns
    Total Input Jitter      (TIJ):    0.000ns
    Discrete Jitter          (DJ):    0.000ns
    Phase Error              (PE):    0.000ns

    Location             Delay type                Incr(ns)  Path(ns)    Netlist Resource(s)
  -------------------------------------------------------------------    -------------------
                         (clock sys_clk_pin rise edge)
                                                      0.000     0.000 r  
    R2                                                0.000     0.000 r  clk (IN)
                         net (fo=0)                   0.000     0.000    clk
    R2                   IBUF (Prop_ibuf_I_O)         0.854     0.854 r  clk_IBUF_inst/O
                         net (fo=1, routed)           1.967     2.821    clk_IBUF
    BUFGCTRL_X0Y0        BUFG (Prop_bufg_I_O)         0.096     2.917 r  clk_IBUF_BUFG_inst/O
                         net (fo=58, routed)          1.636     4.553    debouncer_1/clk_IBUF_BUFG
    SLICE_X2Y9           FDRE                                         r  debouncer_1/q2_reg/C
  -------------------------------------------------------------------    -------------------
    SLICE_X2Y9           FDRE (Prop_fdre_C_Q)         0.518     5.071 r  debouncer_1/q2_reg/Q
                         net (fo=1, routed)           0.521     5.592    debouncer_1/resetn_clean
    SLICE_X2Y9           LUT1 (Prop_lut1_I0_O)        0.124     5.716 f  debouncer_1/FSM_sequential_state[1]_i_2/O
                         net (fo=56, routed)          1.547     7.263    clk_div_inst/clk_50hz_reg_0
    SLICE_X3Y1           FDCE                                         f  clk_div_inst/counter_50hz_reg[1]/CLR
  -------------------------------------------------------------------    -------------------

                         (clock sys_clk_pin rise edge)
                                                     10.000    10.000 r  
    R2                                                0.000    10.000 r  clk (IN)
                         net (fo=0)                   0.000    10.000    clk
    R2                   IBUF (Prop_ibuf_I_O)         0.814    10.814 r  clk_IBUF_inst/O
                         net (fo=1, routed)           1.862    12.676    clk_IBUF
    BUFGCTRL_X0Y0        BUFG (Prop_bufg_I_O)         0.091    12.767 r  clk_IBUF_BUFG_inst/O
                         net (fo=58, routed)          1.520    14.288    clk_div_inst/clk_IBUF_BUFG
    SLICE_X3Y1           FDCE                                         r  clk_div_inst/counter_50hz_reg[1]/C
                         clock pessimism              0.244    14.531    
                         clock uncertainty           -0.035    14.496    
    SLICE_X3Y1           FDCE (Recov_fdce_C_CLR)     -0.405    14.091    clk_div_inst/counter_50hz_reg[1]
  -------------------------------------------------------------------
                         required time                         14.091    
                         arrival time                          -7.263    
  -------------------------------------------------------------------
                         slack                                  6.827    

Slack (MET) :             6.827ns  (required time - arrival time)
  Source:                 debouncer_1/q2_reg/C
                            (rising edge-triggered cell FDRE clocked by sys_clk_pin  {rise@0.000ns fall@5.000ns period=10.000ns})
  Destination:            clk_div_inst/counter_50hz_reg[2]/CLR
                            (recovery check against rising-edge clock sys_clk_pin  {rise@0.000ns fall@5.000ns period=10.000ns})
  Path Group:             **async_default**
  Path Type:              Recovery (Max at Slow Process Corner)
  Requirement:            10.000ns  (sys_clk_pin rise@10.000ns - sys_clk_pin rise@0.000ns)
  Data Path Delay:        2.710ns  (logic 0.642ns (23.689%)  route 2.068ns (76.311%))
  Logic Levels:           1  (LUT1=1)
  Clock Path Skew:        -0.022ns (DCD - SCD + CPR)
    Destination Clock Delay (DCD):    4.288ns = ( 14.288 - 10.000 ) 
    Source Clock Delay      (SCD):    4.553ns
    Clock Pessimism Removal (CPR):    0.244ns
  Clock Uncertainty:      0.035ns  ((TSJ^2 + TIJ^2)^1/2 + DJ) / 2 + PE
    Total System Jitter     (TSJ):    0.071ns
    Total Input Jitter      (TIJ):    0.000ns
    Discrete Jitter          (DJ):    0.000ns
    Phase Error              (PE):    0.000ns

    Location             Delay type                Incr(ns)  Path(ns)    Netlist Resource(s)
  -------------------------------------------------------------------    -------------------
                         (clock sys_clk_pin rise edge)
                                                      0.000     0.000 r  
    R2                                                0.000     0.000 r  clk (IN)
                         net (fo=0)                   0.000     0.000    clk
    R2                   IBUF (Prop_ibuf_I_O)         0.854     0.854 r  clk_IBUF_inst/O
                         net (fo=1, routed)           1.967     2.821    clk_IBUF
    BUFGCTRL_X0Y0        BUFG (Prop_bufg_I_O)         0.096     2.917 r  clk_IBUF_BUFG_inst/O
                         net (fo=58, routed)          1.636     4.553    debouncer_1/clk_IBUF_BUFG
    SLICE_X2Y9           FDRE                                         r  debouncer_1/q2_reg/C
  -------------------------------------------------------------------    -------------------
    SLICE_X2Y9           FDRE (Prop_fdre_C_Q)         0.518     5.071 r  debouncer_1/q2_reg/Q
                         net (fo=1, routed)           0.521     5.592    debouncer_1/resetn_clean
    SLICE_X2Y9           LUT1 (Prop_lut1_I0_O)        0.124     5.716 f  debouncer_1/FSM_sequential_state[1]_i_2/O
                         net (fo=56, routed)          1.547     7.263    clk_div_inst/clk_50hz_reg_0
    SLICE_X3Y1           FDCE                                         f  clk_div_inst/counter_50hz_reg[2]/CLR
  -------------------------------------------------------------------    -------------------

                         (clock sys_clk_pin rise edge)
                                                     10.000    10.000 r  
    R2                                                0.000    10.000 r  clk (IN)
                         net (fo=0)                   0.000    10.000    clk
    R2                   IBUF (Prop_ibuf_I_O)         0.814    10.814 r  clk_IBUF_inst/O
                         net (fo=1, routed)           1.862    12.676    clk_IBUF
    BUFGCTRL_X0Y0        BUFG (Prop_bufg_I_O)         0.091    12.767 r  clk_IBUF_BUFG_inst/O
                         net (fo=58, routed)          1.520    14.288    clk_div_inst/clk_IBUF_BUFG
    SLICE_X3Y1           FDCE                                         r  clk_div_inst/counter_50hz_reg[2]/C
                         clock pessimism              0.244    14.531    
                         clock uncertainty           -0.035    14.496    
    SLICE_X3Y1           FDCE (Recov_fdce_C_CLR)     -0.405    14.091    clk_div_inst/counter_50hz_reg[2]
  -------------------------------------------------------------------
                         required time                         14.091    
                         arrival time                          -7.263    
  -------------------------------------------------------------------
                         slack                                  6.827    

Slack (MET) :             6.827ns  (required time - arrival time)
  Source:                 debouncer_1/q2_reg/C
                            (rising edge-triggered cell FDRE clocked by sys_clk_pin  {rise@0.000ns fall@5.000ns period=10.000ns})
  Destination:            clk_div_inst/counter_50hz_reg[3]/CLR
                            (recovery check against rising-edge clock sys_clk_pin  {rise@0.000ns fall@5.000ns period=10.000ns})
  Path Group:             **async_default**
  Path Type:              Recovery (Max at Slow Process Corner)
  Requirement:            10.000ns  (sys_clk_pin rise@10.000ns - sys_clk_pin rise@0.000ns)
  Data Path Delay:        2.710ns  (logic 0.642ns (23.689%)  route 2.068ns (76.311%))
  Logic Levels:           1  (LUT1=1)
  Clock Path Skew:        -0.022ns (DCD - SCD + CPR)
    Destination Clock Delay (DCD):    4.288ns = ( 14.288 - 10.000 ) 
    Source Clock Delay      (SCD):    4.553ns
    Clock Pessimism Removal (CPR):    0.244ns
  Clock Uncertainty:      0.035ns  ((TSJ^2 + TIJ^2)^1/2 + DJ) / 2 + PE
    Total System Jitter     (TSJ):    0.071ns
    Total Input Jitter      (TIJ):    0.000ns
    Discrete Jitter          (DJ):    0.000ns
    Phase Error              (PE):    0.000ns

    Location             Delay type                Incr(ns)  Path(ns)    Netlist Resource(s)
  -------------------------------------------------------------------    -------------------
                         (clock sys_clk_pin rise edge)
                                                      0.000     0.000 r  
    R2                                                0.000     0.000 r  clk (IN)
                         net (fo=0)                   0.000     0.000    clk
    R2                   IBUF (Prop_ibuf_I_O)         0.854     0.854 r  clk_IBUF_inst/O
                         net (fo=1, routed)           1.967     2.821    clk_IBUF
    BUFGCTRL_X0Y0        BUFG (Prop_bufg_I_O)         0.096     2.917 r  clk_IBUF_BUFG_inst/O
                         net (fo=58, routed)          1.636     4.553    debouncer_1/clk_IBUF_BUFG
    SLICE_X2Y9           FDRE                                         r  debouncer_1/q2_reg/C
  -------------------------------------------------------------------    -------------------
    SLICE_X2Y9           FDRE (Prop_fdre_C_Q)         0.518     5.071 r  debouncer_1/q2_reg/Q
                         net (fo=1, routed)           0.521     5.592    debouncer_1/resetn_clean
    SLICE_X2Y9           LUT1 (Prop_lut1_I0_O)        0.124     5.716 f  debouncer_1/FSM_sequential_state[1]_i_2/O
                         net (fo=56, routed)          1.547     7.263    clk_div_inst/clk_50hz_reg_0
    SLICE_X3Y1           FDCE                                         f  clk_div_inst/counter_50hz_reg[3]/CLR
  -------------------------------------------------------------------    -------------------

                         (clock sys_clk_pin rise edge)
                                                     10.000    10.000 r  
    R2                                                0.000    10.000 r  clk (IN)
                         net (fo=0)                   0.000    10.000    clk
    R2                   IBUF (Prop_ibuf_I_O)         0.814    10.814 r  clk_IBUF_inst/O
                         net (fo=1, routed)           1.862    12.676    clk_IBUF
    BUFGCTRL_X0Y0        BUFG (Prop_bufg_I_O)         0.091    12.767 r  clk_IBUF_BUFG_inst/O
                         net (fo=58, routed)          1.520    14.288    clk_div_inst/clk_IBUF_BUFG
    SLICE_X3Y1           FDCE                                         r  clk_div_inst/counter_50hz_reg[3]/C
                         clock pessimism              0.244    14.531    
                         clock uncertainty           -0.035    14.496    
    SLICE_X3Y1           FDCE (Recov_fdce_C_CLR)     -0.405    14.091    clk_div_inst/counter_50hz_reg[3]
  -------------------------------------------------------------------
                         required time                         14.091    
                         arrival time                          -7.263    
  -------------------------------------------------------------------
                         slack                                  6.827    

Slack (MET) :             6.961ns  (required time - arrival time)
  Source:                 debouncer_1/q2_reg/C
                            (rising edge-triggered cell FDRE clocked by sys_clk_pin  {rise@0.000ns fall@5.000ns period=10.000ns})
  Destination:            clk_div_inst/counter_50hz_reg[4]/CLR
                            (recovery check against rising-edge clock sys_clk_pin  {rise@0.000ns fall@5.000ns period=10.000ns})
  Path Group:             **async_default**
  Path Type:              Recovery (Max at Slow Process Corner)
  Requirement:            10.000ns  (sys_clk_pin rise@10.000ns - sys_clk_pin rise@0.000ns)
  Data Path Delay:        2.577ns  (logic 0.642ns (24.916%)  route 1.935ns (75.084%))
  Logic Levels:           1  (LUT1=1)
  Clock Path Skew:        -0.022ns (DCD - SCD + CPR)
    Destination Clock Delay (DCD):    4.288ns = ( 14.288 - 10.000 ) 
    Source Clock Delay      (SCD):    4.553ns
    Clock Pessimism Removal (CPR):    0.244ns
  Clock Uncertainty:      0.035ns  ((TSJ^2 + TIJ^2)^1/2 + DJ) / 2 + PE
    Total System Jitter     (TSJ):    0.071ns
    Total Input Jitter      (TIJ):    0.000ns
    Discrete Jitter          (DJ):    0.000ns
    Phase Error              (PE):    0.000ns

    Location             Delay type                Incr(ns)  Path(ns)    Netlist Resource(s)
  -------------------------------------------------------------------    -------------------
                         (clock sys_clk_pin rise edge)
                                                      0.000     0.000 r  
    R2                                                0.000     0.000 r  clk (IN)
                         net (fo=0)                   0.000     0.000    clk
    R2                   IBUF (Prop_ibuf_I_O)         0.854     0.854 r  clk_IBUF_inst/O
                         net (fo=1, routed)           1.967     2.821    clk_IBUF
    BUFGCTRL_X0Y0        BUFG (Prop_bufg_I_O)         0.096     2.917 r  clk_IBUF_BUFG_inst/O
                         net (fo=58, routed)          1.636     4.553    debouncer_1/clk_IBUF_BUFG
    SLICE_X2Y9           FDRE                                         r  debouncer_1/q2_reg/C
  -------------------------------------------------------------------    -------------------
    SLICE_X2Y9           FDRE (Prop_fdre_C_Q)         0.518     5.071 r  debouncer_1/q2_reg/Q
                         net (fo=1, routed)           0.521     5.592    debouncer_1/resetn_clean
    SLICE_X2Y9           LUT1 (Prop_lut1_I0_O)        0.124     5.716 f  debouncer_1/FSM_sequential_state[1]_i_2/O
                         net (fo=56, routed)          1.414     7.130    clk_div_inst/clk_50hz_reg_0
    SLICE_X3Y2           FDCE                                         f  clk_div_inst/counter_50hz_reg[4]/CLR
  -------------------------------------------------------------------    -------------------

                         (clock sys_clk_pin rise edge)
                                                     10.000    10.000 r  
    R2                                                0.000    10.000 r  clk (IN)
                         net (fo=0)                   0.000    10.000    clk
    R2                   IBUF (Prop_ibuf_I_O)         0.814    10.814 r  clk_IBUF_inst/O
                         net (fo=1, routed)           1.862    12.676    clk_IBUF
    BUFGCTRL_X0Y0        BUFG (Prop_bufg_I_O)         0.091    12.767 r  clk_IBUF_BUFG_inst/O
                         net (fo=58, routed)          1.520    14.288    clk_div_inst/clk_IBUF_BUFG
    SLICE_X3Y2           FDCE                                         r  clk_div_inst/counter_50hz_reg[4]/C
                         clock pessimism              0.244    14.531    
                         clock uncertainty           -0.035    14.496    
    SLICE_X3Y2           FDCE (Recov_fdce_C_CLR)     -0.405    14.091    clk_div_inst/counter_50hz_reg[4]
  -------------------------------------------------------------------
                         required time                         14.091    
                         arrival time                          -7.130    
  -------------------------------------------------------------------
                         slack                                  6.961    

Slack (MET) :             6.961ns  (required time - arrival time)
  Source:                 debouncer_1/q2_reg/C
                            (rising edge-triggered cell FDRE clocked by sys_clk_pin  {rise@0.000ns fall@5.000ns period=10.000ns})
  Destination:            clk_div_inst/counter_50hz_reg[5]/CLR
                            (recovery check against rising-edge clock sys_clk_pin  {rise@0.000ns fall@5.000ns period=10.000ns})
  Path Group:             **async_default**
  Path Type:              Recovery (Max at Slow Process Corner)
  Requirement:            10.000ns  (sys_clk_pin rise@10.000ns - sys_clk_pin rise@0.000ns)
  Data Path Delay:        2.577ns  (logic 0.642ns (24.916%)  route 1.935ns (75.084%))
  Logic Levels:           1  (LUT1=1)
  Clock Path Skew:        -0.022ns (DCD - SCD + CPR)
    Destination Clock Delay (DCD):    4.288ns = ( 14.288 - 10.000 ) 
    Source Clock Delay      (SCD):    4.553ns
    Clock Pessimism Removal (CPR):    0.244ns
  Clock Uncertainty:      0.035ns  ((TSJ^2 + TIJ^2)^1/2 + DJ) / 2 + PE
    Total System Jitter     (TSJ):    0.071ns
    Total Input Jitter      (TIJ):    0.000ns
    Discrete Jitter          (DJ):    0.000ns
    Phase Error              (PE):    0.000ns

    Location             Delay type                Incr(ns)  Path(ns)    Netlist Resource(s)
  -------------------------------------------------------------------    -------------------
                         (clock sys_clk_pin rise edge)
                                                      0.000     0.000 r  
    R2                                                0.000     0.000 r  clk (IN)
                         net (fo=0)                   0.000     0.000    clk
    R2                   IBUF (Prop_ibuf_I_O)         0.854     0.854 r  clk_IBUF_inst/O
                         net (fo=1, routed)           1.967     2.821    clk_IBUF
    BUFGCTRL_X0Y0        BUFG (Prop_bufg_I_O)         0.096     2.917 r  clk_IBUF_BUFG_inst/O
                         net (fo=58, routed)          1.636     4.553    debouncer_1/clk_IBUF_BUFG
    SLICE_X2Y9           FDRE                                         r  debouncer_1/q2_reg/C
  -------------------------------------------------------------------    -------------------
    SLICE_X2Y9           FDRE (Prop_fdre_C_Q)         0.518     5.071 r  debouncer_1/q2_reg/Q
                         net (fo=1, routed)           0.521     5.592    debouncer_1/resetn_clean
    SLICE_X2Y9           LUT1 (Prop_lut1_I0_O)        0.124     5.716 f  debouncer_1/FSM_sequential_state[1]_i_2/O
                         net (fo=56, routed)          1.414     7.130    clk_div_inst/clk_50hz_reg_0
    SLICE_X3Y2           FDCE                                         f  clk_div_inst/counter_50hz_reg[5]/CLR
  -------------------------------------------------------------------    -------------------

                         (clock sys_clk_pin rise edge)
                                                     10.000    10.000 r  
    R2                                                0.000    10.000 r  clk (IN)
                         net (fo=0)                   0.000    10.000    clk
    R2                   IBUF (Prop_ibuf_I_O)         0.814    10.814 r  clk_IBUF_inst/O
                         net (fo=1, routed)           1.862    12.676    clk_IBUF
    BUFGCTRL_X0Y0        BUFG (Prop_bufg_I_O)         0.091    12.767 r  clk_IBUF_BUFG_inst/O
                         net (fo=58, routed)          1.520    14.288    clk_div_inst/clk_IBUF_BUFG
    SLICE_X3Y2           FDCE                                         r  clk_div_inst/counter_50hz_reg[5]/C
                         clock pessimism              0.244    14.531    
                         clock uncertainty           -0.035    14.496    
    SLICE_X3Y2           FDCE (Recov_fdce_C_CLR)     -0.405    14.091    clk_div_inst/counter_50hz_reg[5]
  -------------------------------------------------------------------
                         required time                         14.091    
                         arrival time                          -7.130    
  -------------------------------------------------------------------
                         slack                                  6.961    

Slack (MET) :             6.961ns  (required time - arrival time)
  Source:                 debouncer_1/q2_reg/C
                            (rising edge-triggered cell FDRE clocked by sys_clk_pin  {rise@0.000ns fall@5.000ns period=10.000ns})
  Destination:            clk_div_inst/counter_50hz_reg[6]/CLR
                            (recovery check against rising-edge clock sys_clk_pin  {rise@0.000ns fall@5.000ns period=10.000ns})
  Path Group:             **async_default**
  Path Type:              Recovery (Max at Slow Process Corner)
  Requirement:            10.000ns  (sys_clk_pin rise@10.000ns - sys_clk_pin rise@0.000ns)
  Data Path Delay:        2.577ns  (logic 0.642ns (24.916%)  route 1.935ns (75.084%))
  Logic Levels:           1  (LUT1=1)
  Clock Path Skew:        -0.022ns (DCD - SCD + CPR)
    Destination Clock Delay (DCD):    4.288ns = ( 14.288 - 10.000 ) 
    Source Clock Delay      (SCD):    4.553ns
    Clock Pessimism Removal (CPR):    0.244ns
  Clock Uncertainty:      0.035ns  ((TSJ^2 + TIJ^2)^1/2 + DJ) / 2 + PE
    Total System Jitter     (TSJ):    0.071ns
    Total Input Jitter      (TIJ):    0.000ns
    Discrete Jitter          (DJ):    0.000ns
    Phase Error              (PE):    0.000ns

    Location             Delay type                Incr(ns)  Path(ns)    Netlist Resource(s)
  -------------------------------------------------------------------    -------------------
                         (clock sys_clk_pin rise edge)
                                                      0.000     0.000 r  
    R2                                                0.000     0.000 r  clk (IN)
                         net (fo=0)                   0.000     0.000    clk
    R2                   IBUF (Prop_ibuf_I_O)         0.854     0.854 r  clk_IBUF_inst/O
                         net (fo=1, routed)           1.967     2.821    clk_IBUF
    BUFGCTRL_X0Y0        BUFG (Prop_bufg_I_O)         0.096     2.917 r  clk_IBUF_BUFG_inst/O
                         net (fo=58, routed)          1.636     4.553    debouncer_1/clk_IBUF_BUFG
    SLICE_X2Y9           FDRE                                         r  debouncer_1/q2_reg/C
  -------------------------------------------------------------------    -------------------
    SLICE_X2Y9           FDRE (Prop_fdre_C_Q)         0.518     5.071 r  debouncer_1/q2_reg/Q
                         net (fo=1, routed)           0.521     5.592    debouncer_1/resetn_clean
    SLICE_X2Y9           LUT1 (Prop_lut1_I0_O)        0.124     5.716 f  debouncer_1/FSM_sequential_state[1]_i_2/O
                         net (fo=56, routed)          1.414     7.130    clk_div_inst/clk_50hz_reg_0
    SLICE_X3Y2           FDCE                                         f  clk_div_inst/counter_50hz_reg[6]/CLR
  -------------------------------------------------------------------    -------------------

                         (clock sys_clk_pin rise edge)
                                                     10.000    10.000 r  
    R2                                                0.000    10.000 r  clk (IN)
                         net (fo=0)                   0.000    10.000    clk
    R2                   IBUF (Prop_ibuf_I_O)         0.814    10.814 r  clk_IBUF_inst/O
                         net (fo=1, routed)           1.862    12.676    clk_IBUF
    BUFGCTRL_X0Y0        BUFG (Prop_bufg_I_O)         0.091    12.767 r  clk_IBUF_BUFG_inst/O
                         net (fo=58, routed)          1.520    14.288    clk_div_inst/clk_IBUF_BUFG
    SLICE_X3Y2           FDCE                                         r  clk_div_inst/counter_50hz_reg[6]/C
                         clock pessimism              0.244    14.531    
                         clock uncertainty           -0.035    14.496    
    SLICE_X3Y2           FDCE (Recov_fdce_C_CLR)     -0.405    14.091    clk_div_inst/counter_50hz_reg[6]
  -------------------------------------------------------------------
                         required time                         14.091    
                         arrival time                          -7.130    
  -------------------------------------------------------------------
                         slack                                  6.961    

Slack (MET) :             6.961ns  (required time - arrival time)
  Source:                 debouncer_1/q2_reg/C
                            (rising edge-triggered cell FDRE clocked by sys_clk_pin  {rise@0.000ns fall@5.000ns period=10.000ns})
  Destination:            clk_div_inst/counter_50hz_reg[7]/CLR
                            (recovery check against rising-edge clock sys_clk_pin  {rise@0.000ns fall@5.000ns period=10.000ns})
  Path Group:             **async_default**
  Path Type:              Recovery (Max at Slow Process Corner)
  Requirement:            10.000ns  (sys_clk_pin rise@10.000ns - sys_clk_pin rise@0.000ns)
  Data Path Delay:        2.577ns  (logic 0.642ns (24.916%)  route 1.935ns (75.084%))
  Logic Levels:           1  (LUT1=1)
  Clock Path Skew:        -0.022ns (DCD - SCD + CPR)
    Destination Clock Delay (DCD):    4.288ns = ( 14.288 - 10.000 ) 
    Source Clock Delay      (SCD):    4.553ns
    Clock Pessimism Removal (CPR):    0.244ns
  Clock Uncertainty:      0.035ns  ((TSJ^2 + TIJ^2)^1/2 + DJ) / 2 + PE
    Total System Jitter     (TSJ):    0.071ns
    Total Input Jitter      (TIJ):    0.000ns
    Discrete Jitter          (DJ):    0.000ns
    Phase Error              (PE):    0.000ns

    Location             Delay type                Incr(ns)  Path(ns)    Netlist Resource(s)
  -------------------------------------------------------------------    -------------------
                         (clock sys_clk_pin rise edge)
                                                      0.000     0.000 r  
    R2                                                0.000     0.000 r  clk (IN)
                         net (fo=0)                   0.000     0.000    clk
    R2                   IBUF (Prop_ibuf_I_O)         0.854     0.854 r  clk_IBUF_inst/O
                         net (fo=1, routed)           1.967     2.821    clk_IBUF
    BUFGCTRL_X0Y0        BUFG (Prop_bufg_I_O)         0.096     2.917 r  clk_IBUF_BUFG_inst/O
                         net (fo=58, routed)          1.636     4.553    debouncer_1/clk_IBUF_BUFG
    SLICE_X2Y9           FDRE                                         r  debouncer_1/q2_reg/C
  -------------------------------------------------------------------    -------------------
    SLICE_X2Y9           FDRE (Prop_fdre_C_Q)         0.518     5.071 r  debouncer_1/q2_reg/Q
                         net (fo=1, routed)           0.521     5.592    debouncer_1/resetn_clean
    SLICE_X2Y9           LUT1 (Prop_lut1_I0_O)        0.124     5.716 f  debouncer_1/FSM_sequential_state[1]_i_2/O
                         net (fo=56, routed)          1.414     7.130    clk_div_inst/clk_50hz_reg_0
    SLICE_X3Y2           FDCE                                         f  clk_div_inst/counter_50hz_reg[7]/CLR
  -------------------------------------------------------------------    -------------------

                         (clock sys_clk_pin rise edge)
                                                     10.000    10.000 r  
    R2                                                0.000    10.000 r  clk (IN)
                         net (fo=0)                   0.000    10.000    clk
    R2                   IBUF (Prop_ibuf_I_O)         0.814    10.814 r  clk_IBUF_inst/O
                         net (fo=1, routed)           1.862    12.676    clk_IBUF
    BUFGCTRL_X0Y0        BUFG (Prop_bufg_I_O)         0.091    12.767 r  clk_IBUF_BUFG_inst/O
                         net (fo=58, routed)          1.520    14.288    clk_div_inst/clk_IBUF_BUFG
    SLICE_X3Y2           FDCE                                         r  clk_div_inst/counter_50hz_reg[7]/C
                         clock pessimism              0.244    14.531    
                         clock uncertainty           -0.035    14.496    
    SLICE_X3Y2           FDCE (Recov_fdce_C_CLR)     -0.405    14.091    clk_div_inst/counter_50hz_reg[7]
  -------------------------------------------------------------------
                         required time                         14.091    
                         arrival time                          -7.130    
  -------------------------------------------------------------------
                         slack                                  6.961    

Slack (MET) :             7.047ns  (required time - arrival time)
  Source:                 debouncer_1/q2_reg/C
                            (rising edge-triggered cell FDRE clocked by sys_clk_pin  {rise@0.000ns fall@5.000ns period=10.000ns})
  Destination:            clk_div_inst/counter_1hz_reg[0]/CLR
                            (recovery check against rising-edge clock sys_clk_pin  {rise@0.000ns fall@5.000ns period=10.000ns})
  Path Group:             **async_default**
  Path Type:              Recovery (Max at Slow Process Corner)
  Requirement:            10.000ns  (sys_clk_pin rise@10.000ns - sys_clk_pin rise@0.000ns)
  Data Path Delay:        2.577ns  (logic 0.642ns (24.916%)  route 1.935ns (75.084%))
  Logic Levels:           1  (LUT1=1)
  Clock Path Skew:        -0.022ns (DCD - SCD + CPR)
    Destination Clock Delay (DCD):    4.288ns = ( 14.288 - 10.000 ) 
    Source Clock Delay      (SCD):    4.553ns
    Clock Pessimism Removal (CPR):    0.244ns
  Clock Uncertainty:      0.035ns  ((TSJ^2 + TIJ^2)^1/2 + DJ) / 2 + PE
    Total System Jitter     (TSJ):    0.071ns
    Total Input Jitter      (TIJ):    0.000ns
    Discrete Jitter          (DJ):    0.000ns
    Phase Error              (PE):    0.000ns

    Location             Delay type                Incr(ns)  Path(ns)    Netlist Resource(s)
  -------------------------------------------------------------------    -------------------
                         (clock sys_clk_pin rise edge)
                                                      0.000     0.000 r  
    R2                                                0.000     0.000 r  clk (IN)
                         net (fo=0)                   0.000     0.000    clk
    R2                   IBUF (Prop_ibuf_I_O)         0.854     0.854 r  clk_IBUF_inst/O
                         net (fo=1, routed)           1.967     2.821    clk_IBUF
    BUFGCTRL_X0Y0        BUFG (Prop_bufg_I_O)         0.096     2.917 r  clk_IBUF_BUFG_inst/O
                         net (fo=58, routed)          1.636     4.553    debouncer_1/clk_IBUF_BUFG
    SLICE_X2Y9           FDRE                                         r  debouncer_1/q2_reg/C
  -------------------------------------------------------------------    -------------------
    SLICE_X2Y9           FDRE (Prop_fdre_C_Q)         0.518     5.071 r  debouncer_1/q2_reg/Q
                         net (fo=1, routed)           0.521     5.592    debouncer_1/resetn_clean
    SLICE_X2Y9           LUT1 (Prop_lut1_I0_O)        0.124     5.716 f  debouncer_1/FSM_sequential_state[1]_i_2/O
                         net (fo=56, routed)          1.414     7.130    clk_div_inst/clk_50hz_reg_0
    SLICE_X2Y2           FDCE                                         f  clk_div_inst/counter_1hz_reg[0]/CLR
  -------------------------------------------------------------------    -------------------

                         (clock sys_clk_pin rise edge)
                                                     10.000    10.000 r  
    R2                                                0.000    10.000 r  clk (IN)
                         net (fo=0)                   0.000    10.000    clk
    R2                   IBUF (Prop_ibuf_I_O)         0.814    10.814 r  clk_IBUF_inst/O
                         net (fo=1, routed)           1.862    12.676    clk_IBUF
    BUFGCTRL_X0Y0        BUFG (Prop_bufg_I_O)         0.091    12.767 r  clk_IBUF_BUFG_inst/O
                         net (fo=58, routed)          1.520    14.288    clk_div_inst/clk_IBUF_BUFG
    SLICE_X2Y2           FDCE                                         r  clk_div_inst/counter_1hz_reg[0]/C
                         clock pessimism              0.244    14.531    
                         clock uncertainty           -0.035    14.496    
    SLICE_X2Y2           FDCE (Recov_fdce_C_CLR)     -0.319    14.177    clk_div_inst/counter_1hz_reg[0]
  -------------------------------------------------------------------
                         required time                         14.177    
                         arrival time                          -7.130    
  -------------------------------------------------------------------
                         slack                                  7.047    

Slack (MET) :             7.047ns  (required time - arrival time)
  Source:                 debouncer_1/q2_reg/C
                            (rising edge-triggered cell FDRE clocked by sys_clk_pin  {rise@0.000ns fall@5.000ns period=10.000ns})
  Destination:            clk_div_inst/counter_1hz_reg[1]/CLR
                            (recovery check against rising-edge clock sys_clk_pin  {rise@0.000ns fall@5.000ns period=10.000ns})
  Path Group:             **async_default**
  Path Type:              Recovery (Max at Slow Process Corner)
  Requirement:            10.000ns  (sys_clk_pin rise@10.000ns - sys_clk_pin rise@0.000ns)
  Data Path Delay:        2.577ns  (logic 0.642ns (24.916%)  route 1.935ns (75.084%))
  Logic Levels:           1  (LUT1=1)
  Clock Path Skew:        -0.022ns (DCD - SCD + CPR)
    Destination Clock Delay (DCD):    4.288ns = ( 14.288 - 10.000 ) 
    Source Clock Delay      (SCD):    4.553ns
    Clock Pessimism Removal (CPR):    0.244ns
  Clock Uncertainty:      0.035ns  ((TSJ^2 + TIJ^2)^1/2 + DJ) / 2 + PE
    Total System Jitter     (TSJ):    0.071ns
    Total Input Jitter      (TIJ):    0.000ns
    Discrete Jitter          (DJ):    0.000ns
    Phase Error              (PE):    0.000ns

    Location             Delay type                Incr(ns)  Path(ns)    Netlist Resource(s)
  -------------------------------------------------------------------    -------------------
                         (clock sys_clk_pin rise edge)
                                                      0.000     0.000 r  
    R2                                                0.000     0.000 r  clk (IN)
                         net (fo=0)                   0.000     0.000    clk
    R2                   IBUF (Prop_ibuf_I_O)         0.854     0.854 r  clk_IBUF_inst/O
                         net (fo=1, routed)           1.967     2.821    clk_IBUF
    BUFGCTRL_X0Y0        BUFG (Prop_bufg_I_O)         0.096     2.917 r  clk_IBUF_BUFG_inst/O
                         net (fo=58, routed)          1.636     4.553    debouncer_1/clk_IBUF_BUFG
    SLICE_X2Y9           FDRE                                         r  debouncer_1/q2_reg/C
  -------------------------------------------------------------------    -------------------
    SLICE_X2Y9           FDRE (Prop_fdre_C_Q)         0.518     5.071 r  debouncer_1/q2_reg/Q
                         net (fo=1, routed)           0.521     5.592    debouncer_1/resetn_clean
    SLICE_X2Y9           LUT1 (Prop_lut1_I0_O)        0.124     5.716 f  debouncer_1/FSM_sequential_state[1]_i_2/O
                         net (fo=56, routed)          1.414     7.130    clk_div_inst/clk_50hz_reg_0
    SLICE_X2Y2           FDCE                                         f  clk_div_inst/counter_1hz_reg[1]/CLR
  -------------------------------------------------------------------    -------------------

                         (clock sys_clk_pin rise edge)
                                                     10.000    10.000 r  
    R2                                                0.000    10.000 r  clk (IN)
                         net (fo=0)                   0.000    10.000    clk
    R2                   IBUF (Prop_ibuf_I_O)         0.814    10.814 r  clk_IBUF_inst/O
                         net (fo=1, routed)           1.862    12.676    clk_IBUF
    BUFGCTRL_X0Y0        BUFG (Prop_bufg_I_O)         0.091    12.767 r  clk_IBUF_BUFG_inst/O
                         net (fo=58, routed)          1.520    14.288    clk_div_inst/clk_IBUF_BUFG
    SLICE_X2Y2           FDCE                                         r  clk_div_inst/counter_1hz_reg[1]/C
                         clock pessimism              0.244    14.531    
                         clock uncertainty           -0.035    14.496    
    SLICE_X2Y2           FDCE (Recov_fdce_C_CLR)     -0.319    14.177    clk_div_inst/counter_1hz_reg[1]
  -------------------------------------------------------------------
                         required time                         14.177    
                         arrival time                          -7.130    
  -------------------------------------------------------------------
                         slack                                  7.047    





Min Delay Paths
--------------------------------------------------------------------------------------
Slack (MET) :             0.608ns  (arrival time - required time)
  Source:                 debouncer_1/q2_reg/C
                            (rising edge-triggered cell FDRE clocked by sys_clk_pin  {rise@0.000ns fall@5.000ns period=10.000ns})
  Destination:            clk_div_inst/counter_1hz_reg[20]/CLR
                            (removal check against rising-edge clock sys_clk_pin  {rise@0.000ns fall@5.000ns period=10.000ns})
  Path Group:             **async_default**
  Path Type:              Removal (Min at Fast Process Corner)
  Requirement:            0.000ns  (sys_clk_pin rise@0.000ns - sys_clk_pin rise@0.000ns)
  Data Path Delay:        0.557ns  (logic 0.209ns (37.504%)  route 0.348ns (62.496%))
  Logic Levels:           1  (LUT1=1)
  Clock Path Skew:        0.016ns (DCD - SCD - CPR)
    Destination Clock Delay (DCD):    1.928ns
    Source Clock Delay      (SCD):    1.570ns
    Clock Pessimism Removal (CPR):    0.342ns

    Location             Delay type                Incr(ns)  Path(ns)    Netlist Resource(s)
  -------------------------------------------------------------------    -------------------
                         (clock sys_clk_pin rise edge)
                                                      0.000     0.000 r  
    R2                                                0.000     0.000 r  clk (IN)
                         net (fo=0)                   0.000     0.000    clk
    R2                   IBUF (Prop_ibuf_I_O)         0.320     0.320 r  clk_IBUF_inst/O
                         net (fo=1, routed)           0.631     0.951    clk_IBUF
    BUFGCTRL_X0Y0        BUFG (Prop_bufg_I_O)         0.026     0.977 r  clk_IBUF_BUFG_inst/O
                         net (fo=58, routed)          0.594     1.570    debouncer_1/clk_IBUF_BUFG
    SLICE_X2Y9           FDRE                                         r  debouncer_1/q2_reg/C
  -------------------------------------------------------------------    -------------------
    SLICE_X2Y9           FDRE (Prop_fdre_C_Q)         0.164     1.734 r  debouncer_1/q2_reg/Q
                         net (fo=1, routed)           0.163     1.897    debouncer_1/resetn_clean
    SLICE_X2Y9           LUT1 (Prop_lut1_I0_O)        0.045     1.942 f  debouncer_1/FSM_sequential_state[1]_i_2/O
                         net (fo=56, routed)          0.185     2.128    clk_div_inst/clk_50hz_reg_0
    SLICE_X2Y7           FDCE                                         f  clk_div_inst/counter_1hz_reg[20]/CLR
  -------------------------------------------------------------------    -------------------

                         (clock sys_clk_pin rise edge)
                                                      0.000     0.000 r  
    R2                                                0.000     0.000 r  clk (IN)
                         net (fo=0)                   0.000     0.000    clk
    R2                   IBUF (Prop_ibuf_I_O)         0.350     0.350 r  clk_IBUF_inst/O
                         net (fo=1, routed)           0.685     1.035    clk_IBUF
    BUFGCTRL_X0Y0        BUFG (Prop_bufg_I_O)         0.029     1.064 r  clk_IBUF_BUFG_inst/O
                         net (fo=58, routed)          0.865     1.928    clk_div_inst/clk_IBUF_BUFG
    SLICE_X2Y7           FDCE                                         r  clk_div_inst/counter_1hz_reg[20]/C
                         clock pessimism             -0.342     1.586    
    SLICE_X2Y7           FDCE (Remov_fdce_C_CLR)     -0.067     1.519    clk_div_inst/counter_1hz_reg[20]
  -------------------------------------------------------------------
                         required time                         -1.519    
                         arrival time                           2.128    
  -------------------------------------------------------------------
                         slack                                  0.608    

Slack (MET) :             0.608ns  (arrival time - required time)
  Source:                 debouncer_1/q2_reg/C
                            (rising edge-triggered cell FDRE clocked by sys_clk_pin  {rise@0.000ns fall@5.000ns period=10.000ns})
  Destination:            clk_div_inst/counter_1hz_reg[21]/CLR
                            (removal check against rising-edge clock sys_clk_pin  {rise@0.000ns fall@5.000ns period=10.000ns})
  Path Group:             **async_default**
  Path Type:              Removal (Min at Fast Process Corner)
  Requirement:            0.000ns  (sys_clk_pin rise@0.000ns - sys_clk_pin rise@0.000ns)
  Data Path Delay:        0.557ns  (logic 0.209ns (37.504%)  route 0.348ns (62.496%))
  Logic Levels:           1  (LUT1=1)
  Clock Path Skew:        0.016ns (DCD - SCD - CPR)
    Destination Clock Delay (DCD):    1.928ns
    Source Clock Delay      (SCD):    1.570ns
    Clock Pessimism Removal (CPR):    0.342ns

    Location             Delay type                Incr(ns)  Path(ns)    Netlist Resource(s)
  -------------------------------------------------------------------    -------------------
                         (clock sys_clk_pin rise edge)
                                                      0.000     0.000 r  
    R2                                                0.000     0.000 r  clk (IN)
                         net (fo=0)                   0.000     0.000    clk
    R2                   IBUF (Prop_ibuf_I_O)         0.320     0.320 r  clk_IBUF_inst/O
                         net (fo=1, routed)           0.631     0.951    clk_IBUF
    BUFGCTRL_X0Y0        BUFG (Prop_bufg_I_O)         0.026     0.977 r  clk_IBUF_BUFG_inst/O
                         net (fo=58, routed)          0.594     1.570    debouncer_1/clk_IBUF_BUFG
    SLICE_X2Y9           FDRE                                         r  debouncer_1/q2_reg/C
  -------------------------------------------------------------------    -------------------
    SLICE_X2Y9           FDRE (Prop_fdre_C_Q)         0.164     1.734 r  debouncer_1/q2_reg/Q
                         net (fo=1, routed)           0.163     1.897    debouncer_1/resetn_clean
    SLICE_X2Y9           LUT1 (Prop_lut1_I0_O)        0.045     1.942 f  debouncer_1/FSM_sequential_state[1]_i_2/O
                         net (fo=56, routed)          0.185     2.128    clk_div_inst/clk_50hz_reg_0
    SLICE_X2Y7           FDCE                                         f  clk_div_inst/counter_1hz_reg[21]/CLR
  -------------------------------------------------------------------    -------------------

                         (clock sys_clk_pin rise edge)
                                                      0.000     0.000 r  
    R2                                                0.000     0.000 r  clk (IN)
                         net (fo=0)                   0.000     0.000    clk
    R2                   IBUF (Prop_ibuf_I_O)         0.350     0.350 r  clk_IBUF_inst/O
                         net (fo=1, routed)           0.685     1.035    clk_IBUF
    BUFGCTRL_X0Y0        BUFG (Prop_bufg_I_O)         0.029     1.064 r  clk_IBUF_BUFG_inst/O
                         net (fo=58, routed)          0.865     1.928    clk_div_inst/clk_IBUF_BUFG
    SLICE_X2Y7           FDCE                                         r  clk_div_inst/counter_1hz_reg[21]/C
                         clock pessimism             -0.342     1.586    
    SLICE_X2Y7           FDCE (Remov_fdce_C_CLR)     -0.067     1.519    clk_div_inst/counter_1hz_reg[21]
  -------------------------------------------------------------------
                         required time                         -1.519    
                         arrival time                           2.128    
  -------------------------------------------------------------------
                         slack                                  0.608    

Slack (MET) :             0.608ns  (arrival time - required time)
  Source:                 debouncer_1/q2_reg/C
                            (rising edge-triggered cell FDRE clocked by sys_clk_pin  {rise@0.000ns fall@5.000ns period=10.000ns})
  Destination:            clk_div_inst/counter_1hz_reg[22]/CLR
                            (removal check against rising-edge clock sys_clk_pin  {rise@0.000ns fall@5.000ns period=10.000ns})
  Path Group:             **async_default**
  Path Type:              Removal (Min at Fast Process Corner)
  Requirement:            0.000ns  (sys_clk_pin rise@0.000ns - sys_clk_pin rise@0.000ns)
  Data Path Delay:        0.557ns  (logic 0.209ns (37.504%)  route 0.348ns (62.496%))
  Logic Levels:           1  (LUT1=1)
  Clock Path Skew:        0.016ns (DCD - SCD - CPR)
    Destination Clock Delay (DCD):    1.928ns
    Source Clock Delay      (SCD):    1.570ns
    Clock Pessimism Removal (CPR):    0.342ns

    Location             Delay type                Incr(ns)  Path(ns)    Netlist Resource(s)
  -------------------------------------------------------------------    -------------------
                         (clock sys_clk_pin rise edge)
                                                      0.000     0.000 r  
    R2                                                0.000     0.000 r  clk (IN)
                         net (fo=0)                   0.000     0.000    clk
    R2                   IBUF (Prop_ibuf_I_O)         0.320     0.320 r  clk_IBUF_inst/O
                         net (fo=1, routed)           0.631     0.951    clk_IBUF
    BUFGCTRL_X0Y0        BUFG (Prop_bufg_I_O)         0.026     0.977 r  clk_IBUF_BUFG_inst/O
                         net (fo=58, routed)          0.594     1.570    debouncer_1/clk_IBUF_BUFG
    SLICE_X2Y9           FDRE                                         r  debouncer_1/q2_reg/C
  -------------------------------------------------------------------    -------------------
    SLICE_X2Y9           FDRE (Prop_fdre_C_Q)         0.164     1.734 r  debouncer_1/q2_reg/Q
                         net (fo=1, routed)           0.163     1.897    debouncer_1/resetn_clean
    SLICE_X2Y9           LUT1 (Prop_lut1_I0_O)        0.045     1.942 f  debouncer_1/FSM_sequential_state[1]_i_2/O
                         net (fo=56, routed)          0.185     2.128    clk_div_inst/clk_50hz_reg_0
    SLICE_X2Y7           FDCE                                         f  clk_div_inst/counter_1hz_reg[22]/CLR
  -------------------------------------------------------------------    -------------------

                         (clock sys_clk_pin rise edge)
                                                      0.000     0.000 r  
    R2                                                0.000     0.000 r  clk (IN)
                         net (fo=0)                   0.000     0.000    clk
    R2                   IBUF (Prop_ibuf_I_O)         0.350     0.350 r  clk_IBUF_inst/O
                         net (fo=1, routed)           0.685     1.035    clk_IBUF
    BUFGCTRL_X0Y0        BUFG (Prop_bufg_I_O)         0.029     1.064 r  clk_IBUF_BUFG_inst/O
                         net (fo=58, routed)          0.865     1.928    clk_div_inst/clk_IBUF_BUFG
    SLICE_X2Y7           FDCE                                         r  clk_div_inst/counter_1hz_reg[22]/C
                         clock pessimism             -0.342     1.586    
    SLICE_X2Y7           FDCE (Remov_fdce_C_CLR)     -0.067     1.519    clk_div_inst/counter_1hz_reg[22]
  -------------------------------------------------------------------
                         required time                         -1.519    
                         arrival time                           2.128    
  -------------------------------------------------------------------
                         slack                                  0.608    

Slack (MET) :             0.608ns  (arrival time - required time)
  Source:                 debouncer_1/q2_reg/C
                            (rising edge-triggered cell FDRE clocked by sys_clk_pin  {rise@0.000ns fall@5.000ns period=10.000ns})
  Destination:            clk_div_inst/counter_1hz_reg[23]/CLR
                            (removal check against rising-edge clock sys_clk_pin  {rise@0.000ns fall@5.000ns period=10.000ns})
  Path Group:             **async_default**
  Path Type:              Removal (Min at Fast Process Corner)
  Requirement:            0.000ns  (sys_clk_pin rise@0.000ns - sys_clk_pin rise@0.000ns)
  Data Path Delay:        0.557ns  (logic 0.209ns (37.504%)  route 0.348ns (62.496%))
  Logic Levels:           1  (LUT1=1)
  Clock Path Skew:        0.016ns (DCD - SCD - CPR)
    Destination Clock Delay (DCD):    1.928ns
    Source Clock Delay      (SCD):    1.570ns
    Clock Pessimism Removal (CPR):    0.342ns

    Location             Delay type                Incr(ns)  Path(ns)    Netlist Resource(s)
  -------------------------------------------------------------------    -------------------
                         (clock sys_clk_pin rise edge)
                                                      0.000     0.000 r  
    R2                                                0.000     0.000 r  clk (IN)
                         net (fo=0)                   0.000     0.000    clk
    R2                   IBUF (Prop_ibuf_I_O)         0.320     0.320 r  clk_IBUF_inst/O
                         net (fo=1, routed)           0.631     0.951    clk_IBUF
    BUFGCTRL_X0Y0        BUFG (Prop_bufg_I_O)         0.026     0.977 r  clk_IBUF_BUFG_inst/O
                         net (fo=58, routed)          0.594     1.570    debouncer_1/clk_IBUF_BUFG
    SLICE_X2Y9           FDRE                                         r  debouncer_1/q2_reg/C
  -------------------------------------------------------------------    -------------------
    SLICE_X2Y9           FDRE (Prop_fdre_C_Q)         0.164     1.734 r  debouncer_1/q2_reg/Q
                         net (fo=1, routed)           0.163     1.897    debouncer_1/resetn_clean
    SLICE_X2Y9           LUT1 (Prop_lut1_I0_O)        0.045     1.942 f  debouncer_1/FSM_sequential_state[1]_i_2/O
                         net (fo=56, routed)          0.185     2.128    clk_div_inst/clk_50hz_reg_0
    SLICE_X2Y7           FDCE                                         f  clk_div_inst/counter_1hz_reg[23]/CLR
  -------------------------------------------------------------------    -------------------

                         (clock sys_clk_pin rise edge)
                                                      0.000     0.000 r  
    R2                                                0.000     0.000 r  clk (IN)
                         net (fo=0)                   0.000     0.000    clk
    R2                   IBUF (Prop_ibuf_I_O)         0.350     0.350 r  clk_IBUF_inst/O
                         net (fo=1, routed)           0.685     1.035    clk_IBUF
    BUFGCTRL_X0Y0        BUFG (Prop_bufg_I_O)         0.029     1.064 r  clk_IBUF_BUFG_inst/O
                         net (fo=58, routed)          0.865     1.928    clk_div_inst/clk_IBUF_BUFG
    SLICE_X2Y7           FDCE                                         r  clk_div_inst/counter_1hz_reg[23]/C
                         clock pessimism             -0.342     1.586    
    SLICE_X2Y7           FDCE (Remov_fdce_C_CLR)     -0.067     1.519    clk_div_inst/counter_1hz_reg[23]
  -------------------------------------------------------------------
                         required time                         -1.519    
                         arrival time                           2.128    
  -------------------------------------------------------------------
                         slack                                  0.608    

Slack (MET) :             0.669ns  (arrival time - required time)
  Source:                 debouncer_1/q2_reg/C
                            (rising edge-triggered cell FDRE clocked by sys_clk_pin  {rise@0.000ns fall@5.000ns period=10.000ns})
  Destination:            clk_div_inst/counter_1hz_reg[24]/CLR
                            (removal check against rising-edge clock sys_clk_pin  {rise@0.000ns fall@5.000ns period=10.000ns})
  Path Group:             **async_default**
  Path Type:              Removal (Min at Fast Process Corner)
  Requirement:            0.000ns  (sys_clk_pin rise@0.000ns - sys_clk_pin rise@0.000ns)
  Data Path Delay:        0.618ns  (logic 0.209ns (33.796%)  route 0.409ns (66.204%))
  Logic Levels:           1  (LUT1=1)
  Clock Path Skew:        0.016ns (DCD - SCD - CPR)
    Destination Clock Delay (DCD):    1.928ns
    Source Clock Delay      (SCD):    1.570ns
    Clock Pessimism Removal (CPR):    0.342ns

    Location             Delay type                Incr(ns)  Path(ns)    Netlist Resource(s)
  -------------------------------------------------------------------    -------------------
                         (clock sys_clk_pin rise edge)
                                                      0.000     0.000 r  
    R2                                                0.000     0.000 r  clk (IN)
                         net (fo=0)                   0.000     0.000    clk
    R2                   IBUF (Prop_ibuf_I_O)         0.320     0.320 r  clk_IBUF_inst/O
                         net (fo=1, routed)           0.631     0.951    clk_IBUF
    BUFGCTRL_X0Y0        BUFG (Prop_bufg_I_O)         0.026     0.977 r  clk_IBUF_BUFG_inst/O
                         net (fo=58, routed)          0.594     1.570    debouncer_1/clk_IBUF_BUFG
    SLICE_X2Y9           FDRE                                         r  debouncer_1/q2_reg/C
  -------------------------------------------------------------------    -------------------
    SLICE_X2Y9           FDRE (Prop_fdre_C_Q)         0.164     1.734 r  debouncer_1/q2_reg/Q
                         net (fo=1, routed)           0.163     1.897    debouncer_1/resetn_clean
    SLICE_X2Y9           LUT1 (Prop_lut1_I0_O)        0.045     1.942 f  debouncer_1/FSM_sequential_state[1]_i_2/O
                         net (fo=56, routed)          0.246     2.189    clk_div_inst/clk_50hz_reg_0
    SLICE_X2Y8           FDCE                                         f  clk_div_inst/counter_1hz_reg[24]/CLR
  -------------------------------------------------------------------    -------------------

                         (clock sys_clk_pin rise edge)
                                                      0.000     0.000 r  
    R2                                                0.000     0.000 r  clk (IN)
                         net (fo=0)                   0.000     0.000    clk
    R2                   IBUF (Prop_ibuf_I_O)         0.350     0.350 r  clk_IBUF_inst/O
                         net (fo=1, routed)           0.685     1.035    clk_IBUF
    BUFGCTRL_X0Y0        BUFG (Prop_bufg_I_O)         0.029     1.064 r  clk_IBUF_BUFG_inst/O
                         net (fo=58, routed)          0.865     1.928    clk_div_inst/clk_IBUF_BUFG
    SLICE_X2Y8           FDCE                                         r  clk_div_inst/counter_1hz_reg[24]/C
                         clock pessimism             -0.342     1.586    
    SLICE_X2Y8           FDCE (Remov_fdce_C_CLR)     -0.067     1.519    clk_div_inst/counter_1hz_reg[24]
  -------------------------------------------------------------------
                         required time                         -1.519    
                         arrival time                           2.189    
  -------------------------------------------------------------------
                         slack                                  0.669    

Slack (MET) :             0.669ns  (arrival time - required time)
  Source:                 debouncer_1/q2_reg/C
                            (rising edge-triggered cell FDRE clocked by sys_clk_pin  {rise@0.000ns fall@5.000ns period=10.000ns})
  Destination:            clk_div_inst/counter_1hz_reg[25]/CLR
                            (removal check against rising-edge clock sys_clk_pin  {rise@0.000ns fall@5.000ns period=10.000ns})
  Path Group:             **async_default**
  Path Type:              Removal (Min at Fast Process Corner)
  Requirement:            0.000ns  (sys_clk_pin rise@0.000ns - sys_clk_pin rise@0.000ns)
  Data Path Delay:        0.618ns  (logic 0.209ns (33.796%)  route 0.409ns (66.204%))
  Logic Levels:           1  (LUT1=1)
  Clock Path Skew:        0.016ns (DCD - SCD - CPR)
    Destination Clock Delay (DCD):    1.928ns
    Source Clock Delay      (SCD):    1.570ns
    Clock Pessimism Removal (CPR):    0.342ns

    Location             Delay type                Incr(ns)  Path(ns)    Netlist Resource(s)
  -------------------------------------------------------------------    -------------------
                         (clock sys_clk_pin rise edge)
                                                      0.000     0.000 r  
    R2                                                0.000     0.000 r  clk (IN)
                         net (fo=0)                   0.000     0.000    clk
    R2                   IBUF (Prop_ibuf_I_O)         0.320     0.320 r  clk_IBUF_inst/O
                         net (fo=1, routed)           0.631     0.951    clk_IBUF
    BUFGCTRL_X0Y0        BUFG (Prop_bufg_I_O)         0.026     0.977 r  clk_IBUF_BUFG_inst/O
                         net (fo=58, routed)          0.594     1.570    debouncer_1/clk_IBUF_BUFG
    SLICE_X2Y9           FDRE                                         r  debouncer_1/q2_reg/C
  -------------------------------------------------------------------    -------------------
    SLICE_X2Y9           FDRE (Prop_fdre_C_Q)         0.164     1.734 r  debouncer_1/q2_reg/Q
                         net (fo=1, routed)           0.163     1.897    debouncer_1/resetn_clean
    SLICE_X2Y9           LUT1 (Prop_lut1_I0_O)        0.045     1.942 f  debouncer_1/FSM_sequential_state[1]_i_2/O
                         net (fo=56, routed)          0.246     2.189    clk_div_inst/clk_50hz_reg_0
    SLICE_X2Y8           FDCE                                         f  clk_div_inst/counter_1hz_reg[25]/CLR
  -------------------------------------------------------------------    -------------------

                         (clock sys_clk_pin rise edge)
                                                      0.000     0.000 r  
    R2                                                0.000     0.000 r  clk (IN)
                         net (fo=0)                   0.000     0.000    clk
    R2                   IBUF (Prop_ibuf_I_O)         0.350     0.350 r  clk_IBUF_inst/O
                         net (fo=1, routed)           0.685     1.035    clk_IBUF
    BUFGCTRL_X0Y0        BUFG (Prop_bufg_I_O)         0.029     1.064 r  clk_IBUF_BUFG_inst/O
                         net (fo=58, routed)          0.865     1.928    clk_div_inst/clk_IBUF_BUFG
    SLICE_X2Y8           FDCE                                         r  clk_div_inst/counter_1hz_reg[25]/C
                         clock pessimism             -0.342     1.586    
    SLICE_X2Y8           FDCE (Remov_fdce_C_CLR)     -0.067     1.519    clk_div_inst/counter_1hz_reg[25]
  -------------------------------------------------------------------
                         required time                         -1.519    
                         arrival time                           2.189    
  -------------------------------------------------------------------
                         slack                                  0.669    

Slack (MET) :             0.694ns  (arrival time - required time)
  Source:                 debouncer_1/q2_reg/C
                            (rising edge-triggered cell FDRE clocked by sys_clk_pin  {rise@0.000ns fall@5.000ns period=10.000ns})
  Destination:            clk_div_inst/clk_1hz_reg/CLR
                            (removal check against rising-edge clock sys_clk_pin  {rise@0.000ns fall@5.000ns period=10.000ns})
  Path Group:             **async_default**
  Path Type:              Removal (Min at Fast Process Corner)
  Requirement:            0.000ns  (sys_clk_pin rise@0.000ns - sys_clk_pin rise@0.000ns)
  Data Path Delay:        0.618ns  (logic 0.209ns (33.796%)  route 0.409ns (66.204%))
  Logic Levels:           1  (LUT1=1)
  Clock Path Skew:        0.016ns (DCD - SCD - CPR)
    Destination Clock Delay (DCD):    1.928ns
    Source Clock Delay      (SCD):    1.570ns
    Clock Pessimism Removal (CPR):    0.342ns

    Location             Delay type                Incr(ns)  Path(ns)    Netlist Resource(s)
  -------------------------------------------------------------------    -------------------
                         (clock sys_clk_pin rise edge)
                                                      0.000     0.000 r  
    R2                                                0.000     0.000 r  clk (IN)
                         net (fo=0)                   0.000     0.000    clk
    R2                   IBUF (Prop_ibuf_I_O)         0.320     0.320 r  clk_IBUF_inst/O
                         net (fo=1, routed)           0.631     0.951    clk_IBUF
    BUFGCTRL_X0Y0        BUFG (Prop_bufg_I_O)         0.026     0.977 r  clk_IBUF_BUFG_inst/O
                         net (fo=58, routed)          0.594     1.570    debouncer_1/clk_IBUF_BUFG
    SLICE_X2Y9           FDRE                                         r  debouncer_1/q2_reg/C
  -------------------------------------------------------------------    -------------------
    SLICE_X2Y9           FDRE (Prop_fdre_C_Q)         0.164     1.734 r  debouncer_1/q2_reg/Q
                         net (fo=1, routed)           0.163     1.897    debouncer_1/resetn_clean
    SLICE_X2Y9           LUT1 (Prop_lut1_I0_O)        0.045     1.942 f  debouncer_1/FSM_sequential_state[1]_i_2/O
                         net (fo=56, routed)          0.246     2.189    clk_div_inst/clk_50hz_reg_0
    SLICE_X3Y8           FDCE                                         f  clk_div_inst/clk_1hz_reg/CLR
  -------------------------------------------------------------------    -------------------

                         (clock sys_clk_pin rise edge)
                                                      0.000     0.000 r  
    R2                                                0.000     0.000 r  clk (IN)
                         net (fo=0)                   0.000     0.000    clk
    R2                   IBUF (Prop_ibuf_I_O)         0.350     0.350 r  clk_IBUF_inst/O
                         net (fo=1, routed)           0.685     1.035    clk_IBUF
    BUFGCTRL_X0Y0        BUFG (Prop_bufg_I_O)         0.029     1.064 r  clk_IBUF_BUFG_inst/O
                         net (fo=58, routed)          0.865     1.928    clk_div_inst/clk_IBUF_BUFG
    SLICE_X3Y8           FDCE                                         r  clk_div_inst/clk_1hz_reg/C
                         clock pessimism             -0.342     1.586    
    SLICE_X3Y8           FDCE (Remov_fdce_C_CLR)     -0.092     1.494    clk_div_inst/clk_1hz_reg
  -------------------------------------------------------------------
                         required time                         -1.494    
                         arrival time                           2.189    
  -------------------------------------------------------------------
                         slack                                  0.694    

Slack (MET) :             0.741ns  (arrival time - required time)
  Source:                 debouncer_1/q2_reg/C
                            (rising edge-triggered cell FDRE clocked by sys_clk_pin  {rise@0.000ns fall@5.000ns period=10.000ns})
  Destination:            clk_div_inst/counter_1hz_reg[16]/CLR
                            (removal check against rising-edge clock sys_clk_pin  {rise@0.000ns fall@5.000ns period=10.000ns})
  Path Group:             **async_default**
  Path Type:              Removal (Min at Fast Process Corner)
  Requirement:            0.000ns  (sys_clk_pin rise@0.000ns - sys_clk_pin rise@0.000ns)
  Data Path Delay:        0.691ns  (logic 0.209ns (30.234%)  route 0.482ns (69.766%))
  Logic Levels:           1  (LUT1=1)
  Clock Path Skew:        0.017ns (DCD - SCD - CPR)
    Destination Clock Delay (DCD):    1.929ns
    Source Clock Delay      (SCD):    1.570ns
    Clock Pessimism Removal (CPR):    0.342ns

    Location             Delay type                Incr(ns)  Path(ns)    Netlist Resource(s)
  -------------------------------------------------------------------    -------------------
                         (clock sys_clk_pin rise edge)
                                                      0.000     0.000 r  
    R2                                                0.000     0.000 r  clk (IN)
                         net (fo=0)                   0.000     0.000    clk
    R2                   IBUF (Prop_ibuf_I_O)         0.320     0.320 r  clk_IBUF_inst/O
                         net (fo=1, routed)           0.631     0.951    clk_IBUF
    BUFGCTRL_X0Y0        BUFG (Prop_bufg_I_O)         0.026     0.977 r  clk_IBUF_BUFG_inst/O
                         net (fo=58, routed)          0.594     1.570    debouncer_1/clk_IBUF_BUFG
    SLICE_X2Y9           FDRE                                         r  debouncer_1/q2_reg/C
  -------------------------------------------------------------------    -------------------
    SLICE_X2Y9           FDRE (Prop_fdre_C_Q)         0.164     1.734 r  debouncer_1/q2_reg/Q
                         net (fo=1, routed)           0.163     1.897    debouncer_1/resetn_clean
    SLICE_X2Y9           LUT1 (Prop_lut1_I0_O)        0.045     1.942 f  debouncer_1/FSM_sequential_state[1]_i_2/O
                         net (fo=56, routed)          0.319     2.262    clk_div_inst/clk_50hz_reg_0
    SLICE_X2Y6           FDCE                                         f  clk_div_inst/counter_1hz_reg[16]/CLR
  -------------------------------------------------------------------    -------------------

                         (clock sys_clk_pin rise edge)
                                                      0.000     0.000 r  
    R2                                                0.000     0.000 r  clk (IN)
                         net (fo=0)                   0.000     0.000    clk
    R2                   IBUF (Prop_ibuf_I_O)         0.350     0.350 r  clk_IBUF_inst/O
                         net (fo=1, routed)           0.685     1.035    clk_IBUF
    BUFGCTRL_X0Y0        BUFG (Prop_bufg_I_O)         0.029     1.064 r  clk_IBUF_BUFG_inst/O
                         net (fo=58, routed)          0.866     1.929    clk_div_inst/clk_IBUF_BUFG
    SLICE_X2Y6           FDCE                                         r  clk_div_inst/counter_1hz_reg[16]/C
                         clock pessimism             -0.342     1.587    
    SLICE_X2Y6           FDCE (Remov_fdce_C_CLR)     -0.067     1.520    clk_div_inst/counter_1hz_reg[16]
  -------------------------------------------------------------------
                         required time                         -1.520    
                         arrival time                           2.262    
  -------------------------------------------------------------------
                         slack                                  0.741    

Slack (MET) :             0.741ns  (arrival time - required time)
  Source:                 debouncer_1/q2_reg/C
                            (rising edge-triggered cell FDRE clocked by sys_clk_pin  {rise@0.000ns fall@5.000ns period=10.000ns})
  Destination:            clk_div_inst/counter_1hz_reg[17]/CLR
                            (removal check against rising-edge clock sys_clk_pin  {rise@0.000ns fall@5.000ns period=10.000ns})
  Path Group:             **async_default**
  Path Type:              Removal (Min at Fast Process Corner)
  Requirement:            0.000ns  (sys_clk_pin rise@0.000ns - sys_clk_pin rise@0.000ns)
  Data Path Delay:        0.691ns  (logic 0.209ns (30.234%)  route 0.482ns (69.766%))
  Logic Levels:           1  (LUT1=1)
  Clock Path Skew:        0.017ns (DCD - SCD - CPR)
    Destination Clock Delay (DCD):    1.929ns
    Source Clock Delay      (SCD):    1.570ns
    Clock Pessimism Removal (CPR):    0.342ns

    Location             Delay type                Incr(ns)  Path(ns)    Netlist Resource(s)
  -------------------------------------------------------------------    -------------------
                         (clock sys_clk_pin rise edge)
                                                      0.000     0.000 r  
    R2                                                0.000     0.000 r  clk (IN)
                         net (fo=0)                   0.000     0.000    clk
    R2                   IBUF (Prop_ibuf_I_O)         0.320     0.320 r  clk_IBUF_inst/O
                         net (fo=1, routed)           0.631     0.951    clk_IBUF
    BUFGCTRL_X0Y0        BUFG (Prop_bufg_I_O)         0.026     0.977 r  clk_IBUF_BUFG_inst/O
                         net (fo=58, routed)          0.594     1.570    debouncer_1/clk_IBUF_BUFG
    SLICE_X2Y9           FDRE                                         r  debouncer_1/q2_reg/C
  -------------------------------------------------------------------    -------------------
    SLICE_X2Y9           FDRE (Prop_fdre_C_Q)         0.164     1.734 r  debouncer_1/q2_reg/Q
                         net (fo=1, routed)           0.163     1.897    debouncer_1/resetn_clean
    SLICE_X2Y9           LUT1 (Prop_lut1_I0_O)        0.045     1.942 f  debouncer_1/FSM_sequential_state[1]_i_2/O
                         net (fo=56, routed)          0.319     2.262    clk_div_inst/clk_50hz_reg_0
    SLICE_X2Y6           FDCE                                         f  clk_div_inst/counter_1hz_reg[17]/CLR
  -------------------------------------------------------------------    -------------------

                         (clock sys_clk_pin rise edge)
                                                      0.000     0.000 r  
    R2                                                0.000     0.000 r  clk (IN)
                         net (fo=0)                   0.000     0.000    clk
    R2                   IBUF (Prop_ibuf_I_O)         0.350     0.350 r  clk_IBUF_inst/O
                         net (fo=1, routed)           0.685     1.035    clk_IBUF
    BUFGCTRL_X0Y0        BUFG (Prop_bufg_I_O)         0.029     1.064 r  clk_IBUF_BUFG_inst/O
                         net (fo=58, routed)          0.866     1.929    clk_div_inst/clk_IBUF_BUFG
    SLICE_X2Y6           FDCE                                         r  clk_div_inst/counter_1hz_reg[17]/C
                         clock pessimism             -0.342     1.587    
    SLICE_X2Y6           FDCE (Remov_fdce_C_CLR)     -0.067     1.520    clk_div_inst/counter_1hz_reg[17]
  -------------------------------------------------------------------
                         required time                         -1.520    
                         arrival time                           2.262    
  -------------------------------------------------------------------
                         slack                                  0.741    

Slack (MET) :             0.741ns  (arrival time - required time)
  Source:                 debouncer_1/q2_reg/C
                            (rising edge-triggered cell FDRE clocked by sys_clk_pin  {rise@0.000ns fall@5.000ns period=10.000ns})
  Destination:            clk_div_inst/counter_1hz_reg[18]/CLR
                            (removal check against rising-edge clock sys_clk_pin  {rise@0.000ns fall@5.000ns period=10.000ns})
  Path Group:             **async_default**
  Path Type:              Removal (Min at Fast Process Corner)
  Requirement:            0.000ns  (sys_clk_pin rise@0.000ns - sys_clk_pin rise@0.000ns)
  Data Path Delay:        0.691ns  (logic 0.209ns (30.234%)  route 0.482ns (69.766%))
  Logic Levels:           1  (LUT1=1)
  Clock Path Skew:        0.017ns (DCD - SCD - CPR)
    Destination Clock Delay (DCD):    1.929ns
    Source Clock Delay      (SCD):    1.570ns
    Clock Pessimism Removal (CPR):    0.342ns

    Location             Delay type                Incr(ns)  Path(ns)    Netlist Resource(s)
  -------------------------------------------------------------------    -------------------
                         (clock sys_clk_pin rise edge)
                                                      0.000     0.000 r  
    R2                                                0.000     0.000 r  clk (IN)
                         net (fo=0)                   0.000     0.000    clk
    R2                   IBUF (Prop_ibuf_I_O)         0.320     0.320 r  clk_IBUF_inst/O
                         net (fo=1, routed)           0.631     0.951    clk_IBUF
    BUFGCTRL_X0Y0        BUFG (Prop_bufg_I_O)         0.026     0.977 r  clk_IBUF_BUFG_inst/O
                         net (fo=58, routed)          0.594     1.570    debouncer_1/clk_IBUF_BUFG
    SLICE_X2Y9           FDRE                                         r  debouncer_1/q2_reg/C
  -------------------------------------------------------------------    -------------------
    SLICE_X2Y9           FDRE (Prop_fdre_C_Q)         0.164     1.734 r  debouncer_1/q2_reg/Q
                         net (fo=1, routed)           0.163     1.897    debouncer_1/resetn_clean
    SLICE_X2Y9           LUT1 (Prop_lut1_I0_O)        0.045     1.942 f  debouncer_1/FSM_sequential_state[1]_i_2/O
                         net (fo=56, routed)          0.319     2.262    clk_div_inst/clk_50hz_reg_0
    SLICE_X2Y6           FDCE                                         f  clk_div_inst/counter_1hz_reg[18]/CLR
  -------------------------------------------------------------------    -------------------

                         (clock sys_clk_pin rise edge)
                                                      0.000     0.000 r  
    R2                                                0.000     0.000 r  clk (IN)
                         net (fo=0)                   0.000     0.000    clk
    R2                   IBUF (Prop_ibuf_I_O)         0.350     0.350 r  clk_IBUF_inst/O
                         net (fo=1, routed)           0.685     1.035    clk_IBUF
    BUFGCTRL_X0Y0        BUFG (Prop_bufg_I_O)         0.029     1.064 r  clk_IBUF_BUFG_inst/O
                         net (fo=58, routed)          0.866     1.929    clk_div_inst/clk_IBUF_BUFG
    SLICE_X2Y6           FDCE                                         r  clk_div_inst/counter_1hz_reg[18]/C
                         clock pessimism             -0.342     1.587    
    SLICE_X2Y6           FDCE (Remov_fdce_C_CLR)     -0.067     1.520    clk_div_inst/counter_1hz_reg[18]
  -------------------------------------------------------------------
                         required time                         -1.520    
                         arrival time                           2.262    
  -------------------------------------------------------------------
                         slack                                  0.741    





