Copyright 1986-2021 Xilinx, Inc. All Rights Reserved.
--------------------------------------------------------------------------------------------------------------------------------------------------------------------------------------------------------------------
| Tool Version : Vivado v.2021.1 (win64) Build 3247384 Thu Jun 10 19:36:33 MDT 2021
| Date         : Thu Mar 20 17:49:21 2025
| Host         : MinsungKim running 64-bit major release  (build 9200)
| Command      : report_timing_summary -max_paths 10 -file fsm_counter_top_timing_summary_routed.rpt -pb fsm_counter_top_timing_summary_routed.pb -rpx fsm_counter_top_timing_summary_routed.rpx -warn_on_violation
| Design       : fsm_counter_top
| Device       : 7s50-csga324
| Speed File   : -1  PRODUCTION 1.23 2018-06-13
--------------------------------------------------------------------------------------------------------------------------------------------------------------------------------------------------------------------

Timing Summary Report

------------------------------------------------------------------------------------------------
| Timer Settings
| --------------
------------------------------------------------------------------------------------------------

  Enable Multi Corner Analysis               :  Yes
  Enable Pessimism Removal                   :  Yes
  Pessimism Removal Resolution               :  Nearest Common Node
  Enable Input Delay Default Clock           :  No
  Enable Preset / Clear Arcs                 :  No
  Disable Flight Delays                      :  No
  Ignore I/O Paths                           :  No
  Timing Early Launch at Borrowing Latches   :  No
  Borrow Time for Max Delay Exceptions       :  Yes
  Merge Timing Exceptions                    :  Yes

  Corner  Analyze    Analyze    
  Name    Max Paths  Min Paths  
  ------  ---------  ---------  
  Slow    Yes        Yes        
  Fast    Yes        Yes        


------------------------------------------------------------------------------------------------
| Report Methodology
| ------------------
------------------------------------------------------------------------------------------------

Rule       Severity          Description                    Violations  
---------  ----------------  -----------------------------  ----------  
TIMING-17  Critical Warning  Non-clocked sequential cell    4           
TIMING-18  Warning           Missing input or output delay  13          

Note: This report is based on the most recent report_methodology run and may not be up-to-date. Run report_methodology on the current design for the latest report.



check_timing report

Table of Contents
-----------------
1. checking no_clock (4)
2. checking constant_clock (0)
3. checking pulse_width_clock (0)
4. checking unconstrained_internal_endpoints (12)
5. checking no_input_delay (3)
6. checking no_output_delay (10)
7. checking multiple_clock (0)
8. checking generated_clocks (0)
9. checking loops (0)
10. checking partial_input_delay (0)
11. checking partial_output_delay (0)
12. checking latch_loops (0)

1. checking no_clock (4)
------------------------
 There are 4 register/latch pins with no clock driven by root clock pin: clk_div_inst/clk_1hz_reg/Q (HIGH)


2. checking constant_clock (0)
------------------------------
 There are 0 register/latch pins with constant_clock.


3. checking pulse_width_clock (0)
---------------------------------
 There are 0 register/latch pins which need pulse_width check


4. checking unconstrained_internal_endpoints (12)
-------------------------------------------------
 There are 12 pins that are not constrained for maximum delay. (HIGH)

 There are 0 pins that are not constrained for maximum delay due to constant clock.


5. checking no_input_delay (3)
------------------------------
 There are 3 input ports with no input delay specified. (HIGH)

 There are 0 input ports with no input delay but user has a false path constraint.


6. checking no_output_delay (10)
--------------------------------
 There are 10 ports with no output delay specified. (HIGH)

 There are 0 ports with no output delay but user has a false path constraint

 There are 0 ports with no output delay but with a timing clock defined on it or propagating through it


7. checking multiple_clock (0)
------------------------------
 There are 0 register/latch pins with multiple clocks.


8. checking generated_clocks (0)
--------------------------------
 There are 0 generated clocks that are not connected to a clock source.


9. checking loops (0)
---------------------
 There are 0 combinational loops in the design.


10. checking partial_input_delay (0)
------------------------------------
 There are 0 input ports with partial input delay specified.


11. checking partial_output_delay (0)
-------------------------------------
 There are 0 ports with partial output delay specified.


12. checking latch_loops (0)
----------------------------
 There are 0 combinational latch loops in the design through latch input



------------------------------------------------------------------------------------------------
| Design Timing Summary
| ---------------------
------------------------------------------------------------------------------------------------

    WNS(ns)      TNS(ns)  TNS Failing Endpoints  TNS Total Endpoints      WHS(ns)      THS(ns)  THS Failing Endpoints  THS Total Endpoints     WPWS(ns)     TPWS(ns)  TPWS Failing Endpoints  TPWS Total Endpoints  
    -------      -------  ---------------------  -------------------      -------      -------  ---------------------  -------------------     --------     --------  ----------------------  --------------------  
      5.366        0.000                      0                   52        0.182        0.000                      0                   52        4.500        0.000                       0                    53  


All user specified timing constraints are met.


------------------------------------------------------------------------------------------------
| Clock Summary
| -------------
------------------------------------------------------------------------------------------------

Clock        Waveform(ns)       Period(ns)      Frequency(MHz)
-----        ------------       ----------      --------------
sys_clk_pin  {0.000 5.000}      10.000          100.000         


------------------------------------------------------------------------------------------------
| Intra Clock Table
| -----------------
------------------------------------------------------------------------------------------------

Clock             WNS(ns)      TNS(ns)  TNS Failing Endpoints  TNS Total Endpoints      WHS(ns)      THS(ns)  THS Failing Endpoints  THS Total Endpoints     WPWS(ns)     TPWS(ns)  TPWS Failing Endpoints  TPWS Total Endpoints  
-----             -------      -------  ---------------------  -------------------      -------      -------  ---------------------  -------------------     --------     --------  ----------------------  --------------------  
sys_clk_pin         5.366        0.000                      0                   52        0.182        0.000                      0                   52        4.500        0.000                       0                    53  


------------------------------------------------------------------------------------------------
| Inter Clock Table
| -----------------
------------------------------------------------------------------------------------------------

From Clock    To Clock          WNS(ns)      TNS(ns)  TNS Failing Endpoints  TNS Total Endpoints      WHS(ns)      THS(ns)  THS Failing Endpoints  THS Total Endpoints  
----------    --------          -------      -------  ---------------------  -------------------      -------      -------  ---------------------  -------------------  


------------------------------------------------------------------------------------------------
| Other Path Groups Table
| -----------------------
------------------------------------------------------------------------------------------------

Path Group    From Clock    To Clock          WNS(ns)      TNS(ns)  TNS Failing Endpoints  TNS Total Endpoints      WHS(ns)      THS(ns)  THS Failing Endpoints  THS Total Endpoints  
----------    ----------    --------          -------      -------  ---------------------  -------------------      -------      -------  ---------------------  -------------------  


------------------------------------------------------------------------------------------------
| Timing Details
| --------------
------------------------------------------------------------------------------------------------


---------------------------------------------------------------------------------------------------
From Clock:  sys_clk_pin
  To Clock:  sys_clk_pin

Setup :            0  Failing Endpoints,  Worst Slack        5.366ns,  Total Violation        0.000ns
Hold  :            0  Failing Endpoints,  Worst Slack        0.182ns,  Total Violation        0.000ns
PW    :            0  Failing Endpoints,  Worst Slack        4.500ns,  Total Violation        0.000ns
---------------------------------------------------------------------------------------------------


Max Delay Paths
--------------------------------------------------------------------------------------
Slack (MET) :             5.366ns  (required time - arrival time)
  Source:                 clk_div_inst/counter_1hz_reg[20]/C
                            (rising edge-triggered cell FDCE clocked by sys_clk_pin  {rise@0.000ns fall@5.000ns period=10.000ns})
  Destination:            clk_div_inst/counter_1hz_reg[25]/D
                            (rising edge-triggered cell FDCE clocked by sys_clk_pin  {rise@0.000ns fall@5.000ns period=10.000ns})
  Path Group:             sys_clk_pin
  Path Type:              Setup (Max at Slow Process Corner)
  Requirement:            10.000ns  (sys_clk_pin rise@10.000ns - sys_clk_pin rise@0.000ns)
  Data Path Delay:        4.683ns  (logic 2.224ns (47.495%)  route 2.459ns (52.505%))
  Logic Levels:           9  (CARRY4=7 LUT5=1 LUT6=1)
  Clock Path Skew:        -0.025ns (DCD - SCD + CPR)
    Destination Clock Delay (DCD):    4.286ns = ( 14.286 - 10.000 ) 
    Source Clock Delay      (SCD):    4.554ns
    Clock Pessimism Removal (CPR):    0.244ns
  Clock Uncertainty:      0.035ns  ((TSJ^2 + TIJ^2)^1/2 + DJ) / 2 + PE
    Total System Jitter     (TSJ):    0.071ns
    Total Input Jitter      (TIJ):    0.000ns
    Discrete Jitter          (DJ):    0.000ns
    Phase Error              (PE):    0.000ns

    Location             Delay type                Incr(ns)  Path(ns)    Netlist Resource(s)
  -------------------------------------------------------------------    -------------------
                         (clock sys_clk_pin rise edge)
                                                      0.000     0.000 r  
    R2                                                0.000     0.000 r  clk (IN)
                         net (fo=0)                   0.000     0.000    clk
    R2                   IBUF (Prop_ibuf_I_O)         0.854     0.854 r  clk_IBUF_inst/O
                         net (fo=1, routed)           1.967     2.821    clk_IBUF
    BUFGCTRL_X0Y0        BUFG (Prop_bufg_I_O)         0.096     2.917 r  clk_IBUF_BUFG_inst/O
                         net (fo=52, routed)          1.637     4.554    clk_div_inst/clk_IBUF_BUFG
    SLICE_X2Y7           FDCE                                         r  clk_div_inst/counter_1hz_reg[20]/C
  -------------------------------------------------------------------    -------------------
    SLICE_X2Y7           FDCE (Prop_fdce_C_Q)         0.518     5.072 f  clk_div_inst/counter_1hz_reg[20]/Q
                         net (fo=2, routed)           0.677     5.749    clk_div_inst/counter_1hz_reg[20]
    SLICE_X3Y7           LUT5 (Prop_lut5_I2_O)        0.124     5.873 r  clk_div_inst/clk_1hz_i_3/O
                         net (fo=27, routed)          1.592     7.466    clk_div_inst/clk_1hz_i_3_n_0
    SLICE_X3Y2           LUT6 (Prop_lut6_I3_O)        0.124     7.590 r  clk_div_inst/counter_1hz[0]_i_2/O
                         net (fo=1, routed)           0.189     7.779    clk_div_inst/counter_1hz[0]_i_2_n_0
    SLICE_X2Y2           CARRY4 (Prop_carry4_DI[0]_CO[3])
                                                      0.550     8.329 r  clk_div_inst/counter_1hz_reg[0]_i_1/CO[3]
                         net (fo=1, routed)           0.000     8.329    clk_div_inst/counter_1hz_reg[0]_i_1_n_0
    SLICE_X2Y3           CARRY4 (Prop_carry4_CI_CO[3])
                                                      0.117     8.446 r  clk_div_inst/counter_1hz_reg[4]_i_1/CO[3]
                         net (fo=1, routed)           0.000     8.446    clk_div_inst/counter_1hz_reg[4]_i_1_n_0
    SLICE_X2Y4           CARRY4 (Prop_carry4_CI_CO[3])
                                                      0.117     8.563 r  clk_div_inst/counter_1hz_reg[8]_i_1/CO[3]
                         net (fo=1, routed)           0.000     8.563    clk_div_inst/counter_1hz_reg[8]_i_1_n_0
    SLICE_X2Y5           CARRY4 (Prop_carry4_CI_CO[3])
                                                      0.117     8.680 r  clk_div_inst/counter_1hz_reg[12]_i_1/CO[3]
                         net (fo=1, routed)           0.000     8.680    clk_div_inst/counter_1hz_reg[12]_i_1_n_0
    SLICE_X2Y6           CARRY4 (Prop_carry4_CI_CO[3])
                                                      0.117     8.797 r  clk_div_inst/counter_1hz_reg[16]_i_1/CO[3]
                         net (fo=1, routed)           0.000     8.797    clk_div_inst/counter_1hz_reg[16]_i_1_n_0
    SLICE_X2Y7           CARRY4 (Prop_carry4_CI_CO[3])
                                                      0.117     8.914 r  clk_div_inst/counter_1hz_reg[20]_i_1/CO[3]
                         net (fo=1, routed)           0.000     8.914    clk_div_inst/counter_1hz_reg[20]_i_1_n_0
    SLICE_X2Y8           CARRY4 (Prop_carry4_CI_O[1])
                                                      0.323     9.237 r  clk_div_inst/counter_1hz_reg[24]_i_1/O[1]
                         net (fo=1, routed)           0.000     9.237    clk_div_inst/counter_1hz_reg[24]_i_1_n_6
    SLICE_X2Y8           FDCE                                         r  clk_div_inst/counter_1hz_reg[25]/D
  -------------------------------------------------------------------    -------------------

                         (clock sys_clk_pin rise edge)
                                                     10.000    10.000 r  
    R2                                                0.000    10.000 r  clk (IN)
                         net (fo=0)                   0.000    10.000    clk
    R2                   IBUF (Prop_ibuf_I_O)         0.814    10.814 r  clk_IBUF_inst/O
                         net (fo=1, routed)           1.862    12.676    clk_IBUF
    BUFGCTRL_X0Y0        BUFG (Prop_bufg_I_O)         0.091    12.767 r  clk_IBUF_BUFG_inst/O
                         net (fo=52, routed)          1.518    14.286    clk_div_inst/clk_IBUF_BUFG
    SLICE_X2Y8           FDCE                                         r  clk_div_inst/counter_1hz_reg[25]/C
                         clock pessimism              0.244    14.529    
                         clock uncertainty           -0.035    14.494    
    SLICE_X2Y8           FDCE (Setup_fdce_C_D)        0.109    14.603    clk_div_inst/counter_1hz_reg[25]
  -------------------------------------------------------------------
                         required time                         14.603    
                         arrival time                          -9.237    
  -------------------------------------------------------------------
                         slack                                  5.366    

Slack (MET) :             5.470ns  (required time - arrival time)
  Source:                 clk_div_inst/counter_1hz_reg[20]/C
                            (rising edge-triggered cell FDCE clocked by sys_clk_pin  {rise@0.000ns fall@5.000ns period=10.000ns})
  Destination:            clk_div_inst/counter_1hz_reg[24]/D
                            (rising edge-triggered cell FDCE clocked by sys_clk_pin  {rise@0.000ns fall@5.000ns period=10.000ns})
  Path Group:             sys_clk_pin
  Path Type:              Setup (Max at Slow Process Corner)
  Requirement:            10.000ns  (sys_clk_pin rise@10.000ns - sys_clk_pin rise@0.000ns)
  Data Path Delay:        4.579ns  (logic 2.120ns (46.303%)  route 2.459ns (53.697%))
  Logic Levels:           9  (CARRY4=7 LUT5=1 LUT6=1)
  Clock Path Skew:        -0.025ns (DCD - SCD + CPR)
    Destination Clock Delay (DCD):    4.286ns = ( 14.286 - 10.000 ) 
    Source Clock Delay      (SCD):    4.554ns
    Clock Pessimism Removal (CPR):    0.244ns
  Clock Uncertainty:      0.035ns  ((TSJ^2 + TIJ^2)^1/2 + DJ) / 2 + PE
    Total System Jitter     (TSJ):    0.071ns
    Total Input Jitter      (TIJ):    0.000ns
    Discrete Jitter          (DJ):    0.000ns
    Phase Error              (PE):    0.000ns

    Location             Delay type                Incr(ns)  Path(ns)    Netlist Resource(s)
  -------------------------------------------------------------------    -------------------
                         (clock sys_clk_pin rise edge)
                                                      0.000     0.000 r  
    R2                                                0.000     0.000 r  clk (IN)
                         net (fo=0)                   0.000     0.000    clk
    R2                   IBUF (Prop_ibuf_I_O)         0.854     0.854 r  clk_IBUF_inst/O
                         net (fo=1, routed)           1.967     2.821    clk_IBUF
    BUFGCTRL_X0Y0        BUFG (Prop_bufg_I_O)         0.096     2.917 r  clk_IBUF_BUFG_inst/O
                         net (fo=52, routed)          1.637     4.554    clk_div_inst/clk_IBUF_BUFG
    SLICE_X2Y7           FDCE                                         r  clk_div_inst/counter_1hz_reg[20]/C
  -------------------------------------------------------------------    -------------------
    SLICE_X2Y7           FDCE (Prop_fdce_C_Q)         0.518     5.072 f  clk_div_inst/counter_1hz_reg[20]/Q
                         net (fo=2, routed)           0.677     5.749    clk_div_inst/counter_1hz_reg[20]
    SLICE_X3Y7           LUT5 (Prop_lut5_I2_O)        0.124     5.873 r  clk_div_inst/clk_1hz_i_3/O
                         net (fo=27, routed)          1.592     7.466    clk_div_inst/clk_1hz_i_3_n_0
    SLICE_X3Y2           LUT6 (Prop_lut6_I3_O)        0.124     7.590 r  clk_div_inst/counter_1hz[0]_i_2/O
                         net (fo=1, routed)           0.189     7.779    clk_div_inst/counter_1hz[0]_i_2_n_0
    SLICE_X2Y2           CARRY4 (Prop_carry4_DI[0]_CO[3])
                                                      0.550     8.329 r  clk_div_inst/counter_1hz_reg[0]_i_1/CO[3]
                         net (fo=1, routed)           0.000     8.329    clk_div_inst/counter_1hz_reg[0]_i_1_n_0
    SLICE_X2Y3           CARRY4 (Prop_carry4_CI_CO[3])
                                                      0.117     8.446 r  clk_div_inst/counter_1hz_reg[4]_i_1/CO[3]
                         net (fo=1, routed)           0.000     8.446    clk_div_inst/counter_1hz_reg[4]_i_1_n_0
    SLICE_X2Y4           CARRY4 (Prop_carry4_CI_CO[3])
                                                      0.117     8.563 r  clk_div_inst/counter_1hz_reg[8]_i_1/CO[3]
                         net (fo=1, routed)           0.000     8.563    clk_div_inst/counter_1hz_reg[8]_i_1_n_0
    SLICE_X2Y5           CARRY4 (Prop_carry4_CI_CO[3])
                                                      0.117     8.680 r  clk_div_inst/counter_1hz_reg[12]_i_1/CO[3]
                         net (fo=1, routed)           0.000     8.680    clk_div_inst/counter_1hz_reg[12]_i_1_n_0
    SLICE_X2Y6           CARRY4 (Prop_carry4_CI_CO[3])
                                                      0.117     8.797 r  clk_div_inst/counter_1hz_reg[16]_i_1/CO[3]
                         net (fo=1, routed)           0.000     8.797    clk_div_inst/counter_1hz_reg[16]_i_1_n_0
    SLICE_X2Y7           CARRY4 (Prop_carry4_CI_CO[3])
                                                      0.117     8.914 r  clk_div_inst/counter_1hz_reg[20]_i_1/CO[3]
                         net (fo=1, routed)           0.000     8.914    clk_div_inst/counter_1hz_reg[20]_i_1_n_0
    SLICE_X2Y8           CARRY4 (Prop_carry4_CI_O[0])
                                                      0.219     9.133 r  clk_div_inst/counter_1hz_reg[24]_i_1/O[0]
                         net (fo=1, routed)           0.000     9.133    clk_div_inst/counter_1hz_reg[24]_i_1_n_7
    SLICE_X2Y8           FDCE                                         r  clk_div_inst/counter_1hz_reg[24]/D
  -------------------------------------------------------------------    -------------------

                         (clock sys_clk_pin rise edge)
                                                     10.000    10.000 r  
    R2                                                0.000    10.000 r  clk (IN)
                         net (fo=0)                   0.000    10.000    clk
    R2                   IBUF (Prop_ibuf_I_O)         0.814    10.814 r  clk_IBUF_inst/O
                         net (fo=1, routed)           1.862    12.676    clk_IBUF
    BUFGCTRL_X0Y0        BUFG (Prop_bufg_I_O)         0.091    12.767 r  clk_IBUF_BUFG_inst/O
                         net (fo=52, routed)          1.518    14.286    clk_div_inst/clk_IBUF_BUFG
    SLICE_X2Y8           FDCE                                         r  clk_div_inst/counter_1hz_reg[24]/C
                         clock pessimism              0.244    14.529    
                         clock uncertainty           -0.035    14.494    
    SLICE_X2Y8           FDCE (Setup_fdce_C_D)        0.109    14.603    clk_div_inst/counter_1hz_reg[24]
  -------------------------------------------------------------------
                         required time                         14.603    
                         arrival time                          -9.133    
  -------------------------------------------------------------------
                         slack                                  5.470    

Slack (MET) :             5.490ns  (required time - arrival time)
  Source:                 clk_div_inst/counter_1hz_reg[15]/C
                            (rising edge-triggered cell FDCE clocked by sys_clk_pin  {rise@0.000ns fall@5.000ns period=10.000ns})
  Destination:            clk_div_inst/counter_1hz_reg[21]/D
                            (rising edge-triggered cell FDCE clocked by sys_clk_pin  {rise@0.000ns fall@5.000ns period=10.000ns})
  Path Group:             sys_clk_pin
  Path Type:              Setup (Max at Slow Process Corner)
  Requirement:            10.000ns  (sys_clk_pin rise@10.000ns - sys_clk_pin rise@0.000ns)
  Data Path Delay:        4.557ns  (logic 2.231ns (48.953%)  route 2.326ns (51.047%))
  Logic Levels:           9  (CARRY4=6 LUT4=1 LUT6=2)
  Clock Path Skew:        -0.026ns (DCD - SCD + CPR)
    Destination Clock Delay (DCD):    4.286ns = ( 14.286 - 10.000 ) 
    Source Clock Delay      (SCD):    4.555ns
    Clock Pessimism Removal (CPR):    0.244ns
  Clock Uncertainty:      0.035ns  ((TSJ^2 + TIJ^2)^1/2 + DJ) / 2 + PE
    Total System Jitter     (TSJ):    0.071ns
    Total Input Jitter      (TIJ):    0.000ns
    Discrete Jitter          (DJ):    0.000ns
    Phase Error              (PE):    0.000ns

    Location             Delay type                Incr(ns)  Path(ns)    Netlist Resource(s)
  -------------------------------------------------------------------    -------------------
                         (clock sys_clk_pin rise edge)
                                                      0.000     0.000 r  
    R2                                                0.000     0.000 r  clk (IN)
                         net (fo=0)                   0.000     0.000    clk
    R2                   IBUF (Prop_ibuf_I_O)         0.854     0.854 r  clk_IBUF_inst/O
                         net (fo=1, routed)           1.967     2.821    clk_IBUF
    BUFGCTRL_X0Y0        BUFG (Prop_bufg_I_O)         0.096     2.917 r  clk_IBUF_BUFG_inst/O
                         net (fo=52, routed)          1.638     4.555    clk_div_inst/clk_IBUF_BUFG
    SLICE_X2Y5           FDCE                                         r  clk_div_inst/counter_1hz_reg[15]/C
  -------------------------------------------------------------------    -------------------
    SLICE_X2Y5           FDCE (Prop_fdce_C_Q)         0.518     5.073 f  clk_div_inst/counter_1hz_reg[15]/Q
                         net (fo=2, routed)           0.676     5.749    clk_div_inst/counter_1hz_reg[15]
    SLICE_X3Y5           LUT4 (Prop_lut4_I0_O)        0.124     5.873 r  clk_div_inst/clk_1hz_i_4/O
                         net (fo=1, routed)           0.797     6.671    clk_div_inst/clk_1hz_i_4_n_0
    SLICE_X3Y4           LUT6 (Prop_lut6_I2_O)        0.124     6.795 f  clk_div_inst/clk_1hz_i_2/O
                         net (fo=26, routed)          0.664     7.459    clk_div_inst/clk_1hz_i_2_n_0
    SLICE_X3Y2           LUT6 (Prop_lut6_I2_O)        0.124     7.583 r  clk_div_inst/counter_1hz[0]_i_2/O
                         net (fo=1, routed)           0.189     7.772    clk_div_inst/counter_1hz[0]_i_2_n_0
    SLICE_X2Y2           CARRY4 (Prop_carry4_DI[0]_CO[3])
                                                      0.550     8.322 r  clk_div_inst/counter_1hz_reg[0]_i_1/CO[3]
                         net (fo=1, routed)           0.000     8.322    clk_div_inst/counter_1hz_reg[0]_i_1_n_0
    SLICE_X2Y3           CARRY4 (Prop_carry4_CI_CO[3])
                                                      0.117     8.439 r  clk_div_inst/counter_1hz_reg[4]_i_1/CO[3]
                         net (fo=1, routed)           0.000     8.439    clk_div_inst/counter_1hz_reg[4]_i_1_n_0
    SLICE_X2Y4           CARRY4 (Prop_carry4_CI_CO[3])
                                                      0.117     8.556 r  clk_div_inst/counter_1hz_reg[8]_i_1/CO[3]
                         net (fo=1, routed)           0.000     8.556    clk_div_inst/counter_1hz_reg[8]_i_1_n_0
    SLICE_X2Y5           CARRY4 (Prop_carry4_CI_CO[3])
                                                      0.117     8.673 r  clk_div_inst/counter_1hz_reg[12]_i_1/CO[3]
                         net (fo=1, routed)           0.000     8.673    clk_div_inst/counter_1hz_reg[12]_i_1_n_0
    SLICE_X2Y6           CARRY4 (Prop_carry4_CI_CO[3])
                                                      0.117     8.790 r  clk_div_inst/counter_1hz_reg[16]_i_1/CO[3]
                         net (fo=1, routed)           0.000     8.790    clk_div_inst/counter_1hz_reg[16]_i_1_n_0
    SLICE_X2Y7           CARRY4 (Prop_carry4_CI_O[1])
                                                      0.323     9.113 r  clk_div_inst/counter_1hz_reg[20]_i_1/O[1]
                         net (fo=1, routed)           0.000     9.113    clk_div_inst/counter_1hz_reg[20]_i_1_n_6
    SLICE_X2Y7           FDCE                                         r  clk_div_inst/counter_1hz_reg[21]/D
  -------------------------------------------------------------------    -------------------

                         (clock sys_clk_pin rise edge)
                                                     10.000    10.000 r  
    R2                                                0.000    10.000 r  clk (IN)
                         net (fo=0)                   0.000    10.000    clk
    R2                   IBUF (Prop_ibuf_I_O)         0.814    10.814 r  clk_IBUF_inst/O
                         net (fo=1, routed)           1.862    12.676    clk_IBUF
    BUFGCTRL_X0Y0        BUFG (Prop_bufg_I_O)         0.091    12.767 r  clk_IBUF_BUFG_inst/O
                         net (fo=52, routed)          1.518    14.286    clk_div_inst/clk_IBUF_BUFG
    SLICE_X2Y7           FDCE                                         r  clk_div_inst/counter_1hz_reg[21]/C
                         clock pessimism              0.244    14.529    
                         clock uncertainty           -0.035    14.494    
    SLICE_X2Y7           FDCE (Setup_fdce_C_D)        0.109    14.603    clk_div_inst/counter_1hz_reg[21]
  -------------------------------------------------------------------
                         required time                         14.603    
                         arrival time                          -9.113    
  -------------------------------------------------------------------
                         slack                                  5.490    

Slack (MET) :             5.498ns  (required time - arrival time)
  Source:                 clk_div_inst/counter_1hz_reg[15]/C
                            (rising edge-triggered cell FDCE clocked by sys_clk_pin  {rise@0.000ns fall@5.000ns period=10.000ns})
  Destination:            clk_div_inst/counter_1hz_reg[23]/D
                            (rising edge-triggered cell FDCE clocked by sys_clk_pin  {rise@0.000ns fall@5.000ns period=10.000ns})
  Path Group:             sys_clk_pin
  Path Type:              Setup (Max at Slow Process Corner)
  Requirement:            10.000ns  (sys_clk_pin rise@10.000ns - sys_clk_pin rise@0.000ns)
  Data Path Delay:        4.549ns  (logic 2.223ns (48.863%)  route 2.326ns (51.137%))
  Logic Levels:           9  (CARRY4=6 LUT4=1 LUT6=2)
  Clock Path Skew:        -0.026ns (DCD - SCD + CPR)
    Destination Clock Delay (DCD):    4.286ns = ( 14.286 - 10.000 ) 
    Source Clock Delay      (SCD):    4.555ns
    Clock Pessimism Removal (CPR):    0.244ns
  Clock Uncertainty:      0.035ns  ((TSJ^2 + TIJ^2)^1/2 + DJ) / 2 + PE
    Total System Jitter     (TSJ):    0.071ns
    Total Input Jitter      (TIJ):    0.000ns
    Discrete Jitter          (DJ):    0.000ns
    Phase Error              (PE):    0.000ns

    Location             Delay type                Incr(ns)  Path(ns)    Netlist Resource(s)
  -------------------------------------------------------------------    -------------------
                         (clock sys_clk_pin rise edge)
                                                      0.000     0.000 r  
    R2                                                0.000     0.000 r  clk (IN)
                         net (fo=0)                   0.000     0.000    clk
    R2                   IBUF (Prop_ibuf_I_O)         0.854     0.854 r  clk_IBUF_inst/O
                         net (fo=1, routed)           1.967     2.821    clk_IBUF
    BUFGCTRL_X0Y0        BUFG (Prop_bufg_I_O)         0.096     2.917 r  clk_IBUF_BUFG_inst/O
                         net (fo=52, routed)          1.638     4.555    clk_div_inst/clk_IBUF_BUFG
    SLICE_X2Y5           FDCE                                         r  clk_div_inst/counter_1hz_reg[15]/C
  -------------------------------------------------------------------    -------------------
    SLICE_X2Y5           FDCE (Prop_fdce_C_Q)         0.518     5.073 f  clk_div_inst/counter_1hz_reg[15]/Q
                         net (fo=2, routed)           0.676     5.749    clk_div_inst/counter_1hz_reg[15]
    SLICE_X3Y5           LUT4 (Prop_lut4_I0_O)        0.124     5.873 r  clk_div_inst/clk_1hz_i_4/O
                         net (fo=1, routed)           0.797     6.671    clk_div_inst/clk_1hz_i_4_n_0
    SLICE_X3Y4           LUT6 (Prop_lut6_I2_O)        0.124     6.795 f  clk_div_inst/clk_1hz_i_2/O
                         net (fo=26, routed)          0.664     7.459    clk_div_inst/clk_1hz_i_2_n_0
    SLICE_X3Y2           LUT6 (Prop_lut6_I2_O)        0.124     7.583 r  clk_div_inst/counter_1hz[0]_i_2/O
                         net (fo=1, routed)           0.189     7.772    clk_div_inst/counter_1hz[0]_i_2_n_0
    SLICE_X2Y2           CARRY4 (Prop_carry4_DI[0]_CO[3])
                                                      0.550     8.322 r  clk_div_inst/counter_1hz_reg[0]_i_1/CO[3]
                         net (fo=1, routed)           0.000     8.322    clk_div_inst/counter_1hz_reg[0]_i_1_n_0
    SLICE_X2Y3           CARRY4 (Prop_carry4_CI_CO[3])
                                                      0.117     8.439 r  clk_div_inst/counter_1hz_reg[4]_i_1/CO[3]
                         net (fo=1, routed)           0.000     8.439    clk_div_inst/counter_1hz_reg[4]_i_1_n_0
    SLICE_X2Y4           CARRY4 (Prop_carry4_CI_CO[3])
                                                      0.117     8.556 r  clk_div_inst/counter_1hz_reg[8]_i_1/CO[3]
                         net (fo=1, routed)           0.000     8.556    clk_div_inst/counter_1hz_reg[8]_i_1_n_0
    SLICE_X2Y5           CARRY4 (Prop_carry4_CI_CO[3])
                                                      0.117     8.673 r  clk_div_inst/counter_1hz_reg[12]_i_1/CO[3]
                         net (fo=1, routed)           0.000     8.673    clk_div_inst/counter_1hz_reg[12]_i_1_n_0
    SLICE_X2Y6           CARRY4 (Prop_carry4_CI_CO[3])
                                                      0.117     8.790 r  clk_div_inst/counter_1hz_reg[16]_i_1/CO[3]
                         net (fo=1, routed)           0.000     8.790    clk_div_inst/counter_1hz_reg[16]_i_1_n_0
    SLICE_X2Y7           CARRY4 (Prop_carry4_CI_O[3])
                                                      0.315     9.105 r  clk_div_inst/counter_1hz_reg[20]_i_1/O[3]
                         net (fo=1, routed)           0.000     9.105    clk_div_inst/counter_1hz_reg[20]_i_1_n_4
    SLICE_X2Y7           FDCE                                         r  clk_div_inst/counter_1hz_reg[23]/D
  -------------------------------------------------------------------    -------------------

                         (clock sys_clk_pin rise edge)
                                                     10.000    10.000 r  
    R2                                                0.000    10.000 r  clk (IN)
                         net (fo=0)                   0.000    10.000    clk
    R2                   IBUF (Prop_ibuf_I_O)         0.814    10.814 r  clk_IBUF_inst/O
                         net (fo=1, routed)           1.862    12.676    clk_IBUF
    BUFGCTRL_X0Y0        BUFG (Prop_bufg_I_O)         0.091    12.767 r  clk_IBUF_BUFG_inst/O
                         net (fo=52, routed)          1.518    14.286    clk_div_inst/clk_IBUF_BUFG
    SLICE_X2Y7           FDCE                                         r  clk_div_inst/counter_1hz_reg[23]/C
                         clock pessimism              0.244    14.529    
                         clock uncertainty           -0.035    14.494    
    SLICE_X2Y7           FDCE (Setup_fdce_C_D)        0.109    14.603    clk_div_inst/counter_1hz_reg[23]
  -------------------------------------------------------------------
                         required time                         14.603    
                         arrival time                          -9.105    
  -------------------------------------------------------------------
                         slack                                  5.498    

Slack (MET) :             5.513ns  (required time - arrival time)
  Source:                 clk_div_inst/counter_50hz_reg[5]/C
                            (rising edge-triggered cell FDCE clocked by sys_clk_pin  {rise@0.000ns fall@5.000ns period=10.000ns})
  Destination:            clk_div_inst/counter_50hz_reg[17]/D
                            (rising edge-triggered cell FDCE clocked by sys_clk_pin  {rise@0.000ns fall@5.000ns period=10.000ns})
  Path Group:             sys_clk_pin
  Path Type:              Setup (Max at Slow Process Corner)
  Requirement:            10.000ns  (sys_clk_pin rise@10.000ns - sys_clk_pin rise@0.000ns)
  Data Path Delay:        4.488ns  (logic 2.036ns (45.366%)  route 2.452ns (54.634%))
  Logic Levels:           8  (CARRY4=5 LUT5=1 LUT6=2)
  Clock Path Skew:        -0.026ns (DCD - SCD + CPR)
    Destination Clock Delay (DCD):    4.284ns = ( 14.284 - 10.000 ) 
    Source Clock Delay      (SCD):    4.552ns
    Clock Pessimism Removal (CPR):    0.243ns
  Clock Uncertainty:      0.035ns  ((TSJ^2 + TIJ^2)^1/2 + DJ) / 2 + PE
    Total System Jitter     (TSJ):    0.071ns
    Total Input Jitter      (TIJ):    0.000ns
    Discrete Jitter          (DJ):    0.000ns
    Phase Error              (PE):    0.000ns

    Location             Delay type                Incr(ns)  Path(ns)    Netlist Resource(s)
  -------------------------------------------------------------------    -------------------
                         (clock sys_clk_pin rise edge)
                                                      0.000     0.000 r  
    R2                                                0.000     0.000 r  clk (IN)
                         net (fo=0)                   0.000     0.000    clk
    R2                   IBUF (Prop_ibuf_I_O)         0.854     0.854 r  clk_IBUF_inst/O
                         net (fo=1, routed)           1.967     2.821    clk_IBUF
    BUFGCTRL_X0Y0        BUFG (Prop_bufg_I_O)         0.096     2.917 r  clk_IBUF_BUFG_inst/O
                         net (fo=52, routed)          1.635     4.552    clk_div_inst/clk_IBUF_BUFG
    SLICE_X4Y4           FDCE                                         r  clk_div_inst/counter_50hz_reg[5]/C
  -------------------------------------------------------------------    -------------------
    SLICE_X4Y4           FDCE (Prop_fdce_C_Q)         0.456     5.008 f  clk_div_inst/counter_50hz_reg[5]/Q
                         net (fo=2, routed)           0.955     5.964    clk_div_inst/counter_50hz_reg[5]
    SLICE_X5Y3           LUT6 (Prop_lut6_I0_O)        0.124     6.088 r  clk_div_inst/clk_50hz_i_4/O
                         net (fo=1, routed)           0.635     6.722    clk_div_inst/clk_50hz_i_4_n_0
    SLICE_X5Y5           LUT6 (Prop_lut6_I3_O)        0.124     6.846 r  clk_div_inst/clk_50hz_i_3/O
                         net (fo=21, routed)          0.862     7.708    clk_div_inst/clk_50hz_i_3_n_0
    SLICE_X4Y3           LUT5 (Prop_lut5_I3_O)        0.124     7.832 r  clk_div_inst/counter_50hz[0]_i_6/O
                         net (fo=1, routed)           0.000     7.832    clk_div_inst/counter_50hz[0]_i_6_n_0
    SLICE_X4Y3           CARRY4 (Prop_carry4_S[0]_CO[3])
                                                      0.532     8.364 r  clk_div_inst/counter_50hz_reg[0]_i_1/CO[3]
                         net (fo=1, routed)           0.000     8.364    clk_div_inst/counter_50hz_reg[0]_i_1_n_0
    SLICE_X4Y4           CARRY4 (Prop_carry4_CI_CO[3])
                                                      0.114     8.478 r  clk_div_inst/counter_50hz_reg[4]_i_1/CO[3]
                         net (fo=1, routed)           0.000     8.478    clk_div_inst/counter_50hz_reg[4]_i_1_n_0
    SLICE_X4Y5           CARRY4 (Prop_carry4_CI_CO[3])
                                                      0.114     8.592 r  clk_div_inst/counter_50hz_reg[8]_i_1/CO[3]
                         net (fo=1, routed)           0.000     8.592    clk_div_inst/counter_50hz_reg[8]_i_1_n_0
    SLICE_X4Y6           CARRY4 (Prop_carry4_CI_CO[3])
                                                      0.114     8.706 r  clk_div_inst/counter_50hz_reg[12]_i_1/CO[3]
                         net (fo=1, routed)           0.000     8.706    clk_div_inst/counter_50hz_reg[12]_i_1_n_0
    SLICE_X4Y7           CARRY4 (Prop_carry4_CI_O[1])
                                                      0.334     9.040 r  clk_div_inst/counter_50hz_reg[16]_i_1/O[1]
                         net (fo=1, routed)           0.000     9.040    clk_div_inst/counter_50hz_reg[16]_i_1_n_6
    SLICE_X4Y7           FDCE                                         r  clk_div_inst/counter_50hz_reg[17]/D
  -------------------------------------------------------------------    -------------------

                         (clock sys_clk_pin rise edge)
                                                     10.000    10.000 r  
    R2                                                0.000    10.000 r  clk (IN)
                         net (fo=0)                   0.000    10.000    clk
    R2                   IBUF (Prop_ibuf_I_O)         0.814    10.814 r  clk_IBUF_inst/O
                         net (fo=1, routed)           1.862    12.676    clk_IBUF
    BUFGCTRL_X0Y0        BUFG (Prop_bufg_I_O)         0.091    12.767 r  clk_IBUF_BUFG_inst/O
                         net (fo=52, routed)          1.516    14.284    clk_div_inst/clk_IBUF_BUFG
    SLICE_X4Y7           FDCE                                         r  clk_div_inst/counter_50hz_reg[17]/C
                         clock pessimism              0.243    14.526    
                         clock uncertainty           -0.035    14.491    
    SLICE_X4Y7           FDCE (Setup_fdce_C_D)        0.062    14.553    clk_div_inst/counter_50hz_reg[17]
  -------------------------------------------------------------------
                         required time                         14.553    
                         arrival time                          -9.040    
  -------------------------------------------------------------------
                         slack                                  5.513    

Slack (MET) :             5.534ns  (required time - arrival time)
  Source:                 clk_div_inst/counter_50hz_reg[5]/C
                            (rising edge-triggered cell FDCE clocked by sys_clk_pin  {rise@0.000ns fall@5.000ns period=10.000ns})
  Destination:            clk_div_inst/counter_50hz_reg[19]/D
                            (rising edge-triggered cell FDCE clocked by sys_clk_pin  {rise@0.000ns fall@5.000ns period=10.000ns})
  Path Group:             sys_clk_pin
  Path Type:              Setup (Max at Slow Process Corner)
  Requirement:            10.000ns  (sys_clk_pin rise@10.000ns - sys_clk_pin rise@0.000ns)
  Data Path Delay:        4.467ns  (logic 2.015ns (45.109%)  route 2.452ns (54.891%))
  Logic Levels:           8  (CARRY4=5 LUT5=1 LUT6=2)
  Clock Path Skew:        -0.026ns (DCD - SCD + CPR)
    Destination Clock Delay (DCD):    4.284ns = ( 14.284 - 10.000 ) 
    Source Clock Delay      (SCD):    4.552ns
    Clock Pessimism Removal (CPR):    0.243ns
  Clock Uncertainty:      0.035ns  ((TSJ^2 + TIJ^2)^1/2 + DJ) / 2 + PE
    Total System Jitter     (TSJ):    0.071ns
    Total Input Jitter      (TIJ):    0.000ns
    Discrete Jitter          (DJ):    0.000ns
    Phase Error              (PE):    0.000ns

    Location             Delay type                Incr(ns)  Path(ns)    Netlist Resource(s)
  -------------------------------------------------------------------    -------------------
                         (clock sys_clk_pin rise edge)
                                                      0.000     0.000 r  
    R2                                                0.000     0.000 r  clk (IN)
                         net (fo=0)                   0.000     0.000    clk
    R2                   IBUF (Prop_ibuf_I_O)         0.854     0.854 r  clk_IBUF_inst/O
                         net (fo=1, routed)           1.967     2.821    clk_IBUF
    BUFGCTRL_X0Y0        BUFG (Prop_bufg_I_O)         0.096     2.917 r  clk_IBUF_BUFG_inst/O
                         net (fo=52, routed)          1.635     4.552    clk_div_inst/clk_IBUF_BUFG
    SLICE_X4Y4           FDCE                                         r  clk_div_inst/counter_50hz_reg[5]/C
  -------------------------------------------------------------------    -------------------
    SLICE_X4Y4           FDCE (Prop_fdce_C_Q)         0.456     5.008 f  clk_div_inst/counter_50hz_reg[5]/Q
                         net (fo=2, routed)           0.955     5.964    clk_div_inst/counter_50hz_reg[5]
    SLICE_X5Y3           LUT6 (Prop_lut6_I0_O)        0.124     6.088 r  clk_div_inst/clk_50hz_i_4/O
                         net (fo=1, routed)           0.635     6.722    clk_div_inst/clk_50hz_i_4_n_0
    SLICE_X5Y5           LUT6 (Prop_lut6_I3_O)        0.124     6.846 r  clk_div_inst/clk_50hz_i_3/O
                         net (fo=21, routed)          0.862     7.708    clk_div_inst/clk_50hz_i_3_n_0
    SLICE_X4Y3           LUT5 (Prop_lut5_I3_O)        0.124     7.832 r  clk_div_inst/counter_50hz[0]_i_6/O
                         net (fo=1, routed)           0.000     7.832    clk_div_inst/counter_50hz[0]_i_6_n_0
    SLICE_X4Y3           CARRY4 (Prop_carry4_S[0]_CO[3])
                                                      0.532     8.364 r  clk_div_inst/counter_50hz_reg[0]_i_1/CO[3]
                         net (fo=1, routed)           0.000     8.364    clk_div_inst/counter_50hz_reg[0]_i_1_n_0
    SLICE_X4Y4           CARRY4 (Prop_carry4_CI_CO[3])
                                                      0.114     8.478 r  clk_div_inst/counter_50hz_reg[4]_i_1/CO[3]
                         net (fo=1, routed)           0.000     8.478    clk_div_inst/counter_50hz_reg[4]_i_1_n_0
    SLICE_X4Y5           CARRY4 (Prop_carry4_CI_CO[3])
                                                      0.114     8.592 r  clk_div_inst/counter_50hz_reg[8]_i_1/CO[3]
                         net (fo=1, routed)           0.000     8.592    clk_div_inst/counter_50hz_reg[8]_i_1_n_0
    SLICE_X4Y6           CARRY4 (Prop_carry4_CI_CO[3])
                                                      0.114     8.706 r  clk_div_inst/counter_50hz_reg[12]_i_1/CO[3]
                         net (fo=1, routed)           0.000     8.706    clk_div_inst/counter_50hz_reg[12]_i_1_n_0
    SLICE_X4Y7           CARRY4 (Prop_carry4_CI_O[3])
                                                      0.313     9.019 r  clk_div_inst/counter_50hz_reg[16]_i_1/O[3]
                         net (fo=1, routed)           0.000     9.019    clk_div_inst/counter_50hz_reg[16]_i_1_n_4
    SLICE_X4Y7           FDCE                                         r  clk_div_inst/counter_50hz_reg[19]/D
  -------------------------------------------------------------------    -------------------

                         (clock sys_clk_pin rise edge)
                                                     10.000    10.000 r  
    R2                                                0.000    10.000 r  clk (IN)
                         net (fo=0)                   0.000    10.000    clk
    R2                   IBUF (Prop_ibuf_I_O)         0.814    10.814 r  clk_IBUF_inst/O
                         net (fo=1, routed)           1.862    12.676    clk_IBUF
    BUFGCTRL_X0Y0        BUFG (Prop_bufg_I_O)         0.091    12.767 r  clk_IBUF_BUFG_inst/O
                         net (fo=52, routed)          1.516    14.284    clk_div_inst/clk_IBUF_BUFG
    SLICE_X4Y7           FDCE                                         r  clk_div_inst/counter_50hz_reg[19]/C
                         clock pessimism              0.243    14.526    
                         clock uncertainty           -0.035    14.491    
    SLICE_X4Y7           FDCE (Setup_fdce_C_D)        0.062    14.553    clk_div_inst/counter_50hz_reg[19]
  -------------------------------------------------------------------
                         required time                         14.553    
                         arrival time                          -9.019    
  -------------------------------------------------------------------
                         slack                                  5.534    

Slack (MET) :             5.574ns  (required time - arrival time)
  Source:                 clk_div_inst/counter_1hz_reg[15]/C
                            (rising edge-triggered cell FDCE clocked by sys_clk_pin  {rise@0.000ns fall@5.000ns period=10.000ns})
  Destination:            clk_div_inst/counter_1hz_reg[22]/D
                            (rising edge-triggered cell FDCE clocked by sys_clk_pin  {rise@0.000ns fall@5.000ns period=10.000ns})
  Path Group:             sys_clk_pin
  Path Type:              Setup (Max at Slow Process Corner)
  Requirement:            10.000ns  (sys_clk_pin rise@10.000ns - sys_clk_pin rise@0.000ns)
  Data Path Delay:        4.473ns  (logic 2.147ns (47.994%)  route 2.326ns (52.006%))
  Logic Levels:           9  (CARRY4=6 LUT4=1 LUT6=2)
  Clock Path Skew:        -0.026ns (DCD - SCD + CPR)
    Destination Clock Delay (DCD):    4.286ns = ( 14.286 - 10.000 ) 
    Source Clock Delay      (SCD):    4.555ns
    Clock Pessimism Removal (CPR):    0.244ns
  Clock Uncertainty:      0.035ns  ((TSJ^2 + TIJ^2)^1/2 + DJ) / 2 + PE
    Total System Jitter     (TSJ):    0.071ns
    Total Input Jitter      (TIJ):    0.000ns
    Discrete Jitter          (DJ):    0.000ns
    Phase Error              (PE):    0.000ns

    Location             Delay type                Incr(ns)  Path(ns)    Netlist Resource(s)
  -------------------------------------------------------------------    -------------------
                         (clock sys_clk_pin rise edge)
                                                      0.000     0.000 r  
    R2                                                0.000     0.000 r  clk (IN)
                         net (fo=0)                   0.000     0.000    clk
    R2                   IBUF (Prop_ibuf_I_O)         0.854     0.854 r  clk_IBUF_inst/O
                         net (fo=1, routed)           1.967     2.821    clk_IBUF
    BUFGCTRL_X0Y0        BUFG (Prop_bufg_I_O)         0.096     2.917 r  clk_IBUF_BUFG_inst/O
                         net (fo=52, routed)          1.638     4.555    clk_div_inst/clk_IBUF_BUFG
    SLICE_X2Y5           FDCE                                         r  clk_div_inst/counter_1hz_reg[15]/C
  -------------------------------------------------------------------    -------------------
    SLICE_X2Y5           FDCE (Prop_fdce_C_Q)         0.518     5.073 f  clk_div_inst/counter_1hz_reg[15]/Q
                         net (fo=2, routed)           0.676     5.749    clk_div_inst/counter_1hz_reg[15]
    SLICE_X3Y5           LUT4 (Prop_lut4_I0_O)        0.124     5.873 r  clk_div_inst/clk_1hz_i_4/O
                         net (fo=1, routed)           0.797     6.671    clk_div_inst/clk_1hz_i_4_n_0
    SLICE_X3Y4           LUT6 (Prop_lut6_I2_O)        0.124     6.795 f  clk_div_inst/clk_1hz_i_2/O
                         net (fo=26, routed)          0.664     7.459    clk_div_inst/clk_1hz_i_2_n_0
    SLICE_X3Y2           LUT6 (Prop_lut6_I2_O)        0.124     7.583 r  clk_div_inst/counter_1hz[0]_i_2/O
                         net (fo=1, routed)           0.189     7.772    clk_div_inst/counter_1hz[0]_i_2_n_0
    SLICE_X2Y2           CARRY4 (Prop_carry4_DI[0]_CO[3])
                                                      0.550     8.322 r  clk_div_inst/counter_1hz_reg[0]_i_1/CO[3]
                         net (fo=1, routed)           0.000     8.322    clk_div_inst/counter_1hz_reg[0]_i_1_n_0
    SLICE_X2Y3           CARRY4 (Prop_carry4_CI_CO[3])
                                                      0.117     8.439 r  clk_div_inst/counter_1hz_reg[4]_i_1/CO[3]
                         net (fo=1, routed)           0.000     8.439    clk_div_inst/counter_1hz_reg[4]_i_1_n_0
    SLICE_X2Y4           CARRY4 (Prop_carry4_CI_CO[3])
                                                      0.117     8.556 r  clk_div_inst/counter_1hz_reg[8]_i_1/CO[3]
                         net (fo=1, routed)           0.000     8.556    clk_div_inst/counter_1hz_reg[8]_i_1_n_0
    SLICE_X2Y5           CARRY4 (Prop_carry4_CI_CO[3])
                                                      0.117     8.673 r  clk_div_inst/counter_1hz_reg[12]_i_1/CO[3]
                         net (fo=1, routed)           0.000     8.673    clk_div_inst/counter_1hz_reg[12]_i_1_n_0
    SLICE_X2Y6           CARRY4 (Prop_carry4_CI_CO[3])
                                                      0.117     8.790 r  clk_div_inst/counter_1hz_reg[16]_i_1/CO[3]
                         net (fo=1, routed)           0.000     8.790    clk_div_inst/counter_1hz_reg[16]_i_1_n_0
    SLICE_X2Y7           CARRY4 (Prop_carry4_CI_O[2])
                                                      0.239     9.029 r  clk_div_inst/counter_1hz_reg[20]_i_1/O[2]
                         net (fo=1, routed)           0.000     9.029    clk_div_inst/counter_1hz_reg[20]_i_1_n_5
    SLICE_X2Y7           FDCE                                         r  clk_div_inst/counter_1hz_reg[22]/D
  -------------------------------------------------------------------    -------------------

                         (clock sys_clk_pin rise edge)
                                                     10.000    10.000 r  
    R2                                                0.000    10.000 r  clk (IN)
                         net (fo=0)                   0.000    10.000    clk
    R2                   IBUF (Prop_ibuf_I_O)         0.814    10.814 r  clk_IBUF_inst/O
                         net (fo=1, routed)           1.862    12.676    clk_IBUF
    BUFGCTRL_X0Y0        BUFG (Prop_bufg_I_O)         0.091    12.767 r  clk_IBUF_BUFG_inst/O
                         net (fo=52, routed)          1.518    14.286    clk_div_inst/clk_IBUF_BUFG
    SLICE_X2Y7           FDCE                                         r  clk_div_inst/counter_1hz_reg[22]/C
                         clock pessimism              0.244    14.529    
                         clock uncertainty           -0.035    14.494    
    SLICE_X2Y7           FDCE (Setup_fdce_C_D)        0.109    14.603    clk_div_inst/counter_1hz_reg[22]
  -------------------------------------------------------------------
                         required time                         14.603    
                         arrival time                          -9.029    
  -------------------------------------------------------------------
                         slack                                  5.574    

Slack (MET) :             5.594ns  (required time - arrival time)
  Source:                 clk_div_inst/counter_1hz_reg[15]/C
                            (rising edge-triggered cell FDCE clocked by sys_clk_pin  {rise@0.000ns fall@5.000ns period=10.000ns})
  Destination:            clk_div_inst/counter_1hz_reg[20]/D
                            (rising edge-triggered cell FDCE clocked by sys_clk_pin  {rise@0.000ns fall@5.000ns period=10.000ns})
  Path Group:             sys_clk_pin
  Path Type:              Setup (Max at Slow Process Corner)
  Requirement:            10.000ns  (sys_clk_pin rise@10.000ns - sys_clk_pin rise@0.000ns)
  Data Path Delay:        4.453ns  (logic 2.127ns (47.761%)  route 2.326ns (52.239%))
  Logic Levels:           9  (CARRY4=6 LUT4=1 LUT6=2)
  Clock Path Skew:        -0.026ns (DCD - SCD + CPR)
    Destination Clock Delay (DCD):    4.286ns = ( 14.286 - 10.000 ) 
    Source Clock Delay      (SCD):    4.555ns
    Clock Pessimism Removal (CPR):    0.244ns
  Clock Uncertainty:      0.035ns  ((TSJ^2 + TIJ^2)^1/2 + DJ) / 2 + PE
    Total System Jitter     (TSJ):    0.071ns
    Total Input Jitter      (TIJ):    0.000ns
    Discrete Jitter          (DJ):    0.000ns
    Phase Error              (PE):    0.000ns

    Location             Delay type                Incr(ns)  Path(ns)    Netlist Resource(s)
  -------------------------------------------------------------------    -------------------
                         (clock sys_clk_pin rise edge)
                                                      0.000     0.000 r  
    R2                                                0.000     0.000 r  clk (IN)
                         net (fo=0)                   0.000     0.000    clk
    R2                   IBUF (Prop_ibuf_I_O)         0.854     0.854 r  clk_IBUF_inst/O
                         net (fo=1, routed)           1.967     2.821    clk_IBUF
    BUFGCTRL_X0Y0        BUFG (Prop_bufg_I_O)         0.096     2.917 r  clk_IBUF_BUFG_inst/O
                         net (fo=52, routed)          1.638     4.555    clk_div_inst/clk_IBUF_BUFG
    SLICE_X2Y5           FDCE                                         r  clk_div_inst/counter_1hz_reg[15]/C
  -------------------------------------------------------------------    -------------------
    SLICE_X2Y5           FDCE (Prop_fdce_C_Q)         0.518     5.073 f  clk_div_inst/counter_1hz_reg[15]/Q
                         net (fo=2, routed)           0.676     5.749    clk_div_inst/counter_1hz_reg[15]
    SLICE_X3Y5           LUT4 (Prop_lut4_I0_O)        0.124     5.873 r  clk_div_inst/clk_1hz_i_4/O
                         net (fo=1, routed)           0.797     6.671    clk_div_inst/clk_1hz_i_4_n_0
    SLICE_X3Y4           LUT6 (Prop_lut6_I2_O)        0.124     6.795 f  clk_div_inst/clk_1hz_i_2/O
                         net (fo=26, routed)          0.664     7.459    clk_div_inst/clk_1hz_i_2_n_0
    SLICE_X3Y2           LUT6 (Prop_lut6_I2_O)        0.124     7.583 r  clk_div_inst/counter_1hz[0]_i_2/O
                         net (fo=1, routed)           0.189     7.772    clk_div_inst/counter_1hz[0]_i_2_n_0
    SLICE_X2Y2           CARRY4 (Prop_carry4_DI[0]_CO[3])
                                                      0.550     8.322 r  clk_div_inst/counter_1hz_reg[0]_i_1/CO[3]
                         net (fo=1, routed)           0.000     8.322    clk_div_inst/counter_1hz_reg[0]_i_1_n_0
    SLICE_X2Y3           CARRY4 (Prop_carry4_CI_CO[3])
                                                      0.117     8.439 r  clk_div_inst/counter_1hz_reg[4]_i_1/CO[3]
                         net (fo=1, routed)           0.000     8.439    clk_div_inst/counter_1hz_reg[4]_i_1_n_0
    SLICE_X2Y4           CARRY4 (Prop_carry4_CI_CO[3])
                                                      0.117     8.556 r  clk_div_inst/counter_1hz_reg[8]_i_1/CO[3]
                         net (fo=1, routed)           0.000     8.556    clk_div_inst/counter_1hz_reg[8]_i_1_n_0
    SLICE_X2Y5           CARRY4 (Prop_carry4_CI_CO[3])
                                                      0.117     8.673 r  clk_div_inst/counter_1hz_reg[12]_i_1/CO[3]
                         net (fo=1, routed)           0.000     8.673    clk_div_inst/counter_1hz_reg[12]_i_1_n_0
    SLICE_X2Y6           CARRY4 (Prop_carry4_CI_CO[3])
                                                      0.117     8.790 r  clk_div_inst/counter_1hz_reg[16]_i_1/CO[3]
                         net (fo=1, routed)           0.000     8.790    clk_div_inst/counter_1hz_reg[16]_i_1_n_0
    SLICE_X2Y7           CARRY4 (Prop_carry4_CI_O[0])
                                                      0.219     9.009 r  clk_div_inst/counter_1hz_reg[20]_i_1/O[0]
                         net (fo=1, routed)           0.000     9.009    clk_div_inst/counter_1hz_reg[20]_i_1_n_7
    SLICE_X2Y7           FDCE                                         r  clk_div_inst/counter_1hz_reg[20]/D
  -------------------------------------------------------------------    -------------------

                         (clock sys_clk_pin rise edge)
                                                     10.000    10.000 r  
    R2                                                0.000    10.000 r  clk (IN)
                         net (fo=0)                   0.000    10.000    clk
    R2                   IBUF (Prop_ibuf_I_O)         0.814    10.814 r  clk_IBUF_inst/O
                         net (fo=1, routed)           1.862    12.676    clk_IBUF
    BUFGCTRL_X0Y0        BUFG (Prop_bufg_I_O)         0.091    12.767 r  clk_IBUF_BUFG_inst/O
                         net (fo=52, routed)          1.518    14.286    clk_div_inst/clk_IBUF_BUFG
    SLICE_X2Y7           FDCE                                         r  clk_div_inst/counter_1hz_reg[20]/C
                         clock pessimism              0.244    14.529    
                         clock uncertainty           -0.035    14.494    
    SLICE_X2Y7           FDCE (Setup_fdce_C_D)        0.109    14.603    clk_div_inst/counter_1hz_reg[20]
  -------------------------------------------------------------------
                         required time                         14.603    
                         arrival time                          -9.009    
  -------------------------------------------------------------------
                         slack                                  5.594    

Slack (MET) :             5.601ns  (required time - arrival time)
  Source:                 clk_div_inst/counter_1hz_reg[20]/C
                            (rising edge-triggered cell FDCE clocked by sys_clk_pin  {rise@0.000ns fall@5.000ns period=10.000ns})
  Destination:            clk_div_inst/counter_1hz_reg[17]/D
                            (rising edge-triggered cell FDCE clocked by sys_clk_pin  {rise@0.000ns fall@5.000ns period=10.000ns})
  Path Group:             sys_clk_pin
  Path Type:              Setup (Max at Slow Process Corner)
  Requirement:            10.000ns  (sys_clk_pin rise@10.000ns - sys_clk_pin rise@0.000ns)
  Data Path Delay:        4.449ns  (logic 1.990ns (44.734%)  route 2.459ns (55.266%))
  Logic Levels:           7  (CARRY4=5 LUT5=1 LUT6=1)
  Clock Path Skew:        -0.024ns (DCD - SCD + CPR)
    Destination Clock Delay (DCD):    4.287ns = ( 14.287 - 10.000 ) 
    Source Clock Delay      (SCD):    4.554ns
    Clock Pessimism Removal (CPR):    0.244ns
  Clock Uncertainty:      0.035ns  ((TSJ^2 + TIJ^2)^1/2 + DJ) / 2 + PE
    Total System Jitter     (TSJ):    0.071ns
    Total Input Jitter      (TIJ):    0.000ns
    Discrete Jitter          (DJ):    0.000ns
    Phase Error              (PE):    0.000ns

    Location             Delay type                Incr(ns)  Path(ns)    Netlist Resource(s)
  -------------------------------------------------------------------    -------------------
                         (clock sys_clk_pin rise edge)
                                                      0.000     0.000 r  
    R2                                                0.000     0.000 r  clk (IN)
                         net (fo=0)                   0.000     0.000    clk
    R2                   IBUF (Prop_ibuf_I_O)         0.854     0.854 r  clk_IBUF_inst/O
                         net (fo=1, routed)           1.967     2.821    clk_IBUF
    BUFGCTRL_X0Y0        BUFG (Prop_bufg_I_O)         0.096     2.917 r  clk_IBUF_BUFG_inst/O
                         net (fo=52, routed)          1.637     4.554    clk_div_inst/clk_IBUF_BUFG
    SLICE_X2Y7           FDCE                                         r  clk_div_inst/counter_1hz_reg[20]/C
  -------------------------------------------------------------------    -------------------
    SLICE_X2Y7           FDCE (Prop_fdce_C_Q)         0.518     5.072 f  clk_div_inst/counter_1hz_reg[20]/Q
                         net (fo=2, routed)           0.677     5.749    clk_div_inst/counter_1hz_reg[20]
    SLICE_X3Y7           LUT5 (Prop_lut5_I2_O)        0.124     5.873 r  clk_div_inst/clk_1hz_i_3/O
                         net (fo=27, routed)          1.592     7.466    clk_div_inst/clk_1hz_i_3_n_0
    SLICE_X3Y2           LUT6 (Prop_lut6_I3_O)        0.124     7.590 r  clk_div_inst/counter_1hz[0]_i_2/O
                         net (fo=1, routed)           0.189     7.779    clk_div_inst/counter_1hz[0]_i_2_n_0
    SLICE_X2Y2           CARRY4 (Prop_carry4_DI[0]_CO[3])
                                                      0.550     8.329 r  clk_div_inst/counter_1hz_reg[0]_i_1/CO[3]
                         net (fo=1, routed)           0.000     8.329    clk_div_inst/counter_1hz_reg[0]_i_1_n_0
    SLICE_X2Y3           CARRY4 (Prop_carry4_CI_CO[3])
                                                      0.117     8.446 r  clk_div_inst/counter_1hz_reg[4]_i_1/CO[3]
                         net (fo=1, routed)           0.000     8.446    clk_div_inst/counter_1hz_reg[4]_i_1_n_0
    SLICE_X2Y4           CARRY4 (Prop_carry4_CI_CO[3])
                                                      0.117     8.563 r  clk_div_inst/counter_1hz_reg[8]_i_1/CO[3]
                         net (fo=1, routed)           0.000     8.563    clk_div_inst/counter_1hz_reg[8]_i_1_n_0
    SLICE_X2Y5           CARRY4 (Prop_carry4_CI_CO[3])
                                                      0.117     8.680 r  clk_div_inst/counter_1hz_reg[12]_i_1/CO[3]
                         net (fo=1, routed)           0.000     8.680    clk_div_inst/counter_1hz_reg[12]_i_1_n_0
    SLICE_X2Y6           CARRY4 (Prop_carry4_CI_O[1])
                                                      0.323     9.003 r  clk_div_inst/counter_1hz_reg[16]_i_1/O[1]
                         net (fo=1, routed)           0.000     9.003    clk_div_inst/counter_1hz_reg[16]_i_1_n_6
    SLICE_X2Y6           FDCE                                         r  clk_div_inst/counter_1hz_reg[17]/D
  -------------------------------------------------------------------    -------------------

                         (clock sys_clk_pin rise edge)
                                                     10.000    10.000 r  
    R2                                                0.000    10.000 r  clk (IN)
                         net (fo=0)                   0.000    10.000    clk
    R2                   IBUF (Prop_ibuf_I_O)         0.814    10.814 r  clk_IBUF_inst/O
                         net (fo=1, routed)           1.862    12.676    clk_IBUF
    BUFGCTRL_X0Y0        BUFG (Prop_bufg_I_O)         0.091    12.767 r  clk_IBUF_BUFG_inst/O
                         net (fo=52, routed)          1.519    14.287    clk_div_inst/clk_IBUF_BUFG
    SLICE_X2Y6           FDCE                                         r  clk_div_inst/counter_1hz_reg[17]/C
                         clock pessimism              0.244    14.530    
                         clock uncertainty           -0.035    14.495    
    SLICE_X2Y6           FDCE (Setup_fdce_C_D)        0.109    14.604    clk_div_inst/counter_1hz_reg[17]
  -------------------------------------------------------------------
                         required time                         14.604    
                         arrival time                          -9.003    
  -------------------------------------------------------------------
                         slack                                  5.601    

Slack (MET) :             5.608ns  (required time - arrival time)
  Source:                 clk_div_inst/counter_50hz_reg[5]/C
                            (rising edge-triggered cell FDCE clocked by sys_clk_pin  {rise@0.000ns fall@5.000ns period=10.000ns})
  Destination:            clk_div_inst/counter_50hz_reg[18]/D
                            (rising edge-triggered cell FDCE clocked by sys_clk_pin  {rise@0.000ns fall@5.000ns period=10.000ns})
  Path Group:             sys_clk_pin
  Path Type:              Setup (Max at Slow Process Corner)
  Requirement:            10.000ns  (sys_clk_pin rise@10.000ns - sys_clk_pin rise@0.000ns)
  Data Path Delay:        4.393ns  (logic 1.941ns (44.185%)  route 2.452ns (55.815%))
  Logic Levels:           8  (CARRY4=5 LUT5=1 LUT6=2)
  Clock Path Skew:        -0.026ns (DCD - SCD + CPR)
    Destination Clock Delay (DCD):    4.284ns = ( 14.284 - 10.000 ) 
    Source Clock Delay      (SCD):    4.552ns
    Clock Pessimism Removal (CPR):    0.243ns
  Clock Uncertainty:      0.035ns  ((TSJ^2 + TIJ^2)^1/2 + DJ) / 2 + PE
    Total System Jitter     (TSJ):    0.071ns
    Total Input Jitter      (TIJ):    0.000ns
    Discrete Jitter          (DJ):    0.000ns
    Phase Error              (PE):    0.000ns

    Location             Delay type                Incr(ns)  Path(ns)    Netlist Resource(s)
  -------------------------------------------------------------------    -------------------
                         (clock sys_clk_pin rise edge)
                                                      0.000     0.000 r  
    R2                                                0.000     0.000 r  clk (IN)
                         net (fo=0)                   0.000     0.000    clk
    R2                   IBUF (Prop_ibuf_I_O)         0.854     0.854 r  clk_IBUF_inst/O
                         net (fo=1, routed)           1.967     2.821    clk_IBUF
    BUFGCTRL_X0Y0        BUFG (Prop_bufg_I_O)         0.096     2.917 r  clk_IBUF_BUFG_inst/O
                         net (fo=52, routed)          1.635     4.552    clk_div_inst/clk_IBUF_BUFG
    SLICE_X4Y4           FDCE                                         r  clk_div_inst/counter_50hz_reg[5]/C
  -------------------------------------------------------------------    -------------------
    SLICE_X4Y4           FDCE (Prop_fdce_C_Q)         0.456     5.008 f  clk_div_inst/counter_50hz_reg[5]/Q
                         net (fo=2, routed)           0.955     5.964    clk_div_inst/counter_50hz_reg[5]
    SLICE_X5Y3           LUT6 (Prop_lut6_I0_O)        0.124     6.088 r  clk_div_inst/clk_50hz_i_4/O
                         net (fo=1, routed)           0.635     6.722    clk_div_inst/clk_50hz_i_4_n_0
    SLICE_X5Y5           LUT6 (Prop_lut6_I3_O)        0.124     6.846 r  clk_div_inst/clk_50hz_i_3/O
                         net (fo=21, routed)          0.862     7.708    clk_div_inst/clk_50hz_i_3_n_0
    SLICE_X4Y3           LUT5 (Prop_lut5_I3_O)        0.124     7.832 r  clk_div_inst/counter_50hz[0]_i_6/O
                         net (fo=1, routed)           0.000     7.832    clk_div_inst/counter_50hz[0]_i_6_n_0
    SLICE_X4Y3           CARRY4 (Prop_carry4_S[0]_CO[3])
                                                      0.532     8.364 r  clk_div_inst/counter_50hz_reg[0]_i_1/CO[3]
                         net (fo=1, routed)           0.000     8.364    clk_div_inst/counter_50hz_reg[0]_i_1_n_0
    SLICE_X4Y4           CARRY4 (Prop_carry4_CI_CO[3])
                                                      0.114     8.478 r  clk_div_inst/counter_50hz_reg[4]_i_1/CO[3]
                         net (fo=1, routed)           0.000     8.478    clk_div_inst/counter_50hz_reg[4]_i_1_n_0
    SLICE_X4Y5           CARRY4 (Prop_carry4_CI_CO[3])
                                                      0.114     8.592 r  clk_div_inst/counter_50hz_reg[8]_i_1/CO[3]
                         net (fo=1, routed)           0.000     8.592    clk_div_inst/counter_50hz_reg[8]_i_1_n_0
    SLICE_X4Y6           CARRY4 (Prop_carry4_CI_CO[3])
                                                      0.114     8.706 r  clk_div_inst/counter_50hz_reg[12]_i_1/CO[3]
                         net (fo=1, routed)           0.000     8.706    clk_div_inst/counter_50hz_reg[12]_i_1_n_0
    SLICE_X4Y7           CARRY4 (Prop_carry4_CI_O[2])
                                                      0.239     8.945 r  clk_div_inst/counter_50hz_reg[16]_i_1/O[2]
                         net (fo=1, routed)           0.000     8.945    clk_div_inst/counter_50hz_reg[16]_i_1_n_5
    SLICE_X4Y7           FDCE                                         r  clk_div_inst/counter_50hz_reg[18]/D
  -------------------------------------------------------------------    -------------------

                         (clock sys_clk_pin rise edge)
                                                     10.000    10.000 r  
    R2                                                0.000    10.000 r  clk (IN)
                         net (fo=0)                   0.000    10.000    clk
    R2                   IBUF (Prop_ibuf_I_O)         0.814    10.814 r  clk_IBUF_inst/O
                         net (fo=1, routed)           1.862    12.676    clk_IBUF
    BUFGCTRL_X0Y0        BUFG (Prop_bufg_I_O)         0.091    12.767 r  clk_IBUF_BUFG_inst/O
                         net (fo=52, routed)          1.516    14.284    clk_div_inst/clk_IBUF_BUFG
    SLICE_X4Y7           FDCE                                         r  clk_div_inst/counter_50hz_reg[18]/C
                         clock pessimism              0.243    14.526    
                         clock uncertainty           -0.035    14.491    
    SLICE_X4Y7           FDCE (Setup_fdce_C_D)        0.062    14.553    clk_div_inst/counter_50hz_reg[18]
  -------------------------------------------------------------------
                         required time                         14.553    
                         arrival time                          -8.945    
  -------------------------------------------------------------------
                         slack                                  5.608    





Min Delay Paths
--------------------------------------------------------------------------------------
Slack (MET) :             0.182ns  (arrival time - required time)
  Source:                 clk_div_inst/counter_50hz_reg[14]/C
                            (rising edge-triggered cell FDCE clocked by sys_clk_pin  {rise@0.000ns fall@5.000ns period=10.000ns})
  Destination:            clk_div_inst/clk_50hz_reg/D
                            (rising edge-triggered cell FDCE clocked by sys_clk_pin  {rise@0.000ns fall@5.000ns period=10.000ns})
  Path Group:             sys_clk_pin
  Path Type:              Hold (Min at Fast Process Corner)
  Requirement:            0.000ns  (sys_clk_pin rise@0.000ns - sys_clk_pin rise@0.000ns)
  Data Path Delay:        0.286ns  (logic 0.186ns (64.984%)  route 0.100ns (35.016%))
  Logic Levels:           1  (LUT5=1)
  Clock Path Skew:        0.013ns (DCD - SCD - CPR)
    Destination Clock Delay (DCD):    1.927ns
    Source Clock Delay      (SCD):    1.569ns
    Clock Pessimism Removal (CPR):    0.345ns

    Location             Delay type                Incr(ns)  Path(ns)    Netlist Resource(s)
  -------------------------------------------------------------------    -------------------
                         (clock sys_clk_pin rise edge)
                                                      0.000     0.000 r  
    R2                                                0.000     0.000 r  clk (IN)
                         net (fo=0)                   0.000     0.000    clk
    R2                   IBUF (Prop_ibuf_I_O)         0.320     0.320 r  clk_IBUF_inst/O
                         net (fo=1, routed)           0.631     0.951    clk_IBUF
    BUFGCTRL_X0Y0        BUFG (Prop_bufg_I_O)         0.026     0.977 r  clk_IBUF_BUFG_inst/O
                         net (fo=52, routed)          0.593     1.569    clk_div_inst/clk_IBUF_BUFG
    SLICE_X4Y6           FDCE                                         r  clk_div_inst/counter_50hz_reg[14]/C
  -------------------------------------------------------------------    -------------------
    SLICE_X4Y6           FDCE (Prop_fdce_C_Q)         0.141     1.710 r  clk_div_inst/counter_50hz_reg[14]/Q
                         net (fo=21, routed)          0.100     1.810    clk_div_inst/counter_50hz_reg[14]
    SLICE_X5Y6           LUT5 (Prop_lut5_I3_O)        0.045     1.855 r  clk_div_inst/clk_50hz_i_1/O
                         net (fo=1, routed)           0.000     1.855    clk_div_inst/clk_50hz_i_1_n_0
    SLICE_X5Y6           FDCE                                         r  clk_div_inst/clk_50hz_reg/D
  -------------------------------------------------------------------    -------------------

                         (clock sys_clk_pin rise edge)
                                                      0.000     0.000 r  
    R2                                                0.000     0.000 r  clk (IN)
                         net (fo=0)                   0.000     0.000    clk
    R2                   IBUF (Prop_ibuf_I_O)         0.350     0.350 r  clk_IBUF_inst/O
                         net (fo=1, routed)           0.685     1.035    clk_IBUF
    BUFGCTRL_X0Y0        BUFG (Prop_bufg_I_O)         0.029     1.064 r  clk_IBUF_BUFG_inst/O
                         net (fo=52, routed)          0.864     1.927    clk_div_inst/clk_IBUF_BUFG
    SLICE_X5Y6           FDCE                                         r  clk_div_inst/clk_50hz_reg/C
                         clock pessimism             -0.345     1.582    
    SLICE_X5Y6           FDCE (Hold_fdce_C_D)         0.091     1.673    clk_div_inst/clk_50hz_reg
  -------------------------------------------------------------------
                         required time                         -1.673    
                         arrival time                           1.855    
  -------------------------------------------------------------------
                         slack                                  0.182    

Slack (MET) :             0.244ns  (arrival time - required time)
  Source:                 fsm_ctrl_inst/FSM_sequential_state_reg[0]/C
                            (rising edge-triggered cell FDCE clocked by sys_clk_pin  {rise@0.000ns fall@5.000ns period=10.000ns})
  Destination:            fsm_ctrl_inst/FSM_sequential_state_reg[1]/D
                            (rising edge-triggered cell FDCE clocked by sys_clk_pin  {rise@0.000ns fall@5.000ns period=10.000ns})
  Path Group:             sys_clk_pin
  Path Type:              Hold (Min at Fast Process Corner)
  Requirement:            0.000ns  (sys_clk_pin rise@0.000ns - sys_clk_pin rise@0.000ns)
  Data Path Delay:        0.351ns  (logic 0.183ns (52.092%)  route 0.168ns (47.908%))
  Logic Levels:           1  (LUT4=1)
  Clock Path Skew:        0.000ns (DCD - SCD - CPR)
    Destination Clock Delay (DCD):    1.927ns
    Source Clock Delay      (SCD):    1.569ns
    Clock Pessimism Removal (CPR):    0.358ns

    Location             Delay type                Incr(ns)  Path(ns)    Netlist Resource(s)
  -------------------------------------------------------------------    -------------------
                         (clock sys_clk_pin rise edge)
                                                      0.000     0.000 r  
    R2                                                0.000     0.000 r  clk (IN)
                         net (fo=0)                   0.000     0.000    clk
    R2                   IBUF (Prop_ibuf_I_O)         0.320     0.320 r  clk_IBUF_inst/O
                         net (fo=1, routed)           0.631     0.951    clk_IBUF
    BUFGCTRL_X0Y0        BUFG (Prop_bufg_I_O)         0.026     0.977 r  clk_IBUF_BUFG_inst/O
                         net (fo=52, routed)          0.593     1.569    fsm_ctrl_inst/clk_IBUF_BUFG
    SLICE_X1Y11          FDCE                                         r  fsm_ctrl_inst/FSM_sequential_state_reg[0]/C
  -------------------------------------------------------------------    -------------------
    SLICE_X1Y11          FDCE (Prop_fdce_C_Q)         0.141     1.710 r  fsm_ctrl_inst/FSM_sequential_state_reg[0]/Q
                         net (fo=8, routed)           0.168     1.879    fsm_ctrl_inst/state[0]
    SLICE_X1Y11          LUT4 (Prop_lut4_I1_O)        0.042     1.921 r  fsm_ctrl_inst/FSM_sequential_state[1]_i_1/O
                         net (fo=1, routed)           0.000     1.921    fsm_ctrl_inst/state__0[1]
    SLICE_X1Y11          FDCE                                         r  fsm_ctrl_inst/FSM_sequential_state_reg[1]/D
  -------------------------------------------------------------------    -------------------

                         (clock sys_clk_pin rise edge)
                                                      0.000     0.000 r  
    R2                                                0.000     0.000 r  clk (IN)
                         net (fo=0)                   0.000     0.000    clk
    R2                   IBUF (Prop_ibuf_I_O)         0.350     0.350 r  clk_IBUF_inst/O
                         net (fo=1, routed)           0.685     1.035    clk_IBUF
    BUFGCTRL_X0Y0        BUFG (Prop_bufg_I_O)         0.029     1.064 r  clk_IBUF_BUFG_inst/O
                         net (fo=52, routed)          0.864     1.927    fsm_ctrl_inst/clk_IBUF_BUFG
    SLICE_X1Y11          FDCE                                         r  fsm_ctrl_inst/FSM_sequential_state_reg[1]/C
                         clock pessimism             -0.358     1.569    
    SLICE_X1Y11          FDCE (Hold_fdce_C_D)         0.107     1.676    fsm_ctrl_inst/FSM_sequential_state_reg[1]
  -------------------------------------------------------------------
                         required time                         -1.676    
                         arrival time                           1.921    
  -------------------------------------------------------------------
                         slack                                  0.244    

Slack (MET) :             0.263ns  (arrival time - required time)
  Source:                 fsm_ctrl_inst/FSM_sequential_state_reg[0]/C
                            (rising edge-triggered cell FDCE clocked by sys_clk_pin  {rise@0.000ns fall@5.000ns period=10.000ns})
  Destination:            fsm_ctrl_inst/FSM_sequential_state_reg[0]/D
                            (rising edge-triggered cell FDCE clocked by sys_clk_pin  {rise@0.000ns fall@5.000ns period=10.000ns})
  Path Group:             sys_clk_pin
  Path Type:              Hold (Min at Fast Process Corner)
  Requirement:            0.000ns  (sys_clk_pin rise@0.000ns - sys_clk_pin rise@0.000ns)
  Data Path Delay:        0.354ns  (logic 0.186ns (52.498%)  route 0.168ns (47.502%))
  Logic Levels:           1  (LUT4=1)
  Clock Path Skew:        0.000ns (DCD - SCD - CPR)
    Destination Clock Delay (DCD):    1.927ns
    Source Clock Delay      (SCD):    1.569ns
    Clock Pessimism Removal (CPR):    0.358ns

    Location             Delay type                Incr(ns)  Path(ns)    Netlist Resource(s)
  -------------------------------------------------------------------    -------------------
                         (clock sys_clk_pin rise edge)
                                                      0.000     0.000 r  
    R2                                                0.000     0.000 r  clk (IN)
                         net (fo=0)                   0.000     0.000    clk
    R2                   IBUF (Prop_ibuf_I_O)         0.320     0.320 r  clk_IBUF_inst/O
                         net (fo=1, routed)           0.631     0.951    clk_IBUF
    BUFGCTRL_X0Y0        BUFG (Prop_bufg_I_O)         0.026     0.977 r  clk_IBUF_BUFG_inst/O
                         net (fo=52, routed)          0.593     1.569    fsm_ctrl_inst/clk_IBUF_BUFG
    SLICE_X1Y11          FDCE                                         r  fsm_ctrl_inst/FSM_sequential_state_reg[0]/C
  -------------------------------------------------------------------    -------------------
    SLICE_X1Y11          FDCE (Prop_fdce_C_Q)         0.141     1.710 r  fsm_ctrl_inst/FSM_sequential_state_reg[0]/Q
                         net (fo=8, routed)           0.168     1.879    fsm_ctrl_inst/state[0]
    SLICE_X1Y11          LUT4 (Prop_lut4_I2_O)        0.045     1.924 r  fsm_ctrl_inst/FSM_sequential_state[0]_i_1/O
                         net (fo=1, routed)           0.000     1.924    fsm_ctrl_inst/state__0[0]
    SLICE_X1Y11          FDCE                                         r  fsm_ctrl_inst/FSM_sequential_state_reg[0]/D
  -------------------------------------------------------------------    -------------------

                         (clock sys_clk_pin rise edge)
                                                      0.000     0.000 r  
    R2                                                0.000     0.000 r  clk (IN)
                         net (fo=0)                   0.000     0.000    clk
    R2                   IBUF (Prop_ibuf_I_O)         0.350     0.350 r  clk_IBUF_inst/O
                         net (fo=1, routed)           0.685     1.035    clk_IBUF
    BUFGCTRL_X0Y0        BUFG (Prop_bufg_I_O)         0.029     1.064 r  clk_IBUF_BUFG_inst/O
                         net (fo=52, routed)          0.864     1.927    fsm_ctrl_inst/clk_IBUF_BUFG
    SLICE_X1Y11          FDCE                                         r  fsm_ctrl_inst/FSM_sequential_state_reg[0]/C
                         clock pessimism             -0.358     1.569    
    SLICE_X1Y11          FDCE (Hold_fdce_C_D)         0.091     1.660    fsm_ctrl_inst/FSM_sequential_state_reg[0]
  -------------------------------------------------------------------
                         required time                         -1.660    
                         arrival time                           1.924    
  -------------------------------------------------------------------
                         slack                                  0.263    

Slack (MET) :             0.263ns  (arrival time - required time)
  Source:                 clk_div_inst/clk_1hz_reg/C
                            (rising edge-triggered cell FDCE clocked by sys_clk_pin  {rise@0.000ns fall@5.000ns period=10.000ns})
  Destination:            clk_div_inst/clk_1hz_reg/D
                            (rising edge-triggered cell FDCE clocked by sys_clk_pin  {rise@0.000ns fall@5.000ns period=10.000ns})
  Path Group:             sys_clk_pin
  Path Type:              Hold (Min at Fast Process Corner)
  Requirement:            0.000ns  (sys_clk_pin rise@0.000ns - sys_clk_pin rise@0.000ns)
  Data Path Delay:        0.354ns  (logic 0.186ns (52.498%)  route 0.168ns (47.502%))
  Logic Levels:           1  (LUT6=1)
  Clock Path Skew:        0.000ns (DCD - SCD - CPR)
    Destination Clock Delay (DCD):    1.929ns
    Source Clock Delay      (SCD):    1.571ns
    Clock Pessimism Removal (CPR):    0.358ns

    Location             Delay type                Incr(ns)  Path(ns)    Netlist Resource(s)
  -------------------------------------------------------------------    -------------------
                         (clock sys_clk_pin rise edge)
                                                      0.000     0.000 r  
    R2                                                0.000     0.000 r  clk (IN)
                         net (fo=0)                   0.000     0.000    clk
    R2                   IBUF (Prop_ibuf_I_O)         0.320     0.320 r  clk_IBUF_inst/O
                         net (fo=1, routed)           0.631     0.951    clk_IBUF
    BUFGCTRL_X0Y0        BUFG (Prop_bufg_I_O)         0.026     0.977 r  clk_IBUF_BUFG_inst/O
                         net (fo=52, routed)          0.595     1.571    clk_div_inst/clk_IBUF_BUFG
    SLICE_X3Y6           FDCE                                         r  clk_div_inst/clk_1hz_reg/C
  -------------------------------------------------------------------    -------------------
    SLICE_X3Y6           FDCE (Prop_fdce_C_Q)         0.141     1.712 r  clk_div_inst/clk_1hz_reg/Q
                         net (fo=5, routed)           0.168     1.881    clk_div_inst/clk_1hz_reg_0
    SLICE_X3Y6           LUT6 (Prop_lut6_I5_O)        0.045     1.926 r  clk_div_inst/clk_1hz_i_1/O
                         net (fo=1, routed)           0.000     1.926    clk_div_inst/clk_1hz_i_1_n_0
    SLICE_X3Y6           FDCE                                         r  clk_div_inst/clk_1hz_reg/D
  -------------------------------------------------------------------    -------------------

                         (clock sys_clk_pin rise edge)
                                                      0.000     0.000 r  
    R2                                                0.000     0.000 r  clk (IN)
                         net (fo=0)                   0.000     0.000    clk
    R2                   IBUF (Prop_ibuf_I_O)         0.350     0.350 r  clk_IBUF_inst/O
                         net (fo=1, routed)           0.685     1.035    clk_IBUF
    BUFGCTRL_X0Y0        BUFG (Prop_bufg_I_O)         0.029     1.064 r  clk_IBUF_BUFG_inst/O
                         net (fo=52, routed)          0.866     1.929    clk_div_inst/clk_IBUF_BUFG
    SLICE_X3Y6           FDCE                                         r  clk_div_inst/clk_1hz_reg/C
                         clock pessimism             -0.358     1.571    
    SLICE_X3Y6           FDCE (Hold_fdce_C_D)         0.091     1.662    clk_div_inst/clk_1hz_reg
  -------------------------------------------------------------------
                         required time                         -1.662    
                         arrival time                           1.926    
  -------------------------------------------------------------------
                         slack                                  0.263    

Slack (MET) :             0.268ns  (arrival time - required time)
  Source:                 clk_div_inst/counter_50hz_reg[16]/C
                            (rising edge-triggered cell FDCE clocked by sys_clk_pin  {rise@0.000ns fall@5.000ns period=10.000ns})
  Destination:            clk_div_inst/counter_50hz_reg[15]/D
                            (rising edge-triggered cell FDCE clocked by sys_clk_pin  {rise@0.000ns fall@5.000ns period=10.000ns})
  Path Group:             sys_clk_pin
  Path Type:              Hold (Min at Fast Process Corner)
  Requirement:            0.000ns  (sys_clk_pin rise@0.000ns - sys_clk_pin rise@0.000ns)
  Data Path Delay:        0.390ns  (logic 0.249ns (63.791%)  route 0.141ns (36.209%))
  Logic Levels:           2  (CARRY4=1 LUT5=1)
  Clock Path Skew:        0.017ns (DCD - SCD - CPR)
    Destination Clock Delay (DCD):    1.927ns
    Source Clock Delay      (SCD):    1.568ns
    Clock Pessimism Removal (CPR):    0.342ns

    Location             Delay type                Incr(ns)  Path(ns)    Netlist Resource(s)
  -------------------------------------------------------------------    -------------------
                         (clock sys_clk_pin rise edge)
                                                      0.000     0.000 r  
    R2                                                0.000     0.000 r  clk (IN)
                         net (fo=0)                   0.000     0.000    clk
    R2                   IBUF (Prop_ibuf_I_O)         0.320     0.320 r  clk_IBUF_inst/O
                         net (fo=1, routed)           0.631     0.951    clk_IBUF
    BUFGCTRL_X0Y0        BUFG (Prop_bufg_I_O)         0.026     0.977 r  clk_IBUF_BUFG_inst/O
                         net (fo=52, routed)          0.592     1.568    clk_div_inst/clk_IBUF_BUFG
    SLICE_X4Y7           FDCE                                         r  clk_div_inst/counter_50hz_reg[16]/C
  -------------------------------------------------------------------    -------------------
    SLICE_X4Y7           FDCE (Prop_fdce_C_Q)         0.141     1.709 f  clk_div_inst/counter_50hz_reg[16]/Q
                         net (fo=3, routed)           0.141     1.851    clk_div_inst/counter_50hz_reg[16]
    SLICE_X4Y6           LUT5 (Prop_lut5_I1_O)        0.045     1.896 r  clk_div_inst/counter_50hz[12]_i_2/O
                         net (fo=1, routed)           0.000     1.896    clk_div_inst/counter_50hz[12]_i_2_n_0
    SLICE_X4Y6           CARRY4 (Prop_carry4_S[3]_O[3])
                                                      0.063     1.959 r  clk_div_inst/counter_50hz_reg[12]_i_1/O[3]
                         net (fo=1, routed)           0.000     1.959    clk_div_inst/counter_50hz_reg[12]_i_1_n_4
    SLICE_X4Y6           FDCE                                         r  clk_div_inst/counter_50hz_reg[15]/D
  -------------------------------------------------------------------    -------------------

                         (clock sys_clk_pin rise edge)
                                                      0.000     0.000 r  
    R2                                                0.000     0.000 r  clk (IN)
                         net (fo=0)                   0.000     0.000    clk
    R2                   IBUF (Prop_ibuf_I_O)         0.350     0.350 r  clk_IBUF_inst/O
                         net (fo=1, routed)           0.685     1.035    clk_IBUF
    BUFGCTRL_X0Y0        BUFG (Prop_bufg_I_O)         0.029     1.064 r  clk_IBUF_BUFG_inst/O
                         net (fo=52, routed)          0.864     1.927    clk_div_inst/clk_IBUF_BUFG
    SLICE_X4Y6           FDCE                                         r  clk_div_inst/counter_50hz_reg[15]/C
                         clock pessimism             -0.342     1.585    
    SLICE_X4Y6           FDCE (Hold_fdce_C_D)         0.105     1.690    clk_div_inst/counter_50hz_reg[15]
  -------------------------------------------------------------------
                         required time                         -1.690    
                         arrival time                           1.959    
  -------------------------------------------------------------------
                         slack                                  0.268    

Slack (MET) :             0.287ns  (arrival time - required time)
  Source:                 clk_div_inst/counter_1hz_reg[23]/C
                            (rising edge-triggered cell FDCE clocked by sys_clk_pin  {rise@0.000ns fall@5.000ns period=10.000ns})
  Destination:            clk_div_inst/counter_1hz_reg[23]/D
                            (rising edge-triggered cell FDCE clocked by sys_clk_pin  {rise@0.000ns fall@5.000ns period=10.000ns})
  Path Group:             sys_clk_pin
  Path Type:              Hold (Min at Fast Process Corner)
  Requirement:            0.000ns  (sys_clk_pin rise@0.000ns - sys_clk_pin rise@0.000ns)
  Data Path Delay:        0.421ns  (logic 0.273ns (64.814%)  route 0.148ns (35.186%))
  Logic Levels:           2  (CARRY4=1 LUT6=1)
  Clock Path Skew:        0.000ns (DCD - SCD - CPR)
    Destination Clock Delay (DCD):    1.928ns
    Source Clock Delay      (SCD):    1.570ns
    Clock Pessimism Removal (CPR):    0.358ns

    Location             Delay type                Incr(ns)  Path(ns)    Netlist Resource(s)
  -------------------------------------------------------------------    -------------------
                         (clock sys_clk_pin rise edge)
                                                      0.000     0.000 r  
    R2                                                0.000     0.000 r  clk (IN)
                         net (fo=0)                   0.000     0.000    clk
    R2                   IBUF (Prop_ibuf_I_O)         0.320     0.320 r  clk_IBUF_inst/O
                         net (fo=1, routed)           0.631     0.951    clk_IBUF
    BUFGCTRL_X0Y0        BUFG (Prop_bufg_I_O)         0.026     0.977 r  clk_IBUF_BUFG_inst/O
                         net (fo=52, routed)          0.594     1.570    clk_div_inst/clk_IBUF_BUFG
    SLICE_X2Y7           FDCE                                         r  clk_div_inst/counter_1hz_reg[23]/C
  -------------------------------------------------------------------    -------------------
    SLICE_X2Y7           FDCE (Prop_fdce_C_Q)         0.164     1.734 r  clk_div_inst/counter_1hz_reg[23]/Q
                         net (fo=2, routed)           0.148     1.882    clk_div_inst/counter_1hz_reg[23]
    SLICE_X2Y7           LUT6 (Prop_lut6_I0_O)        0.045     1.927 r  clk_div_inst/counter_1hz[20]_i_2/O
                         net (fo=1, routed)           0.000     1.927    clk_div_inst/counter_1hz[20]_i_2_n_0
    SLICE_X2Y7           CARRY4 (Prop_carry4_S[3]_O[3])
                                                      0.064     1.991 r  clk_div_inst/counter_1hz_reg[20]_i_1/O[3]
                         net (fo=1, routed)           0.000     1.991    clk_div_inst/counter_1hz_reg[20]_i_1_n_4
    SLICE_X2Y7           FDCE                                         r  clk_div_inst/counter_1hz_reg[23]/D
  -------------------------------------------------------------------    -------------------

                         (clock sys_clk_pin rise edge)
                                                      0.000     0.000 r  
    R2                                                0.000     0.000 r  clk (IN)
                         net (fo=0)                   0.000     0.000    clk
    R2                   IBUF (Prop_ibuf_I_O)         0.350     0.350 r  clk_IBUF_inst/O
                         net (fo=1, routed)           0.685     1.035    clk_IBUF
    BUFGCTRL_X0Y0        BUFG (Prop_bufg_I_O)         0.029     1.064 r  clk_IBUF_BUFG_inst/O
                         net (fo=52, routed)          0.865     1.928    clk_div_inst/clk_IBUF_BUFG
    SLICE_X2Y7           FDCE                                         r  clk_div_inst/counter_1hz_reg[23]/C
                         clock pessimism             -0.358     1.570    
    SLICE_X2Y7           FDCE (Hold_fdce_C_D)         0.134     1.704    clk_div_inst/counter_1hz_reg[23]
  -------------------------------------------------------------------
                         required time                         -1.704    
                         arrival time                           1.991    
  -------------------------------------------------------------------
                         slack                                  0.287    

Slack (MET) :             0.287ns  (arrival time - required time)
  Source:                 clk_div_inst/counter_1hz_reg[11]/C
                            (rising edge-triggered cell FDCE clocked by sys_clk_pin  {rise@0.000ns fall@5.000ns period=10.000ns})
  Destination:            clk_div_inst/counter_1hz_reg[11]/D
                            (rising edge-triggered cell FDCE clocked by sys_clk_pin  {rise@0.000ns fall@5.000ns period=10.000ns})
  Path Group:             sys_clk_pin
  Path Type:              Hold (Min at Fast Process Corner)
  Requirement:            0.000ns  (sys_clk_pin rise@0.000ns - sys_clk_pin rise@0.000ns)
  Data Path Delay:        0.421ns  (logic 0.273ns (64.814%)  route 0.148ns (35.186%))
  Logic Levels:           2  (CARRY4=1 LUT6=1)
  Clock Path Skew:        0.000ns (DCD - SCD - CPR)
    Destination Clock Delay (DCD):    1.929ns
    Source Clock Delay      (SCD):    1.571ns
    Clock Pessimism Removal (CPR):    0.358ns

    Location             Delay type                Incr(ns)  Path(ns)    Netlist Resource(s)
  -------------------------------------------------------------------    -------------------
                         (clock sys_clk_pin rise edge)
                                                      0.000     0.000 r  
    R2                                                0.000     0.000 r  clk (IN)
                         net (fo=0)                   0.000     0.000    clk
    R2                   IBUF (Prop_ibuf_I_O)         0.320     0.320 r  clk_IBUF_inst/O
                         net (fo=1, routed)           0.631     0.951    clk_IBUF
    BUFGCTRL_X0Y0        BUFG (Prop_bufg_I_O)         0.026     0.977 r  clk_IBUF_BUFG_inst/O
                         net (fo=52, routed)          0.595     1.571    clk_div_inst/clk_IBUF_BUFG
    SLICE_X2Y4           FDCE                                         r  clk_div_inst/counter_1hz_reg[11]/C
  -------------------------------------------------------------------    -------------------
    SLICE_X2Y4           FDCE (Prop_fdce_C_Q)         0.164     1.735 r  clk_div_inst/counter_1hz_reg[11]/Q
                         net (fo=2, routed)           0.148     1.883    clk_div_inst/counter_1hz_reg[11]
    SLICE_X2Y4           LUT6 (Prop_lut6_I0_O)        0.045     1.928 r  clk_div_inst/counter_1hz[8]_i_2/O
                         net (fo=1, routed)           0.000     1.928    clk_div_inst/counter_1hz[8]_i_2_n_0
    SLICE_X2Y4           CARRY4 (Prop_carry4_S[3]_O[3])
                                                      0.064     1.992 r  clk_div_inst/counter_1hz_reg[8]_i_1/O[3]
                         net (fo=1, routed)           0.000     1.992    clk_div_inst/counter_1hz_reg[8]_i_1_n_4
    SLICE_X2Y4           FDCE                                         r  clk_div_inst/counter_1hz_reg[11]/D
  -------------------------------------------------------------------    -------------------

                         (clock sys_clk_pin rise edge)
                                                      0.000     0.000 r  
    R2                                                0.000     0.000 r  clk (IN)
                         net (fo=0)                   0.000     0.000    clk
    R2                   IBUF (Prop_ibuf_I_O)         0.350     0.350 r  clk_IBUF_inst/O
                         net (fo=1, routed)           0.685     1.035    clk_IBUF
    BUFGCTRL_X0Y0        BUFG (Prop_bufg_I_O)         0.029     1.064 r  clk_IBUF_BUFG_inst/O
                         net (fo=52, routed)          0.866     1.929    clk_div_inst/clk_IBUF_BUFG
    SLICE_X2Y4           FDCE                                         r  clk_div_inst/counter_1hz_reg[11]/C
                         clock pessimism             -0.358     1.571    
    SLICE_X2Y4           FDCE (Hold_fdce_C_D)         0.134     1.705    clk_div_inst/counter_1hz_reg[11]
  -------------------------------------------------------------------
                         required time                         -1.705    
                         arrival time                           1.992    
  -------------------------------------------------------------------
                         slack                                  0.287    

Slack (MET) :             0.287ns  (arrival time - required time)
  Source:                 clk_div_inst/counter_1hz_reg[15]/C
                            (rising edge-triggered cell FDCE clocked by sys_clk_pin  {rise@0.000ns fall@5.000ns period=10.000ns})
  Destination:            clk_div_inst/counter_1hz_reg[15]/D
                            (rising edge-triggered cell FDCE clocked by sys_clk_pin  {rise@0.000ns fall@5.000ns period=10.000ns})
  Path Group:             sys_clk_pin
  Path Type:              Hold (Min at Fast Process Corner)
  Requirement:            0.000ns  (sys_clk_pin rise@0.000ns - sys_clk_pin rise@0.000ns)
  Data Path Delay:        0.421ns  (logic 0.273ns (64.814%)  route 0.148ns (35.186%))
  Logic Levels:           2  (CARRY4=1 LUT6=1)
  Clock Path Skew:        0.000ns (DCD - SCD - CPR)
    Destination Clock Delay (DCD):    1.929ns
    Source Clock Delay      (SCD):    1.571ns
    Clock Pessimism Removal (CPR):    0.358ns

    Location             Delay type                Incr(ns)  Path(ns)    Netlist Resource(s)
  -------------------------------------------------------------------    -------------------
                         (clock sys_clk_pin rise edge)
                                                      0.000     0.000 r  
    R2                                                0.000     0.000 r  clk (IN)
                         net (fo=0)                   0.000     0.000    clk
    R2                   IBUF (Prop_ibuf_I_O)         0.320     0.320 r  clk_IBUF_inst/O
                         net (fo=1, routed)           0.631     0.951    clk_IBUF
    BUFGCTRL_X0Y0        BUFG (Prop_bufg_I_O)         0.026     0.977 r  clk_IBUF_BUFG_inst/O
                         net (fo=52, routed)          0.595     1.571    clk_div_inst/clk_IBUF_BUFG
    SLICE_X2Y5           FDCE                                         r  clk_div_inst/counter_1hz_reg[15]/C
  -------------------------------------------------------------------    -------------------
    SLICE_X2Y5           FDCE (Prop_fdce_C_Q)         0.164     1.735 r  clk_div_inst/counter_1hz_reg[15]/Q
                         net (fo=2, routed)           0.148     1.883    clk_div_inst/counter_1hz_reg[15]
    SLICE_X2Y5           LUT6 (Prop_lut6_I0_O)        0.045     1.928 r  clk_div_inst/counter_1hz[12]_i_2/O
                         net (fo=1, routed)           0.000     1.928    clk_div_inst/counter_1hz[12]_i_2_n_0
    SLICE_X2Y5           CARRY4 (Prop_carry4_S[3]_O[3])
                                                      0.064     1.992 r  clk_div_inst/counter_1hz_reg[12]_i_1/O[3]
                         net (fo=1, routed)           0.000     1.992    clk_div_inst/counter_1hz_reg[12]_i_1_n_4
    SLICE_X2Y5           FDCE                                         r  clk_div_inst/counter_1hz_reg[15]/D
  -------------------------------------------------------------------    -------------------

                         (clock sys_clk_pin rise edge)
                                                      0.000     0.000 r  
    R2                                                0.000     0.000 r  clk (IN)
                         net (fo=0)                   0.000     0.000    clk
    R2                   IBUF (Prop_ibuf_I_O)         0.350     0.350 r  clk_IBUF_inst/O
                         net (fo=1, routed)           0.685     1.035    clk_IBUF
    BUFGCTRL_X0Y0        BUFG (Prop_bufg_I_O)         0.029     1.064 r  clk_IBUF_BUFG_inst/O
                         net (fo=52, routed)          0.866     1.929    clk_div_inst/clk_IBUF_BUFG
    SLICE_X2Y5           FDCE                                         r  clk_div_inst/counter_1hz_reg[15]/C
                         clock pessimism             -0.358     1.571    
    SLICE_X2Y5           FDCE (Hold_fdce_C_D)         0.134     1.705    clk_div_inst/counter_1hz_reg[15]
  -------------------------------------------------------------------
                         required time                         -1.705    
                         arrival time                           1.992    
  -------------------------------------------------------------------
                         slack                                  0.287    

Slack (MET) :             0.287ns  (arrival time - required time)
  Source:                 clk_div_inst/counter_1hz_reg[3]/C
                            (rising edge-triggered cell FDCE clocked by sys_clk_pin  {rise@0.000ns fall@5.000ns period=10.000ns})
  Destination:            clk_div_inst/counter_1hz_reg[3]/D
                            (rising edge-triggered cell FDCE clocked by sys_clk_pin  {rise@0.000ns fall@5.000ns period=10.000ns})
  Path Group:             sys_clk_pin
  Path Type:              Hold (Min at Fast Process Corner)
  Requirement:            0.000ns  (sys_clk_pin rise@0.000ns - sys_clk_pin rise@0.000ns)
  Data Path Delay:        0.421ns  (logic 0.273ns (64.814%)  route 0.148ns (35.186%))
  Logic Levels:           2  (CARRY4=1 LUT6=1)
  Clock Path Skew:        0.000ns (DCD - SCD - CPR)
    Destination Clock Delay (DCD):    1.930ns
    Source Clock Delay      (SCD):    1.572ns
    Clock Pessimism Removal (CPR):    0.358ns

    Location             Delay type                Incr(ns)  Path(ns)    Netlist Resource(s)
  -------------------------------------------------------------------    -------------------
                         (clock sys_clk_pin rise edge)
                                                      0.000     0.000 r  
    R2                                                0.000     0.000 r  clk (IN)
                         net (fo=0)                   0.000     0.000    clk
    R2                   IBUF (Prop_ibuf_I_O)         0.320     0.320 r  clk_IBUF_inst/O
                         net (fo=1, routed)           0.631     0.951    clk_IBUF
    BUFGCTRL_X0Y0        BUFG (Prop_bufg_I_O)         0.026     0.977 r  clk_IBUF_BUFG_inst/O
                         net (fo=52, routed)          0.596     1.572    clk_div_inst/clk_IBUF_BUFG
    SLICE_X2Y2           FDCE                                         r  clk_div_inst/counter_1hz_reg[3]/C
  -------------------------------------------------------------------    -------------------
    SLICE_X2Y2           FDCE (Prop_fdce_C_Q)         0.164     1.736 r  clk_div_inst/counter_1hz_reg[3]/Q
                         net (fo=2, routed)           0.148     1.884    clk_div_inst/counter_1hz_reg[3]
    SLICE_X2Y2           LUT6 (Prop_lut6_I0_O)        0.045     1.929 r  clk_div_inst/counter_1hz[0]_i_3/O
                         net (fo=1, routed)           0.000     1.929    clk_div_inst/counter_1hz[0]_i_3_n_0
    SLICE_X2Y2           CARRY4 (Prop_carry4_S[3]_O[3])
                                                      0.064     1.993 r  clk_div_inst/counter_1hz_reg[0]_i_1/O[3]
                         net (fo=1, routed)           0.000     1.993    clk_div_inst/counter_1hz_reg[0]_i_1_n_4
    SLICE_X2Y2           FDCE                                         r  clk_div_inst/counter_1hz_reg[3]/D
  -------------------------------------------------------------------    -------------------

                         (clock sys_clk_pin rise edge)
                                                      0.000     0.000 r  
    R2                                                0.000     0.000 r  clk (IN)
                         net (fo=0)                   0.000     0.000    clk
    R2                   IBUF (Prop_ibuf_I_O)         0.350     0.350 r  clk_IBUF_inst/O
                         net (fo=1, routed)           0.685     1.035    clk_IBUF
    BUFGCTRL_X0Y0        BUFG (Prop_bufg_I_O)         0.029     1.064 r  clk_IBUF_BUFG_inst/O
                         net (fo=52, routed)          0.867     1.930    clk_div_inst/clk_IBUF_BUFG
    SLICE_X2Y2           FDCE                                         r  clk_div_inst/counter_1hz_reg[3]/C
                         clock pessimism             -0.358     1.572    
    SLICE_X2Y2           FDCE (Hold_fdce_C_D)         0.134     1.706    clk_div_inst/counter_1hz_reg[3]
  -------------------------------------------------------------------
                         required time                         -1.706    
                         arrival time                           1.993    
  -------------------------------------------------------------------
                         slack                                  0.287    

Slack (MET) :             0.288ns  (arrival time - required time)
  Source:                 clk_div_inst/counter_1hz_reg[19]/C
                            (rising edge-triggered cell FDCE clocked by sys_clk_pin  {rise@0.000ns fall@5.000ns period=10.000ns})
  Destination:            clk_div_inst/counter_1hz_reg[19]/D
                            (rising edge-triggered cell FDCE clocked by sys_clk_pin  {rise@0.000ns fall@5.000ns period=10.000ns})
  Path Group:             sys_clk_pin
  Path Type:              Hold (Min at Fast Process Corner)
  Requirement:            0.000ns  (sys_clk_pin rise@0.000ns - sys_clk_pin rise@0.000ns)
  Data Path Delay:        0.422ns  (logic 0.273ns (64.655%)  route 0.149ns (35.345%))
  Logic Levels:           2  (CARRY4=1 LUT6=1)
  Clock Path Skew:        0.000ns (DCD - SCD - CPR)
    Destination Clock Delay (DCD):    1.929ns
    Source Clock Delay      (SCD):    1.571ns
    Clock Pessimism Removal (CPR):    0.358ns

    Location             Delay type                Incr(ns)  Path(ns)    Netlist Resource(s)
  -------------------------------------------------------------------    -------------------
                         (clock sys_clk_pin rise edge)
                                                      0.000     0.000 r  
    R2                                                0.000     0.000 r  clk (IN)
                         net (fo=0)                   0.000     0.000    clk
    R2                   IBUF (Prop_ibuf_I_O)         0.320     0.320 r  clk_IBUF_inst/O
                         net (fo=1, routed)           0.631     0.951    clk_IBUF
    BUFGCTRL_X0Y0        BUFG (Prop_bufg_I_O)         0.026     0.977 r  clk_IBUF_BUFG_inst/O
                         net (fo=52, routed)          0.595     1.571    clk_div_inst/clk_IBUF_BUFG
    SLICE_X2Y6           FDCE                                         r  clk_div_inst/counter_1hz_reg[19]/C
  -------------------------------------------------------------------    -------------------
    SLICE_X2Y6           FDCE (Prop_fdce_C_Q)         0.164     1.735 r  clk_div_inst/counter_1hz_reg[19]/Q
                         net (fo=2, routed)           0.149     1.884    clk_div_inst/counter_1hz_reg[19]
    SLICE_X2Y6           LUT6 (Prop_lut6_I0_O)        0.045     1.929 r  clk_div_inst/counter_1hz[16]_i_2/O
                         net (fo=1, routed)           0.000     1.929    clk_div_inst/counter_1hz[16]_i_2_n_0
    SLICE_X2Y6           CARRY4 (Prop_carry4_S[3]_O[3])
                                                      0.064     1.993 r  clk_div_inst/counter_1hz_reg[16]_i_1/O[3]
                         net (fo=1, routed)           0.000     1.993    clk_div_inst/counter_1hz_reg[16]_i_1_n_4
    SLICE_X2Y6           FDCE                                         r  clk_div_inst/counter_1hz_reg[19]/D
  -------------------------------------------------------------------    -------------------

                         (clock sys_clk_pin rise edge)
                                                      0.000     0.000 r  
    R2                                                0.000     0.000 r  clk (IN)
                         net (fo=0)                   0.000     0.000    clk
    R2                   IBUF (Prop_ibuf_I_O)         0.350     0.350 r  clk_IBUF_inst/O
                         net (fo=1, routed)           0.685     1.035    clk_IBUF
    BUFGCTRL_X0Y0        BUFG (Prop_bufg_I_O)         0.029     1.064 r  clk_IBUF_BUFG_inst/O
                         net (fo=52, routed)          0.866     1.929    clk_div_inst/clk_IBUF_BUFG
    SLICE_X2Y6           FDCE                                         r  clk_div_inst/counter_1hz_reg[19]/C
                         clock pessimism             -0.358     1.571    
    SLICE_X2Y6           FDCE (Hold_fdce_C_D)         0.134     1.705    clk_div_inst/counter_1hz_reg[19]
  -------------------------------------------------------------------
                         required time                         -1.705    
                         arrival time                           1.993    
  -------------------------------------------------------------------
                         slack                                  0.288    





Pulse Width Checks
--------------------------------------------------------------------------------------
Clock Name:         sys_clk_pin
Waveform(ns):       { 0.000 5.000 }
Period(ns):         10.000
Sources:            { clk }

Check Type        Corner  Lib Pin  Reference Pin  Required(ns)  Actual(ns)  Slack(ns)  Location       Pin
Min Period        n/a     BUFG/I   n/a            2.155         10.000      7.845      BUFGCTRL_X0Y0  clk_IBUF_BUFG_inst/I
Min Period        n/a     FDCE/C   n/a            1.000         10.000      9.000      SLICE_X3Y6     clk_div_inst/clk_1hz_reg/C
Min Period        n/a     FDCE/C   n/a            1.000         10.000      9.000      SLICE_X5Y6     clk_div_inst/clk_50hz_reg/C
Min Period        n/a     FDCE/C   n/a            1.000         10.000      9.000      SLICE_X2Y2     clk_div_inst/counter_1hz_reg[0]/C
Min Period        n/a     FDCE/C   n/a            1.000         10.000      9.000      SLICE_X2Y4     clk_div_inst/counter_1hz_reg[10]/C
Min Period        n/a     FDCE/C   n/a            1.000         10.000      9.000      SLICE_X2Y4     clk_div_inst/counter_1hz_reg[11]/C
Min Period        n/a     FDCE/C   n/a            1.000         10.000      9.000      SLICE_X2Y5     clk_div_inst/counter_1hz_reg[12]/C
Min Period        n/a     FDCE/C   n/a            1.000         10.000      9.000      SLICE_X2Y5     clk_div_inst/counter_1hz_reg[13]/C
Min Period        n/a     FDCE/C   n/a            1.000         10.000      9.000      SLICE_X2Y5     clk_div_inst/counter_1hz_reg[14]/C
Min Period        n/a     FDCE/C   n/a            1.000         10.000      9.000      SLICE_X2Y5     clk_div_inst/counter_1hz_reg[15]/C
Low Pulse Width   Slow    FDCE/C   n/a            0.500         5.000       4.500      SLICE_X3Y6     clk_div_inst/clk_1hz_reg/C
Low Pulse Width   Fast    FDCE/C   n/a            0.500         5.000       4.500      SLICE_X3Y6     clk_div_inst/clk_1hz_reg/C
Low Pulse Width   Slow    FDCE/C   n/a            0.500         5.000       4.500      SLICE_X5Y6     clk_div_inst/clk_50hz_reg/C
Low Pulse Width   Fast    FDCE/C   n/a            0.500         5.000       4.500      SLICE_X5Y6     clk_div_inst/clk_50hz_reg/C
Low Pulse Width   Slow    FDCE/C   n/a            0.500         5.000       4.500      SLICE_X2Y2     clk_div_inst/counter_1hz_reg[0]/C
Low Pulse Width   Fast    FDCE/C   n/a            0.500         5.000       4.500      SLICE_X2Y2     clk_div_inst/counter_1hz_reg[0]/C
Low Pulse Width   Slow    FDCE/C   n/a            0.500         5.000       4.500      SLICE_X2Y4     clk_div_inst/counter_1hz_reg[10]/C
Low Pulse Width   Fast    FDCE/C   n/a            0.500         5.000       4.500      SLICE_X2Y4     clk_div_inst/counter_1hz_reg[10]/C
Low Pulse Width   Slow    FDCE/C   n/a            0.500         5.000       4.500      SLICE_X2Y4     clk_div_inst/counter_1hz_reg[11]/C
Low Pulse Width   Fast    FDCE/C   n/a            0.500         5.000       4.500      SLICE_X2Y4     clk_div_inst/counter_1hz_reg[11]/C
High Pulse Width  Slow    FDCE/C   n/a            0.500         5.000       4.500      SLICE_X3Y6     clk_div_inst/clk_1hz_reg/C
High Pulse Width  Fast    FDCE/C   n/a            0.500         5.000       4.500      SLICE_X3Y6     clk_div_inst/clk_1hz_reg/C
High Pulse Width  Slow    FDCE/C   n/a            0.500         5.000       4.500      SLICE_X5Y6     clk_div_inst/clk_50hz_reg/C
High Pulse Width  Fast    FDCE/C   n/a            0.500         5.000       4.500      SLICE_X5Y6     clk_div_inst/clk_50hz_reg/C
High Pulse Width  Slow    FDCE/C   n/a            0.500         5.000       4.500      SLICE_X2Y2     clk_div_inst/counter_1hz_reg[0]/C
High Pulse Width  Fast    FDCE/C   n/a            0.500         5.000       4.500      SLICE_X2Y2     clk_div_inst/counter_1hz_reg[0]/C
High Pulse Width  Slow    FDCE/C   n/a            0.500         5.000       4.500      SLICE_X2Y4     clk_div_inst/counter_1hz_reg[10]/C
High Pulse Width  Fast    FDCE/C   n/a            0.500         5.000       4.500      SLICE_X2Y4     clk_div_inst/counter_1hz_reg[10]/C
High Pulse Width  Slow    FDCE/C   n/a            0.500         5.000       4.500      SLICE_X2Y4     clk_div_inst/counter_1hz_reg[11]/C
High Pulse Width  Fast    FDCE/C   n/a            0.500         5.000       4.500      SLICE_X2Y4     clk_div_inst/counter_1hz_reg[11]/C



